stage,epoch,train_loss,val_accuracy,best_val_accuracy,backbone_lr,head_lr,amp_overflow_batches,elapsed_seconds
1,0,4.671014128560605,0.36066466902751293,0.36066466902751293,3.3333333333333335e-05,0.0003333333333333333,0,84.8017296
1,1,3.3429039835929872,0.6191773358757832,0.6191773358757832,6.666666666666667e-05,0.0006666666666666666,0,66.86857630000002
1,2,2.8318621716645085,0.7374012530645601,0.7374012530645601,0.0001,0.001,1,66.9012238
1,3,2.496520066779593,0.8144919640424952,0.8144919640424952,0.0001,0.001,0,66.82861880000002
1,4,2.33643267310184,0.8283846363388723,0.8283846363388723,9.998972383511386e-05,0.0009998869621862525,0,66.7653128
1,5,2.1294775162054145,0.8591664396622174,0.8591664396622174,9.995890003376942e-05,0.0009995479003714637,0,66.88237090000001
1,6,2.104852543188178,0.901116861890493,0.901116861890493,9.990754267376513e-05,0.0009989829694114166,0,66.8600548
1,7,2.0455777582914934,0.8883138109506946,0.901116861890493,9.98356752109543e-05,0.0009981924273204975,0,66.609215
1,8,1.9935903300409732,0.9155543448651594,0.9155543448651594,9.97433304685324e-05,0.0009971766351538568,0,66.99461369999995
1,9,1.9209693302278934,0.9079269953691093,0.9155543448651594,9.963055062204607e-05,0.000995936056842507,0,66.77218919999996
1,10,1.965231688644575,0.9245437210569327,0.9245437210569327,9.949738718013077e-05,0.0009944712589814388,0,66.98476219999998
1,11,1.779057129310525,0.9261781530918006,0.9261781530918006,9.93439009609859e-05,0.000992782910570845,0,66.95992890000002
1,12,1.8125866581564365,0.9368019613184418,0.9368019613184418,9.917016206459792e-05,0.0009908717827105775,0,66.94210729999998
1,13,1.761796229041141,0.938981204031599,0.938981204031599,9.897624984072445e-05,0.0009887387482479693,0,66.78111349999995
1,14,1.7387188038100367,0.9348951239444293,0.938981204031599,9.876225285265377e-05,0.0009863847813791917,0,66.65086600000006
1,15,1.612124507582706,0.9441569054753474,0.9441569054753474,9.85282688367563e-05,0.0009838109572043194,0,66.73148249999986
1,16,1.7135416124178016,0.9411604467447562,0.9441569054753474,9.827440465784661e-05,0.0009810184512363126,0,66.78242300000011
1,17,1.6722860074561574,0.9449741214927813,0.9449741214927813,9.80007762603763e-05,0.0009780085388641391,0,66.80096780000008
1,18,1.6151193359623786,0.9466085535276492,0.9466085535276492,9.770750861548006e-05,0.0009747825947702805,0,66.87461140000005
1,19,1.6141510541024415,0.9452465268319259,0.9466085535276492,9.739473566389898e-05,0.0009713420923028886,0,66.53300560000002
1,20,1.5496765118578206,0.9509670389539635,0.9509670389539635,9.706260025480737e-05,0.0009676886028028809,0,66.85337099999992
1,21,1.576011621174605,0.9457913375102152,0.9509670389539635,9.671125408057094e-05,0.0009638237948862803,0,66.52696809999998
1,22,1.5716282300327136,0.952873876327976,0.952873876327976,9.634085760746608e-05,0.000959749433682127,0,66.79072210000004
1,23,1.579503811960635,0.9558703350585671,0.9558703350585671,9.595158000239196e-05,0.0009554673800263115,0,66.90428729999985
1,24,1.5686382850875025,0.9594116044674476,0.9594116044674476,9.554359905560882e-05,0.0009509795896116969,0,66.86055590000001
1,25,1.5861894338027291,0.9547807137019886,0.9594116044674476,9.511710109953799e-05,0.0009462881120949178,0,66.57704250000006
1,26,1.5293771365414495,0.954508308362844,0.9594116044674476,9.467228092366037e-05,0.0009413950901602638,0,66.61491480000018
1,27,1.5363479531329611,0.9662217379460637,0.9662217379460637,9.420934168555248e-05,0.0009363027585410771,0,66.85174789999996
1,28,1.5852591947368952,0.9542359030236993,0.9662217379460637,9.372849481810069e-05,0.0009310134429991074,0,66.65871459999994
1,29,1.4700700653635936,0.962135657858894,0.9662217379460637,9.322995993293589e-05,0.0009255295592622946,0,66.71600080000007
1,30,1.4140764182028562,0.9602288204848815,0.9662217379460637,9.271396472013279e-05,0.0009198536119214605,0,66.67886220000014
1,31,1.4601685329623844,0.962135657858894,0.9662217379460637,9.218074484421972e-05,0.0009139881932864168,0,66.75468030000002
1,32,1.4387668853220732,0.9618632525197494,0.9662217379460637,9.163054383654627e-05,0.0009079359822020089,0,66.6176104000001
1,33,1.4604656851809958,0.9637700898937619,0.9662217379460637,9.106361298405801e-05,0.000901699742824638,0,66.78409710000005
1,34,1.4096183906430784,0.9605012258240262,0.9662217379460637,9.04802112145291e-05,0.0008952823233598201,0,66.69453959999964
1,35,1.4046211860750033,0.9634976845546173,0.9662217379460637,8.988060497830529e-05,0.0008886866547613582,0,66.83011669999996
1,36,1.369418053523354,0.9585943884500137,0.9662217379460637,8.926506812661101e-05,0.0008819157493927211,0,66.76013620000003
1,37,1.3876067602116129,0.9656769272677744,0.9662217379460637,8.863388178647655e-05,0.000874972699651242,0,66.60037609999972
1,38,1.3608970706877501,0.958321983110869,0.9662217379460637,8.798733423234214e-05,0.0008678606765557635,0,66.7380905
1,39,1.4096244661704354,0.9634976845546173,0.9662217379460637,8.732572075439772e-05,0.0008605829282983747,0,66.72468990000016
1,40,1.4010360284991887,0.967583764641787,0.967583764641787,8.664934352371835e-05,0.0008531427787609017,0,67.03852559999996
1,41,1.3784310171137686,0.9643149005720512,0.967583764641787,8.59585114542573e-05,0.0008455436259968303,0,66.82954100000006
1,42,1.384300281431364,0.9673113593026423,0.967583764641787,8.525354006175922e-05,0.0008377889406793515,0,66.76507700000002
1,43,1.3379261069971582,0.9684009806592209,0.9684009806592209,8.453475131965828e-05,0.0008298822645162412,0,70.21079510000027
1,44,1.3494252449792363,0.9651321165894852,0.9684009806592209,8.380247351202703e-05,0.0008218272086322974,0,90.72717469999998
1,45,1.4008926841227904,0.962952873876328,0.9684009806592209,8.305704108364296e-05,0.0008136274519200727,0,94.18447900000001
1,46,1.3671538438486017,0.9689457913375102,0.9689457913375102,8.229879448724145e-05,0.000805286739359656,0,94.6093894999999
1,47,1.380585232247477,0.9664941432852084,0.9689457913375102,8.152808002802465e-05,0.0007968088803082711,0,94.16032399999995
1,48,1.326007752314858,0.9654045219286298,0.9689457913375102,8.074524970549759e-05,0.0007881977467604735,0,94.0953555000001
1,49,1.2924024498980977,0.9681285753200762,0.9689457913375102,7.99506610527035e-05,0.0007794572715797384,0,87.26959239999996
1,50,1.3522777969422548,0.971397439389812,0.971397439389812,7.914467697293179e-05,0.0007705914467022497,0,94.13522300000022
1,51,1.3810914293579433,0.9686733859983656,0.971397439389812,7.832766557397359e-05,0.0007616043213137096,0,94.08033379999961
1,52,1.2955511500006136,0.9648597112503405,0.971397439389812,7.749999999999996e-05,0.0007524999999999996,0,94.1358866999999
1,53,1.2956764883321263,0.9689457913375102,0.971397439389812,7.666205826114018e-05,0.000743282640872542,0,92.03036979999979
1,54,1.3146066586608471,0.9664941432852084,0.971397439389812,7.581422306083754e-05,0.000733956453669213,0,91.61242799999991
1,55,1.3205970603486765,0.9651321165894852,0.971397439389812,7.495688162106156e-05,0.0007245256978316772,0,91.78261969999994
1,56,1.3073390536982081,0.9700354126940888,0.971397439389812,7.409042550545662e-05,0.0007149946805600229,0,93.78937289999976
1,57,1.2701913661282995,0.9724870607463906,0.9724870607463906,7.321525044050768e-05,0.0007053677548455845,0,91.02441199999976
1,58,1.3009429699700812,0.9681285753200762,0.9724870607463906,7.233175613480455e-05,0.0006956493174828499,0,90.33765940000012
1,59,1.294954944693524,0.9697630073549441,0.9724870607463906,7.144034609648774e-05,0.0006858438070613651,0,93.82613810000021
1,60,1.2619757367217022,0.9716698447289567,0.9724870607463906,7.054142744895883e-05,0.000675955701938547,0,94.1816318000001
1,61,1.293359170011852,0.9656769272677744,0.9724870607463906,6.96354107449396e-05,0.0006659895181943355,0,88.85558140000012
1,62,1.271176474063157,0.9689457913375102,0.9724870607463906,6.872270977896521e-05,0.0006559498075686172,1,92.76127830000041
1,63,1.265550680005032,0.9662217379460637,0.9724870607463906,6.780374139839645e-05,0.0006458411553823608,0,94.22349609999947
1,64,1.3001531410476437,0.9703078180332334,0.9724870607463906,6.687892531303792e-05,0.000635668178443417,0,94.34518070000013
1,65,1.3328216247683529,0.9711250340506674,0.9724870607463906,6.594868390344887e-05,0.0006254355229379375,1,94.10472769999978
1,66,1.2787523237259493,0.9722146554072459,0.9724870607463906,6.501344202803413e-05,0.0006151478623083752,0,93.99764830000004
1,67,1.2592502345209535,0.9678561699809316,0.9724870607463906,6.407362682900348e-05,0.0006048098951190381,0,87.21674059999987
1,68,1.2469532301892405,0.9705802233723781,0.9724870607463906,6.312966753728794e-05,0.0005944263429101672,0,94.16439960000025
1,69,1.2573642567447993,0.971397439389812,0.9724870607463906,6.218199527650205e-05,0.0005840019480415224,0,94.13103110000065
1,70,1.2582189996605333,0.9711250340506674,0.9724870607463906,6.123104286604181e-05,0.0005735414715264597,0,92.37346609999986
1,71,1.2658054367355678,0.97303187142468,0.97303187142468,6.027724462340806e-05,0.0005630496908574884,0,91.89588619999995
1,72,1.2305759497310804,0.9700354126940888,0.97303187142468,5.932103616584567e-05,0.0005525313978243021,0,91.12943520000044
1,73,1.28092952526134,0.9752111141378371,0.9752111141378371,5.8362854211389084e-05,0.0005419913963252797,0,94.3648217
1,74,1.2643575258390352,0.9716698447289567,0.9752111141378371,5.7403136379405184e-05,0.0005314345001734568,1,91.73200050000014
1,75,1.2030048968999283,0.9743938981204031,0.9752111141378371,5.6442320990724485e-05,0.0005208655308979692,0,91.44627200000014
1,76,1.156764666153037,0.9716698447289567,0.9752111141378371,5.548084686745179e-05,0.0005102893155419695,0,91.88532529999975
1,77,1.2047559967507486,0.9733042767638246,0.9752111141378371,5.45191531325482e-05,0.0004997106844580301,0,93.57378059999974
1,78,1.2182617967543394,0.9722146554072459,0.9752111141378371,5.355767900927552e-05,0.0004891344691020306,0,88.59934919999978
1,79,1.247854527571927,0.9708526287115228,0.9752111141378371,5.25968636205948e-05,0.00047856549982654265,0,92.9706954000003
1,80,1.237978403205457,0.9727594660855353,0.9752111141378371,5.16371457886109e-05,0.00046800860367471976,0,94.25974250000036
1,81,1.2640468739944957,0.9724870607463906,0.9752111141378371,5.067896383415432e-05,0.00045746860217569737,0,94.15553469999941
1,82,1.178377310089443,0.9722146554072459,0.9752111141378371,4.972275537659191e-05,0.00044695030914251085,0,93.95068889999948
1,83,1.1661805763192798,0.9719422500681013,0.9752111141378371,4.8768957133958155e-05,0.0004364585284735396,0,93.73852609999994
1,84,1.2120091640430948,0.9749387087986925,0.9752111141378371,4.781800472349792e-05,0.000425998051958477,0,87.07083700000021
1,85,1.230394000203713,0.9716698447289567,0.9752111141378371,4.687033246271204e-05,0.00041557365708983233,0,94.03863940000065
1,86,1.2004999716644702,0.9705802233723781,0.9752111141378371,4.5926373170996485e-05,0.0004051901048809612,0,94.09017670000048
1,87,1.1893887017084204,0.9743938981204031,0.9752111141378371,4.4986557971965844e-05,0.00039485213769162417,0,91.0222173000002
1,88,1.190510761089947,0.9716698447289567,0.9752111141378371,4.4051316096551104e-05,0.000384564477062062,0,91.9153122000007
1,89,1.1863079901622688,0.97303187142468,0.9752111141378371,4.3121074686962055e-05,0.00037433182155658247,0,92.52887559999999
1,90,1.1960156119388083,0.9749387087986925,0.9752111141378371,4.219625860160354e-05,0.00036415884461763875,0,92.7742548999995
1,91,1.1845562104054415,0.9746663034595479,0.9752111141378371,4.1277290221034784e-05,0.0003540501924313825,1,91.51218789999984
1,92,1.166216460518215,0.9733042767638246,0.9752111141378371,4.036458925506037e-05,0.0003440104818056639,0,91.37438110000039
1,93,1.1682570533907932,0.9746663034595479,0.9752111141378371,3.945857255104115e-05,0.00033404429806145245,0,93.01217300000008
1,94,1.2238079195437224,0.9757559248161264,0.9757559248161264,3.855965390351224e-05,0.00032415619293863434,0,94.2988347999999
1,95,1.1748671996852627,0.9741214927812585,0.9757559248161264,3.7668243865195425e-05,0.00031435068251714943,0,94.21024159999979
1,96,1.2090540983791436,0.9757559248161264,0.9757559248161264,3.6784749559492286e-05,0.00030463224515441494,1,87.69560079999974
1,97,1.1499186127082162,0.976028330155271,0.976028330155271,3.590957449454331e-05,0.00029500531943997625,0,94.47386920000008
1,98,1.1326310414335001,0.9743938981204031,0.976028330155271,3.5043118378938396e-05,0.0002854743021683222,0,94.09322320000047
1,99,1.2158969307723253,0.9752111141378371,0.976028330155271,3.4185776939162425e-05,0.0002760435463307865,0,93.93355130000054
1,100,1.1860193597233815,0.9735766821029692,0.976028330155271,3.3337941738859776e-05,0.00026671735912745735,0,93.92441979999967
1,101,1.1718212588973667,0.9743938981204031,0.976028330155271,3.250000000000002e-05,0.00025749999999999997,0,91.80409350000082
1,102,1.1863320815822354,0.9749387087986925,0.976028330155271,3.167233442602638e-05,0.00024839567868628994,0,89.3018075
1,103,1.1757088697474936,0.976028330155271,0.976028330155271,3.085532302706817e-05,0.00023940855329774959,0,92.47591269999975
1,104,1.141541750534721,0.9776627621901389,0.9776627621901389,3.0049338947296482e-05,0.00023054272842026102,0,91.76129760000003
1,105,1.2029991913100948,0.9757559248161264,0.9776627621901389,2.925475029450239e-05,0.00022180225323952598,0,91.85353460000078
1,106,1.1753337235554404,0.976028330155271,0.9776627621901389,2.8471919971975328e-05,0.0002131911196917283,0,93.05085450000115
1,107,1.138425360036933,0.9735766821029692,0.9776627621901389,2.7701205512758522e-05,0.0002047132606403434,0,94.24870420000116
1,108,1.1621133612549823,0.9749387087986925,0.9776627621901389,2.694295891635701e-05,0.00019637254807992676,0,90.55025310000019
1,109,1.1310455232858658,0.9752111141378371,0.9776627621901389,2.6197526487972942e-05,0.00018817279136770201,0,92.53686449999987
1,110,1.062329666899598,0.976028330155271,0.9776627621901389,2.5465248680341708e-05,0.0001801177354837584,0,93.05165409999972
1,111,1.1292937935694405,0.9735766821029692,0.9776627621901389,2.4746459938240776e-05,0.0001722110593206482,0,93.16026189999866
1,112,1.12262092375237,0.976845546172705,0.9776627621901389,2.4041488545742688e-05,0.0001644563740031692,0,93.56380340000032
1,113,1.1299063774554625,0.9763007354944157,0.9776627621901389,2.3350656476281635e-05,0.00015685722123909765,0,93.3544125999997
1,114,1.0682735147706248,0.9743938981204031,0.9776627621901389,2.2674279245602282e-05,0.0001494170717016248,2,94.05769350000082
1,115,1.0840223612992659,0.9754835194769818,0.9776627621901389,2.2012665767657833e-05,0.0001421393234442359,0,94.11600650000037
1,116,1.146993659371915,0.9741214927812585,0.9776627621901389,2.1366118213523428e-05,0.00013502730034875744,0,93.75708209999902
1,117,1.1195135307052861,0.9771179515118497,0.9776627621901389,2.0734931873388976e-05,0.0001280842506072785,0,93.01996380000128
1,118,1.0966248066528983,0.9746663034595479,0.9776627621901389,2.011939502169467e-05,0.00012131334523864118,0,93.56068559999949
1,119,1.0969876010780748,0.9743938981204031,0.9776627621901389,1.951978878547086e-05,0.00011471767664017929,0,86.85243179999998
1,120,1.1065305248550747,0.9763007354944157,0.9776627621901389,1.8936387015941968e-05,0.00010830025717536147,0,93.34695049999937
1,121,1.0980621739574101,0.9743938981204031,0.9776627621901389,1.836945616345369e-05,0.00010206401779799043,0,93.37239020000015
1,122,1.0294470133988753,0.9733042767638246,0.9776627621901389,1.7819255155780246e-05,9.601180671358257e-05,0,93.18084360000103
1,123,1.0291903074668802,0.97303187142468,0.9776627621901389,1.728603527986719e-05,9.014638807853895e-05,0,93.37181410000085
1,124,1.0728541805692342,0.9746663034595479,0.9776627621901389,1.677004006706408e-05,8.447044073770475e-05,0,93.25864270000056
1,125,1.023623110677885,0.9757559248161264,0.9776627621901389,1.6271505181899277e-05,7.89865570008919e-05,0,90.58047889999943
1,126,1.032615221744021,0.9749387087986925,0.9776627621901389,1.5790658314447493e-05,7.36972414589223e-05,1,93.9841221000006
1,127,0.9888400261816771,0.9763007354944157,0.9776627621901389,1.53277190763396e-05,6.860490983973549e-05,0,94.00661440000113
1,128,1.0135814002026682,0.9763007354944157,0.9776627621901389,1.488289890046198e-05,6.371188790508168e-05,0,93.97511400000076
1,129,1.0323668915292492,0.9754835194769818,0.9776627621901389,1.4456400944391149e-05,5.9020410388302545e-05,0,93.97992470000099
1,130,0.992365289511888,0.9738490874421138,0.9776627621901389,1.4048419997608008e-05,5.4532619973688e-05,0,87.41466899999978
1,131,0.9911420463219933,0.9738490874421138,0.9776627621901389,1.365914239253388e-05,5.025056631787259e-05,0,66.52372379999906
1,132,0.9891779877569364,0.976028330155271,0.9776627621901389,1.3288745919429031e-05,4.617620511371927e-05,0,66.46355779999976
1,133,0.9398994952440262,0.9773903568509943,0.9776627621901389,1.2937399745192609e-05,4.231139719711862e-05,0,66.53842089999853
1,134,0.9820452415424844,0.9752111141378371,0.9776627621901389,1.2605264336101002e-05,3.8657907697110955e-05,0,66.62126770000032
1,135,0.9743760371985642,0.9765731408335603,0.9776627621901389,1.2292491384519915e-05,3.521740522971901e-05,0,66.58349330000055
1,136,0.9460882306098938,0.9743938981204031,0.9776627621901389,1.1999223739623669e-05,3.19914611358603e-05,0,66.52091699999983
1,137,0.9819204548300614,0.9752111141378371,0.9776627621901389,1.1725595342153373e-05,2.8981548763687065e-05,1,66.54477870000119
1,138,0.92843965732533,0.9763007354944157,0.9776627621901389,1.1471731163243681e-05,2.6189042795680468e-05,0,66.52441020000151
1,139,0.9033317065757254,0.9754835194769818,0.9776627621901389,1.1237747147346198e-05,2.361521862080816e-05,0,66.51397949999955
1,140,0.9126857184845468,0.9749387087986925,0.9776627621901389,1.102375015927552e-05,2.1261251752030713e-05,0,66.54286219999995
1,141,0.9014820120904756,0.9757559248161264,0.9776627621901389,1.082983793540206e-05,1.9128217289422658e-05,0,66.46654409999974
1,142,0.8996492779773214,0.9746663034595479,0.9776627621901389,1.0656099039014087e-05,1.721708942915494e-05,0,66.6472905999999
1,143,0.8618135430242704,0.976845546172705,0.9776627621901389,1.0502612819869217e-05,1.5528741018561377e-05,0,66.52837850000105
1,144,0.8919741858606753,0.976845546172705,0.9776627621901389,1.0369449377953928e-05,1.40639431574932e-05,0,66.49020349999955
1,145,0.8874654391537542,0.976845546172705,0.9776627621901389,1.0256669531467587e-05,1.2823364846143442e-05,0,66.56136289999995
1,146,0.8573571547217991,0.9773903568509943,0.9776627621901389,1.016432478904569e-05,1.180757267950257e-05,0,66.59307319999971
1,147,0.784282880373623,0.9771179515118497,0.9776627621901389,1.0092457326234866e-05,1.1017030588583514e-05,0,66.3998532000005
1,148,0.7409321339234062,0.9771179515118497,0.9776627621901389,1.0041099966230578e-05,1.045209962853635e-05,0,66.48162670000056
1,149,0.7925069078155186,0.9763007354944157,0.9776627621901389,1.0010276164886146e-05,1.0113037813747594e-05,0,66.50755579999895
