dataset,method,lambda,stage,n,oof_coverage_pass,accuracy,macro_f1,balanced_accuracy,prediction_artifact,artifact_sha256
CUB-200-2011,Ours-FT,,1,5994,True,0.8078078078078078,0.807683693480783,0.8077356321839081,<EXPERIMENT_ROOT>\phase2_controlled_validation\final_external_protocol\final_oof_predictions\cub__ours_ft__stage1.npz,48023bf399a857ca73bbebe8302af2b0fd089e6d17764162b49357c0d77a16a5
CUB-200-2011,Ours-FT,,2,5994,True,0.805638972305639,0.8053539461506162,0.8055344827586207,<EXPERIMENT_ROOT>\phase2_controlled_validation\final_external_protocol\final_oof_predictions\cub__ours_ft__stage2.npz,06725054bda9eabf03bf48dd6d6900e77f96806d79a79525a7dad7a5bfed41e0
CUB-200-2011,Progressive Head,0.7,1,5994,True,0.7914581247914582,0.7914917474189437,0.7913563218390806,<EXPERIMENT_ROOT>\phase2_controlled_validation\final_external_protocol\final_oof_predictions\cub__progressive_lambda_0_7__stage1.npz,11e34f9b433f00c9362fa55d275d0825ffc7c387ffdd93a2c8168945e6063bfe
CUB-200-2011,Progressive Head,0.7,2,5994,True,0.7826159492826159,0.7835519984128054,0.7825517241379311,<EXPERIMENT_ROOT>\phase2_controlled_validation\final_external_protocol\final_oof_predictions\cub__progressive_lambda_0_7__stage2.npz,0511927c3763fd73e430bd1818e5ef1218acf469262f3abcb9ba148ccf8c7635
CUB-200-2011,Progressive Head,0.1,1,5994,True,0.7987987987987988,0.7976919353718648,0.798683908045977,<EXPERIMENT_ROOT>\phase2_controlled_validation\final_external_protocol\final_oof_predictions\cub__progressive_lambda_0_1__stage1.npz,c3cf20a5208dec41ca10dae3b9f2b5aee9ae83001a1ffabe91eaabfffea9daa2
CUB-200-2011,Progressive Head,0.1,2,5994,True,0.793626960293627,0.7924617934732265,0.7935517241379312,<EXPERIMENT_ROOT>\phase2_controlled_validation\final_external_protocol\final_oof_predictions\cub__progressive_lambda_0_1__stage2.npz,cd1f472ffca07fbd313e61e31b217764256c243104cd7482230163d56c4db062
CUB-200-2011,Progressive Head,1.0,1,5994,True,0.7972972972972973,0.7970255969912569,0.7972011494252874,<EXPERIMENT_ROOT>\phase2_controlled_validation\final_external_protocol\final_oof_predictions\cub__progressive_lambda_1_0__stage1.npz,226893bdf9202edc71a3b2769e21a96381986cc8658fa0a88c5a0c12ac962d9b
CUB-200-2011,Progressive Head,1.0,2,5994,True,0.7942942942942943,0.7939166307000656,0.794183908045977,<EXPERIMENT_ROOT>\phase2_controlled_validation\final_external_protocol\final_oof_predictions\cub__progressive_lambda_1_0__stage2.npz,df7dbe06720b5178d8238840248dc2a3943ce41befd35c9c9ca2b3033fecba01
Stanford Cars,Ours-FT,,1,8144,True,0.9141699410609038,0.9120298391532434,0.9127746291682788,<EXPERIMENT_ROOT>\phase2_controlled_validation\final_external_protocol\final_oof_predictions\cars__ours_ft__stage1.npz,7b6679341297f520fbe967c8fec466f9880fdf4970ab88ac4456626452d9f32a
Stanford Cars,Ours-FT,,2,8144,True,0.912573673870334,0.910478535616873,0.9112146981711324,<EXPERIMENT_ROOT>\phase2_controlled_validation\final_external_protocol\final_oof_predictions\cars__ours_ft__stage2.npz,7c67ffe477a3282525c2e518aa97179b9caa04cdd9be6ccb59bb7491c9493815
Stanford Cars,Progressive Head,0.7,1,8144,True,0.9071709233791748,0.9054467604259653,0.9057248865502919,<EXPERIMENT_ROOT>\phase2_controlled_validation\final_external_protocol\final_oof_predictions\cars__progressive_lambda_0_7__stage1.npz,b7139a862d72ea3f3e8633300edec888b068a603cb4f1aaea56192ad6f5509fe
Stanford Cars,Progressive Head,0.7,2,8144,True,0.9018909626719057,0.900421614247989,0.9008034404304809,<EXPERIMENT_ROOT>\phase2_controlled_validation\final_external_protocol\final_oof_predictions\cars__progressive_lambda_0_7__stage2.npz,abde4a7e95a4501db432bb1687df5643192d081b4b17814eb181b5ca7321e14d
Oxford Flowers-102,Ours-FT,,1,2040,True,0.9784313725490196,0.9782629920058382,0.9784313725490196,<EXPERIMENT_ROOT>\phase2_controlled_validation\final_external_protocol\final_oof_predictions\flowers__ours_ft__stage1.npz,aecb82ed9b7c37fb01b30138f2fe633e17923917412c29979c71aa4d06e0f77c
Oxford Flowers-102,Ours-FT,,2,2040,True,0.9745098039215686,0.974183472580739,0.9745098039215687,<EXPERIMENT_ROOT>\phase2_controlled_validation\final_external_protocol\final_oof_predictions\flowers__ours_ft__stage2.npz,e73b0b46eac53e5492763862ba29ae12d4c97ca4c3ed9495184fe6702363bec6
Oxford Flowers-102,Progressive Head,0.7,1,2040,True,0.9705882352941176,0.9700812127941248,0.9705882352941178,<EXPERIMENT_ROOT>\phase2_controlled_validation\final_external_protocol\final_oof_predictions\flowers__progressive_lambda_0_7__stage1.npz,fb1cd928ac478d968e2cf5305ab42b8f05527424a73dee1d52c6faf357c42c7a
Oxford Flowers-102,Progressive Head,0.7,2,2040,True,0.9676470588235294,0.9673945188232684,0.9676470588235295,<EXPERIMENT_ROOT>\phase2_controlled_validation\final_external_protocol\final_oof_predictions\flowers__progressive_lambda_0_7__stage2.npz,b275989cbdf5bb6ff11014cd6a8b7b1fcfaeb6f0a58611f6a428f666ec2119b2
