lambda,stage,fold,aggregation_level,n,mean_off_diagonal_cosine,centered_linear_cka
0.1,1,0,fold,1199,0.25648622438167185,0.6599284358668192
0.1,1,1,fold,1199,0.252025502346231,0.6406579708713854
0.1,1,2,fold,1199,0.2707303301265971,0.5949789514264424
0.1,1,3,fold,1199,0.263074721407475,0.644972237239466
0.1,1,4,fold,1198,0.2684341660531427,0.6521272735374805
0.1,1,,unweighted_five_fold_mean,5994,0.2621501888630235,0.6385329737883186
0.1,2,0,fold,1199,0.2541174516488257,0.5891731954421819
0.1,2,1,fold,1199,0.20135068959494787,0.5538190945973305
0.1,2,2,fold,1199,0.20683699133372083,0.5185474612950614
0.1,2,3,fold,1199,0.22750921402618832,0.5402676899461462
0.1,2,4,fold,1198,0.24161981274133,0.584471630628886
0.1,2,,unweighted_five_fold_mean,5994,0.2262868318690025,0.5572558143819212
0.7,1,0,fold,1199,0.698658116990369,0.8893460635159878
0.7,1,1,fold,1199,0.6870470297146938,0.8759845295089652
0.7,1,2,fold,1199,0.712213655883012,0.895483420450519
0.7,1,3,fold,1199,0.6616940914213585,0.8671893363818537
0.7,1,4,fold,1198,0.705541876578298,0.8892553519167411
0.7,1,,unweighted_five_fold_mean,5994,0.6930309541175463,0.8834517403548133
0.7,2,0,fold,1199,0.6685297851103013,0.8692539837390308
0.7,2,1,fold,1199,0.663325975971598,0.8576519665233878
0.7,2,2,fold,1199,0.6908598911973387,0.8807035300857609
0.7,2,3,fold,1199,0.6555488908121913,0.8612248124710339
0.7,2,4,fold,1198,0.6800021510935111,0.8720981660630527
0.7,2,,unweighted_five_fold_mean,5994,0.6716533388369881,0.8681864917764532
1.0,1,0,fold,1199,0.8491520053556636,0.9243307566161881
1.0,1,1,fold,1199,0.8606128192598194,0.9396545230876157
1.0,1,2,fold,1199,0.8465190320553961,0.9256439885158564
1.0,1,3,fold,1199,0.8642467939685825,0.9376770944023806
1.0,1,4,fold,1198,0.8693625390449669,0.9389161951415058
1.0,1,,unweighted_five_fold_mean,5994,0.8579786379368857,0.9332445115527092
1.0,2,0,fold,1199,0.835447779085432,0.9039970842457103
1.0,2,1,fold,1199,0.8330157690215526,0.9148363614481776
1.0,2,2,fold,1199,0.8375875503138878,0.9143188773104083
1.0,2,3,fold,1199,0.8396336718668316,0.8996316361833351
1.0,2,4,fold,1198,0.8604669140795822,0.9269623867889691
1.0,2,,unweighted_five_fold_mean,5994,0.8412303368734573,0.9119492691953202
