dataset,method,lambda,training_seed,split_random_state,fold,formal_status,protocol_config_sha256
CUB-200-2011,Ours-FT,,42,42,0,PENDING,7f667c125983ca82ec36214b727ee8fbe3215f21562abd260f4018559f87e3e5
CUB-200-2011,Ours-FT,,42,42,1,PENDING,7f667c125983ca82ec36214b727ee8fbe3215f21562abd260f4018559f87e3e5
CUB-200-2011,Ours-FT,,42,42,2,PENDING,7f667c125983ca82ec36214b727ee8fbe3215f21562abd260f4018559f87e3e5
CUB-200-2011,Ours-FT,,42,42,3,PENDING,7f667c125983ca82ec36214b727ee8fbe3215f21562abd260f4018559f87e3e5
CUB-200-2011,Ours-FT,,42,42,4,PENDING,7f667c125983ca82ec36214b727ee8fbe3215f21562abd260f4018559f87e3e5
CUB-200-2011,Progressive Head,0.7,42,42,0,PENDING,7f667c125983ca82ec36214b727ee8fbe3215f21562abd260f4018559f87e3e5
CUB-200-2011,Progressive Head,0.7,42,42,1,PENDING,7f667c125983ca82ec36214b727ee8fbe3215f21562abd260f4018559f87e3e5
CUB-200-2011,Progressive Head,0.7,42,42,2,PENDING,7f667c125983ca82ec36214b727ee8fbe3215f21562abd260f4018559f87e3e5
CUB-200-2011,Progressive Head,0.7,42,42,3,PENDING,7f667c125983ca82ec36214b727ee8fbe3215f21562abd260f4018559f87e3e5
CUB-200-2011,Progressive Head,0.7,42,42,4,PENDING,7f667c125983ca82ec36214b727ee8fbe3215f21562abd260f4018559f87e3e5
CUB-200-2011,Progressive Head,0.1,42,42,0,PENDING,7f667c125983ca82ec36214b727ee8fbe3215f21562abd260f4018559f87e3e5
CUB-200-2011,Progressive Head,0.1,42,42,1,PENDING,7f667c125983ca82ec36214b727ee8fbe3215f21562abd260f4018559f87e3e5
CUB-200-2011,Progressive Head,0.1,42,42,2,PENDING,7f667c125983ca82ec36214b727ee8fbe3215f21562abd260f4018559f87e3e5
CUB-200-2011,Progressive Head,0.1,42,42,3,PENDING,7f667c125983ca82ec36214b727ee8fbe3215f21562abd260f4018559f87e3e5
CUB-200-2011,Progressive Head,0.1,42,42,4,PENDING,7f667c125983ca82ec36214b727ee8fbe3215f21562abd260f4018559f87e3e5
CUB-200-2011,Progressive Head,1.0,42,42,0,PENDING,7f667c125983ca82ec36214b727ee8fbe3215f21562abd260f4018559f87e3e5
CUB-200-2011,Progressive Head,1.0,42,42,1,PENDING,7f667c125983ca82ec36214b727ee8fbe3215f21562abd260f4018559f87e3e5
CUB-200-2011,Progressive Head,1.0,42,42,2,PENDING,7f667c125983ca82ec36214b727ee8fbe3215f21562abd260f4018559f87e3e5
CUB-200-2011,Progressive Head,1.0,42,42,3,PENDING,7f667c125983ca82ec36214b727ee8fbe3215f21562abd260f4018559f87e3e5
CUB-200-2011,Progressive Head,1.0,42,42,4,PENDING,7f667c125983ca82ec36214b727ee8fbe3215f21562abd260f4018559f87e3e5
Stanford Cars,Ours-FT,,42,42,0,PENDING,7f667c125983ca82ec36214b727ee8fbe3215f21562abd260f4018559f87e3e5
Stanford Cars,Ours-FT,,42,42,1,PENDING,7f667c125983ca82ec36214b727ee8fbe3215f21562abd260f4018559f87e3e5
Stanford Cars,Ours-FT,,42,42,2,PENDING,7f667c125983ca82ec36214b727ee8fbe3215f21562abd260f4018559f87e3e5
Stanford Cars,Ours-FT,,42,42,3,PENDING,7f667c125983ca82ec36214b727ee8fbe3215f21562abd260f4018559f87e3e5
Stanford Cars,Ours-FT,,42,42,4,PENDING,7f667c125983ca82ec36214b727ee8fbe3215f21562abd260f4018559f87e3e5
Stanford Cars,Progressive Head,0.7,42,42,0,PENDING,7f667c125983ca82ec36214b727ee8fbe3215f21562abd260f4018559f87e3e5
Stanford Cars,Progressive Head,0.7,42,42,1,PENDING,7f667c125983ca82ec36214b727ee8fbe3215f21562abd260f4018559f87e3e5
Stanford Cars,Progressive Head,0.7,42,42,2,PENDING,7f667c125983ca82ec36214b727ee8fbe3215f21562abd260f4018559f87e3e5
Stanford Cars,Progressive Head,0.7,42,42,3,PENDING,7f667c125983ca82ec36214b727ee8fbe3215f21562abd260f4018559f87e3e5
Stanford Cars,Progressive Head,0.7,42,42,4,PENDING,7f667c125983ca82ec36214b727ee8fbe3215f21562abd260f4018559f87e3e5
Oxford Flowers-102,Ours-FT,,42,42,0,PENDING,7f667c125983ca82ec36214b727ee8fbe3215f21562abd260f4018559f87e3e5
Oxford Flowers-102,Ours-FT,,42,42,1,PENDING,7f667c125983ca82ec36214b727ee8fbe3215f21562abd260f4018559f87e3e5
Oxford Flowers-102,Ours-FT,,42,42,2,PENDING,7f667c125983ca82ec36214b727ee8fbe3215f21562abd260f4018559f87e3e5
Oxford Flowers-102,Ours-FT,,42,42,3,PENDING,7f667c125983ca82ec36214b727ee8fbe3215f21562abd260f4018559f87e3e5
Oxford Flowers-102,Ours-FT,,42,42,4,PENDING,7f667c125983ca82ec36214b727ee8fbe3215f21562abd260f4018559f87e3e5
Oxford Flowers-102,Progressive Head,0.7,42,42,0,PENDING,7f667c125983ca82ec36214b727ee8fbe3215f21562abd260f4018559f87e3e5
Oxford Flowers-102,Progressive Head,0.7,42,42,1,PENDING,7f667c125983ca82ec36214b727ee8fbe3215f21562abd260f4018559f87e3e5
Oxford Flowers-102,Progressive Head,0.7,42,42,2,PENDING,7f667c125983ca82ec36214b727ee8fbe3215f21562abd260f4018559f87e3e5
Oxford Flowers-102,Progressive Head,0.7,42,42,3,PENDING,7f667c125983ca82ec36214b727ee8fbe3215f21562abd260f4018559f87e3e5
Oxford Flowers-102,Progressive Head,0.7,42,42,4,PENDING,7f667c125983ca82ec36214b727ee8fbe3215f21562abd260f4018559f87e3e5
