training_seed,alpha,primary_comparator,n,accuracy,macro_f1,balanced_accuracy
42,0.0,False,18353,0.977006483953577,0.9794666252816362,0.979518480274696
42,0.1,False,18353,0.9778782760311666,0.9805180141336126,0.9805649202309422
42,0.2,False,18353,0.9781507110554133,0.9808433075335109,0.9808991668908472
42,0.3,False,18353,0.978096224050564,0.9808060188420619,0.9808686782579076
42,0.4,False,18353,0.9778782760311666,0.9806272586028147,0.9807463508851222
42,0.5,True,18353,0.9780417370457146,0.9807601653140995,0.9809828995370481
42,0.6,False,18353,0.9780417370457146,0.9807533843619264,0.9809521106479067
42,0.7,False,18353,0.9780417370457146,0.9808330783034304,0.9811315672851887
42,0.8,False,18353,0.9779872500408653,0.9806595323395975,0.9809000225217911
42,0.9,False,18353,0.978096224050564,0.9807162141104357,0.980907254070743
42,1.0,False,18353,0.978096224050564,0.9804859153537396,0.9806850235977665
43,0.0,False,18353,0.9770609709584264,0.9798596000287797,0.9800346798492765
43,0.1,False,18353,0.9775513540020705,0.9803678938534361,0.9806525154836417
43,0.2,False,18353,0.977932763036016,0.9807368656584774,0.9810553865516866
43,0.3,False,18353,0.9780417370457146,0.980966213783934,0.9813774234050225
43,0.4,False,18353,0.9780417370457146,0.9809631518463942,0.9813291802609505
43,0.5,True,18353,0.9783686590748106,0.9813609720113301,0.9817182500847147
43,0.6,False,18353,0.9784776330845093,0.981575128085554,0.9818999583742702
43,0.7,False,18353,0.9785866070942081,0.9816162058554682,0.9818898636496614
43,0.8,False,18353,0.9787500681087561,0.9818137785711827,0.9821378668562766
43,0.9,False,18353,0.9788590421184548,0.9817623821508742,0.9821419540752487
43,1.0,False,18353,0.9792949381572496,0.9820012401364505,0.9822536611279138
44,0.0,False,18353,0.9771154579632758,0.9799809866629897,0.9800750756268335
44,0.1,False,18353,0.9774968669972212,0.9804580572647189,0.9805402594207053
44,0.2,False,18353,0.9776058410069198,0.9805179537036398,0.9806606253943062
44,0.3,False,18353,0.977932763036016,0.98086674356315,0.9810565415910798
44,0.4,False,18353,0.9780417370457146,0.9809799235799933,0.9811315621829645
44,0.5,True,18353,0.978096224050564,0.9810072108232959,0.9811801285966543
44,0.6,False,18353,0.9779872500408653,0.9809343450579988,0.9811318104192704
44,0.7,False,18353,0.9782051980602626,0.981279846238274,0.9814718389727314
44,0.8,False,18353,0.977932763036016,0.9809731259126756,0.9812162280732554
44,0.9,False,18353,0.977932763036016,0.9808362865734832,0.9810403945285873
44,1.0,False,18353,0.9780417370457146,0.9809073868758881,0.9810681698862628
