dataset_index,partition,sample_id
0,train,flowers_development:6765
1,train,flowers_development:6755
2,train,flowers_development:6768
3,train,flowers_development:6736
4,train,flowers_development:6744
6,train,flowers_development:6771
7,train,flowers_development:6750
8,train,flowers_development:6741
9,train,flowers_development:6762
10,train,flowers_development:5145
11,train,flowers_development:5137
12,train,flowers_development:5142
15,train,flowers_development:5106
16,train,flowers_development:5124
18,train,flowers_development:5097
20,train,flowers_development:6634
22,train,flowers_development:6632
23,train,flowers_development:6651
25,train,flowers_development:6616
26,train,flowers_development:6624
27,train,flowers_development:6618
29,train,flowers_development:6642
30,train,flowers_development:5662
31,train,flowers_development:5640
33,train,flowers_development:5653
34,train,flowers_development:5636
35,train,flowers_development:5664
37,train,flowers_development:5659
38,train,flowers_development:5638
39,train,flowers_development:5670
41,train,flowers_development:5191
42,train,flowers_development:5186
43,train,flowers_development:5174
44,train,flowers_development:5161
45,train,flowers_development:5167
46,train,flowers_development:5164
47,train,flowers_development:5199
48,train,flowers_development:5182
50,train,flowers_development:7194
51,train,flowers_development:8108
54,train,flowers_development:7169
55,train,flowers_development:7191
56,train,flowers_development:7192
57,train,flowers_development:7178
58,train,flowers_development:8105
59,train,flowers_development:7195
60,train,flowers_development:7226
61,train,flowers_development:7218
62,train,flowers_development:7229
63,train,flowers_development:7203
64,train,flowers_development:7214
66,train,flowers_development:7233
67,train,flowers_development:7215
69,train,flowers_development:7225
70,train,flowers_development:3333
71,train,flowers_development:3345
72,train,flowers_development:3360
74,train,flowers_development:3313
75,train,flowers_development:3362
77,train,flowers_development:3294
78,train,flowers_development:3302
79,train,flowers_development:3315
80,train,flowers_development:6415
81,train,flowers_development:6423
83,train,flowers_development:6424
84,train,flowers_development:6430
85,train,flowers_development:6398
87,train,flowers_development:6437
88,train,flowers_development:6420
91,train,flowers_development:8094
92,train,flowers_development:7096
93,train,flowers_development:8092
96,train,flowers_development:8096
97,train,flowers_development:7087
98,train,flowers_development:7098
99,train,flowers_development:7117
100,train,flowers_development:3181
102,train,flowers_development:3164
104,train,flowers_development:3102
105,train,flowers_development:3114
106,train,flowers_development:3150
107,train,flowers_development:3101
108,train,flowers_development:3157
109,train,flowers_development:3119
110,train,flowers_development:4019
111,train,flowers_development:4027
112,train,flowers_development:4030
113,train,flowers_development:4066
114,train,flowers_development:4009
115,train,flowers_development:4020
116,train,flowers_development:4045
119,train,flowers_development:4036
120,train,flowers_development:5746
121,train,flowers_development:5752
123,train,flowers_development:5779
124,train,flowers_development:5786
125,train,flowers_development:5753
126,train,flowers_development:5783
127,train,flowers_development:5787
128,train,flowers_development:5762
129,train,flowers_development:5755
131,train,flowers_development:6061
133,train,flowers_development:6066
134,train,flowers_development:6052
135,train,flowers_development:6092
136,train,flowers_development:6093
137,train,flowers_development:6083
139,train,flowers_development:6053
140,train,flowers_development:6348
141,train,flowers_development:6368
142,train,flowers_development:6350
143,train,flowers_development:6386
145,train,flowers_development:6357
148,train,flowers_development:6364
149,train,flowers_development:6387
151,train,flowers_development:6674
153,train,flowers_development:6660
154,train,flowers_development:6688
155,train,flowers_development:6689
156,train,flowers_development:6692
157,train,flowers_development:6663
158,train,flowers_development:6652
159,train,flowers_development:6667
160,train,flowers_development:6797
162,train,flowers_development:6781
164,train,flowers_development:6798
166,train,flowers_development:6800
167,train,flowers_development:6803
168,train,flowers_development:6812
169,train,flowers_development:6799
171,train,flowers_development:3864
173,train,flowers_development:3848
174,train,flowers_development:3835
175,train,flowers_development:3860
176,train,flowers_development:3855
177,train,flowers_development:3873
178,train,flowers_development:3908
179,train,flowers_development:3843
180,train,flowers_development:4289
182,train,flowers_development:4299
184,train,flowers_development:4284
185,train,flowers_development:4300
186,train,flowers_development:4252
187,train,flowers_development:4298
188,train,flowers_development:4297
190,train,flowers_development:6161
192,train,flowers_development:6181
193,train,flowers_development:6179
195,train,flowers_development:6180
196,train,flowers_development:6192
197,train,flowers_development:6169
199,train,flowers_development:6189
200,train,flowers_development:4935
201,train,flowers_development:4897
202,train,flowers_development:4904
203,train,flowers_development:4939
204,train,flowers_development:4938
206,train,flowers_development:4923
207,train,flowers_development:4945
208,train,flowers_development:4925
209,train,flowers_development:4916
211,train,flowers_development:5345
212,train,flowers_development:5351
213,train,flowers_development:5367
214,train,flowers_development:5362
216,train,flowers_development:5344
217,train,flowers_development:5369
218,train,flowers_development:5396
219,train,flowers_development:5389
220,train,flowers_development:3446
221,train,flowers_development:3441
222,train,flowers_development:3442
223,train,flowers_development:3424
224,train,flowers_development:3440
225,train,flowers_development:3392
226,train,flowers_development:3395
228,train,flowers_development:3404
229,train,flowers_development:3399
230,train,flowers_development:6816
231,train,flowers_development:6842
232,train,flowers_development:6832
234,train,flowers_development:8048
235,train,flowers_development:6845
237,train,flowers_development:6833
239,train,flowers_development:6831
240,train,flowers_development:6605
241,train,flowers_development:6593
242,train,flowers_development:6590
243,train,flowers_development:6582
244,train,flowers_development:6601
246,train,flowers_development:6592
247,train,flowers_development:6578
248,train,flowers_development:6574
252,train,flowers_development:6525
253,train,flowers_development:6494
254,train,flowers_development:6522
255,train,flowers_development:6523
256,train,flowers_development:6517
258,train,flowers_development:6515
259,train,flowers_development:6524
260,train,flowers_development:6856
262,train,flowers_development:6870
263,train,flowers_development:6861
264,train,flowers_development:6872
265,train,flowers_development:6857
267,train,flowers_development:6885
268,train,flowers_development:6869
269,train,flowers_development:6886
272,train,flowers_development:5230
273,train,flowers_development:5259
274,train,flowers_development:5260
275,train,flowers_development:5240
276,train,flowers_development:5226
278,train,flowers_development:5234
279,train,flowers_development:5232
280,train,flowers_development:4107
283,train,flowers_development:4105
284,train,flowers_development:4152
285,train,flowers_development:4103
286,train,flowers_development:4127
287,train,flowers_development:4095
288,train,flowers_development:4134
289,train,flowers_development:4123
290,train,flowers_development:3488
291,train,flowers_development:3489
292,train,flowers_development:3518
293,train,flowers_development:3465
294,train,flowers_development:3484
297,train,flowers_development:3510
298,train,flowers_development:3538
299,train,flowers_development:3505
300,train,flowers_development:6902
302,train,flowers_development:6892
303,train,flowers_development:6909
304,train,flowers_development:8076
307,train,flowers_development:8074
308,train,flowers_development:8065
309,train,flowers_development:6922
310,train,flowers_development:5588
311,train,flowers_development:5585
312,train,flowers_development:5599
315,train,flowers_development:5590
317,train,flowers_development:5625
318,train,flowers_development:5595
319,train,flowers_development:5619
320,train,flowers_development:6443
321,train,flowers_development:6474
322,train,flowers_development:6453
323,train,flowers_development:6460
325,train,flowers_development:6450
327,train,flowers_development:6449
328,train,flowers_development:6468
329,train,flowers_development:6481
330,train,flowers_development:6931
331,train,flowers_development:6947
332,train,flowers_development:6936
333,train,flowers_development:6946
334,train,flowers_development:6950
335,train,flowers_development:6962
336,train,flowers_development:6956
338,train,flowers_development:6966
339,train,flowers_development:6941
340,train,flowers_development:6980
341,train,flowers_development:6973
342,train,flowers_development:7000
343,train,flowers_development:6982
345,train,flowers_development:8086
346,train,flowers_development:6989
349,train,flowers_development:6972
350,train,flowers_development:4347
351,train,flowers_development:4329
352,train,flowers_development:4395
353,train,flowers_development:4400
356,train,flowers_development:4341
357,train,flowers_development:4369
358,train,flowers_development:4327
359,train,flowers_development:4358
361,train,flowers_development:3811
362,train,flowers_development:3802
363,train,flowers_development:3783
364,train,flowers_development:3791
365,train,flowers_development:3769
366,train,flowers_development:3787
367,train,flowers_development:7290
368,train,flowers_development:3761
370,train,flowers_development:5796
371,train,flowers_development:5815
372,train,flowers_development:5823
373,train,flowers_development:5794
375,train,flowers_development:5809
376,train,flowers_development:5832
377,train,flowers_development:5839
378,train,flowers_development:5828
379,train,flowers_development:5819
380,train,flowers_development:7039
381,train,flowers_development:7025
382,train,flowers_development:7030
383,train,flowers_development:7010
384,train,flowers_development:7013
385,train,flowers_development:7045
386,train,flowers_development:7023
387,train,flowers_development:7026
389,train,flowers_development:7019
390,train,flowers_development:4583
391,train,flowers_development:4558
392,train,flowers_development:4605
393,train,flowers_development:4566
394,train,flowers_development:4573
396,train,flowers_development:4586
397,train,flowers_development:4582
398,train,flowers_development:4614
400,train,flowers_development:2205
401,train,flowers_development:2279
403,train,flowers_development:2307
405,train,flowers_development:2197
406,train,flowers_development:2191
408,train,flowers_development:2310
409,train,flowers_development:2275
410,train,flowers_development:5718
411,train,flowers_development:5685
412,train,flowers_development:5689
414,train,flowers_development:5731
415,train,flowers_development:5699
416,train,flowers_development:5721
417,train,flowers_development:5727
418,train,flowers_development:5728
421,train,flowers_development:2340
423,train,flowers_development:2408
424,train,flowers_development:2386
425,train,flowers_development:2445
427,train,flowers_development:2420
428,train,flowers_development:2353
429,train,flowers_development:2404
430,train,flowers_development:1582
431,train,flowers_development:1500
432,train,flowers_development:1525
434,train,flowers_development:1528
435,train,flowers_development:1552
436,train,flowers_development:1534
437,train,flowers_development:1539
438,train,flowers_development:1545
440,train,flowers_development:7140
441,train,flowers_development:7130
442,train,flowers_development:7142
445,train,flowers_development:7125
447,train,flowers_development:7135
448,train,flowers_development:7131
449,train,flowers_development:7144
451,train,flowers_development:986
452,train,flowers_development:1028
453,train,flowers_development:1101
454,train,flowers_development:1122
456,train,flowers_development:1131
457,train,flowers_development:1052
458,train,flowers_development:964
459,train,flowers_development:1126
460,train,flowers_development:4968
461,train,flowers_development:5004
462,train,flowers_development:4993
463,train,flowers_development:4975
464,train,flowers_development:5000
465,train,flowers_development:5015
467,train,flowers_development:4986
468,train,flowers_development:5010
470,train,flowers_development:4690
472,train,flowers_development:4694
473,train,flowers_development:4625
474,train,flowers_development:4672
476,train,flowers_development:4689
478,train,flowers_development:4645
479,train,flowers_development:4663
482,train,flowers_development:6214
483,train,flowers_development:6218
484,train,flowers_development:6237
486,train,flowers_development:6206
487,train,flowers_development:6242
488,train,flowers_development:6232
489,train,flowers_development:6213
490,train,flowers_development:6310
492,train,flowers_development:6547
493,train,flowers_development:6335
494,train,flowers_development:6567
495,train,flowers_development:6556
496,train,flowers_development:6531
497,train,flowers_development:6550
498,train,flowers_development:6333
499,train,flowers_development:6549
500,train,flowers_development:3955
501,train,flowers_development:1317
502,train,flowers_development:3967
503,train,flowers_development:3935
504,train,flowers_development:1385
505,train,flowers_development:1448
506,train,flowers_development:1417
507,train,flowers_development:1324
509,train,flowers_development:1456
511,train,flowers_development:4223
512,train,flowers_development:4167
513,train,flowers_development:4236
514,train,flowers_development:4189
515,train,flowers_development:4208
516,train,flowers_development:4224
517,train,flowers_development:4241
518,train,flowers_development:4234
519,train,flowers_development:4238
520,train,flowers_development:3681
521,train,flowers_development:3730
522,train,flowers_development:3691
523,train,flowers_development:3667
525,train,flowers_development:3725
527,train,flowers_development:3666
528,train,flowers_development:3729
529,train,flowers_development:3722
530,train,flowers_development:5412
531,train,flowers_development:5419
532,train,flowers_development:5431
533,train,flowers_development:5407
534,train,flowers_development:5443
535,train,flowers_development:5425
536,train,flowers_development:5400
537,train,flowers_development:5428
538,train,flowers_development:5437
540,train,flowers_development:4740
541,train,flowers_development:4746
543,train,flowers_development:4757
544,train,flowers_development:4726
545,train,flowers_development:4720
546,train,flowers_development:4723
547,train,flowers_development:4703
549,train,flowers_development:4758
550,train,flowers_development:2848
551,train,flowers_development:2762
552,train,flowers_development:2776
553,train,flowers_development:2828
554,train,flowers_development:2779
555,train,flowers_development:2770
558,train,flowers_development:2832
559,train,flowers_development:2761
560,train,flowers_development:8126
561,train,flowers_development:7258
562,train,flowers_development:8122
563,train,flowers_development:8118
565,train,flowers_development:7237
566,train,flowers_development:8135
567,train,flowers_development:8148
568,train,flowers_development:7235
569,train,flowers_development:7264
570,train,flowers_development:2706
571,train,flowers_development:2684
572,train,flowers_development:2649
574,train,flowers_development:2689
575,train,flowers_development:2671
576,train,flowers_development:2643
577,train,flowers_development:2688
578,train,flowers_development:2716
579,train,flowers_development:2748
582,train,flowers_development:5081
583,train,flowers_development:5036
584,train,flowers_development:5040
585,train,flowers_development:5071
586,train,flowers_development:5083
587,train,flowers_development:5062
588,train,flowers_development:5046
589,train,flowers_development:5074
591,train,flowers_development:2981
592,train,flowers_development:2945
593,train,flowers_development:2939
594,train,flowers_development:2963
595,train,flowers_development:2927
596,train,flowers_development:2996
597,train,flowers_development:2949
598,train,flowers_development:3006
599,train,flowers_development:2944
600,train,flowers_development:6275
602,train,flowers_development:6292
603,train,flowers_development:6261
604,train,flowers_development:6254
605,train,flowers_development:6273
606,train,flowers_development:6285
607,train,flowers_development:6280
608,train,flowers_development:6256
609,train,flowers_development:6252
610,train,flowers_development:8161
613,train,flowers_development:7279
614,train,flowers_development:8167
615,train,flowers_development:8154
616,train,flowers_development:7274
617,train,flowers_development:8175
618,train,flowers_development:8164
619,train,flowers_development:8166
620,train,flowers_development:5876
621,train,flowers_development:5900
622,train,flowers_development:5896
623,train,flowers_development:5874
625,train,flowers_development:5891
626,train,flowers_development:5897
628,train,flowers_development:5893
629,train,flowers_development:5866
630,train,flowers_development:6105
631,train,flowers_development:6127
632,train,flowers_development:6129
633,train,flowers_development:6119
635,train,flowers_development:6118
636,train,flowers_development:6144
637,train,flowers_development:6101
639,train,flowers_development:6142
640,train,flowers_development:3262
641,train,flowers_development:3283
644,train,flowers_development:3253
645,train,flowers_development:3183
646,train,flowers_development:3215
647,train,flowers_development:3269
649,train,flowers_development:3270
651,train,flowers_development:5564
652,train,flowers_development:5523
653,train,flowers_development:5571
655,train,flowers_development:5573
657,train,flowers_development:5563
658,train,flowers_development:5581
659,train,flowers_development:5538
661,train,flowers_development:7065
662,train,flowers_development:8078
663,train,flowers_development:7059
664,train,flowers_development:7061
665,train,flowers_development:7080
666,train,flowers_development:7069
668,train,flowers_development:7052
669,train,flowers_development:7082
671,train,flowers_development:5922
672,train,flowers_development:5931
673,train,flowers_development:5916
675,train,flowers_development:5950
676,train,flowers_development:5918
677,train,flowers_development:5925
678,train,flowers_development:5951
679,train,flowers_development:5947
680,train,flowers_development:5972
681,train,flowers_development:5986
682,train,flowers_development:6010
683,train,flowers_development:5983
684,train,flowers_development:5994
685,train,flowers_development:5974
686,train,flowers_development:5964
689,train,flowers_development:6002
691,train,flowers_development:5310
692,train,flowers_development:5321
693,train,flowers_development:5333
694,train,flowers_development:5279
695,train,flowers_development:5309
696,train,flowers_development:5289
698,train,flowers_development:5336
701,train,flowers_development:4491
702,train,flowers_development:4538
703,train,flowers_development:4507
704,train,flowers_development:4500
706,train,flowers_development:4518
707,train,flowers_development:4488
708,train,flowers_development:4523
709,train,flowers_development:4537
710,train,flowers_development:3579
711,train,flowers_development:3612
712,train,flowers_development:3597
713,train,flowers_development:3609
714,train,flowers_development:3637
715,train,flowers_development:3548
716,train,flowers_development:3555
717,train,flowers_development:3582
718,train,flowers_development:3619
719,train,flowers_development:3617
720,train,flowers_development:411
721,train,flowers_development:442
722,train,flowers_development:444
723,train,flowers_development:383
725,train,flowers_development:401
726,train,flowers_development:297
728,train,flowers_development:380
729,train,flowers_development:375
730,train,flowers_development:1213
731,train,flowers_development:1236
732,train,flowers_development:1295
736,train,flowers_development:1270
738,train,flowers_development:1304
739,train,flowers_development:1176
740,train,flowers_development:2080
741,train,flowers_development:2182
742,train,flowers_development:2125
743,train,flowers_development:2075
744,train,flowers_development:2146
745,train,flowers_development:2166
746,train,flowers_development:2183
747,train,flowers_development:2184
748,train,flowers_development:2087
750,train,flowers_development:2458
751,train,flowers_development:2519
752,train,flowers_development:2454
753,train,flowers_development:2485
754,train,flowers_development:2523
755,train,flowers_development:2507
757,train,flowers_development:2521
759,train,flowers_development:2475
761,train,flowers_development:126
762,train,flowers_development:144
763,train,flowers_development:216
764,train,flowers_development:79
765,train,flowers_development:118
766,train,flowers_development:28
767,train,flowers_development:36
771,train,flowers_development:1918
772,train,flowers_development:1855
773,train,flowers_development:1942
774,train,flowers_development:1904
776,train,flowers_development:1852
777,train,flowers_development:1832
778,train,flowers_development:1900
779,train,flowers_development:1831
780,train,flowers_development:6715
781,train,flowers_development:6693
782,train,flowers_development:6714
783,train,flowers_development:6700
784,train,flowers_development:6699
785,train,flowers_development:6717
787,train,flowers_development:6710
788,train,flowers_development:6697
789,train,flowers_development:6698
790,train,flowers_development:2003
791,train,flowers_development:1972
793,train,flowers_development:1966
794,train,flowers_development:2006
796,train,flowers_development:1973
797,train,flowers_development:1975
799,train,flowers_development:2014
800,train,flowers_development:864
801,train,flowers_development:848
803,train,flowers_development:876
804,train,flowers_development:912
805,train,flowers_development:921
806,train,flowers_development:922
807,train,flowers_development:888
808,train,flowers_development:803
809,train,flowers_development:945
810,train,flowers_development:1587
811,train,flowers_development:1691
812,train,flowers_development:1613
813,train,flowers_development:1627
814,train,flowers_development:1602
815,train,flowers_development:1639
816,train,flowers_development:1654
817,train,flowers_development:1655
818,train,flowers_development:1640
819,train,flowers_development:1690
820,train,flowers_development:1705
821,train,flowers_development:1785
822,train,flowers_development:1715
823,train,flowers_development:1759
828,train,flowers_development:1716
829,train,flowers_development:1816
830,train,flowers_development:2554
832,train,flowers_development:2578
833,train,flowers_development:2583
836,train,flowers_development:2601
837,train,flowers_development:2598
839,train,flowers_development:2565
841,train,flowers_development:4827
842,train,flowers_development:4797
843,train,flowers_development:4807
845,train,flowers_development:4771
846,train,flowers_development:4779
847,train,flowers_development:4770
848,train,flowers_development:4772
849,train,flowers_development:4814
850,train,flowers_development:2916
851,train,flowers_development:2911
852,train,flowers_development:2894
853,train,flowers_development:2880
855,train,flowers_development:2884
856,train,flowers_development:2863
857,train,flowers_development:2876
858,train,flowers_development:2866
859,train,flowers_development:2879
860,train,flowers_development:5484
862,train,flowers_development:5517
864,train,flowers_development:5479
865,train,flowers_development:5491
866,train,flowers_development:5510
867,train,flowers_development:5461
868,train,flowers_development:5472
869,train,flowers_development:5475
870,train,flowers_development:587
871,train,flowers_development:534
873,train,flowers_development:487
874,train,flowers_development:514
875,train,flowers_development:590
876,train,flowers_development:501
877,train,flowers_development:564
878,train,flowers_development:576
879,train,flowers_development:535
881,train,flowers_development:695
884,train,flowers_development:717
885,train,flowers_development:737
886,train,flowers_development:664
887,train,flowers_development:666
888,train,flowers_development:773
889,train,flowers_development:667
890,train,flowers_development:4475
891,train,flowers_development:4464
892,train,flowers_development:4438
893,train,flowers_development:4443
894,train,flowers_development:4428
895,train,flowers_development:4458
896,train,flowers_development:4480
898,train,flowers_development:4449
899,train,flowers_development:7300
902,train,flowers_development:4836
903,train,flowers_development:4846
904,train,flowers_development:4855
906,train,flowers_development:8056
908,train,flowers_development:8057
909,train,flowers_development:4885
910,train,flowers_development:3034
911,train,flowers_development:3080
912,train,flowers_development:3038
913,train,flowers_development:3072
917,train,flowers_development:3051
919,train,flowers_development:3058
920,train,flowers_development:6017
921,train,flowers_development:6038
923,train,flowers_development:6033
924,train,flowers_development:6016
925,train,flowers_development:6045
926,train,flowers_development:8115
927,train,flowers_development:8112
929,train,flowers_development:6040
930,train,flowers_development:7448
931,train,flowers_development:7307
932,train,flowers_development:7354
933,train,flowers_development:7326
934,train,flowers_development:7434
937,train,flowers_development:7315
938,train,flowers_development:7424
939,train,flowers_development:7389
941,train,flowers_development:7564
942,train,flowers_development:7518
943,train,flowers_development:7549
945,train,flowers_development:7587
946,train,flowers_development:7528
948,train,flowers_development:7560
949,train,flowers_development:7546
951,train,flowers_development:7600
952,train,flowers_development:7628
953,train,flowers_development:7662
954,train,flowers_development:7619
955,train,flowers_development:7599
956,train,flowers_development:7604
957,train,flowers_development:7634
958,train,flowers_development:7630
959,train,flowers_development:7653
960,train,flowers_development:7748
961,train,flowers_development:7709
964,train,flowers_development:7690
965,train,flowers_development:7711
966,train,flowers_development:7706
967,train,flowers_development:7741
969,train,flowers_development:7707
970,train,flowers_development:7790
972,train,flowers_development:7762
973,train,flowers_development:7823
974,train,flowers_development:7825
976,train,flowers_development:7817
977,train,flowers_development:7781
978,train,flowers_development:7803
979,train,flowers_development:7797
980,train,flowers_development:8064
981,train,flowers_development:7851
982,train,flowers_development:7891
984,train,flowers_development:7871
985,train,flowers_development:7863
986,train,flowers_development:7868
987,train,flowers_development:7862
988,train,flowers_development:7876
989,train,flowers_development:7872
990,train,flowers_development:7924
991,train,flowers_development:7913
992,train,flowers_development:7900
993,train,flowers_development:7908
997,train,flowers_development:7934
998,train,flowers_development:7910
999,train,flowers_development:7941
1000,train,flowers_development:7954
1001,train,flowers_development:7988
1002,train,flowers_development:7972
1003,train,flowers_development:7967
1004,train,flowers_development:7963
1005,train,flowers_development:7974
1006,train,flowers_development:7942
1007,train,flowers_development:7952
1009,train,flowers_development:7983
1010,train,flowers_development:8018
1011,train,flowers_development:8003
1012,train,flowers_development:8033
1013,train,flowers_development:8007
1015,train,flowers_development:8004
1016,train,flowers_development:8013
1017,train,flowers_development:8026
1018,train,flowers_development:8036
1020,train,flowers_development:6773
1021,train,flowers_development:6767
1022,train,flowers_development:6739
1023,train,flowers_development:6749
1025,train,flowers_development:6740
1027,train,flowers_development:6747
1028,train,flowers_development:6738
1030,train,flowers_development:5138
1031,train,flowers_development:5101
1032,train,flowers_development:5114
1033,train,flowers_development:5100
1034,train,flowers_development:5123
1035,train,flowers_development:5120
1036,train,flowers_development:5118
1037,train,flowers_development:5116
1038,train,flowers_development:5132
1039,train,flowers_development:5104
1040,train,flowers_development:6630
1041,train,flowers_development:6638
1042,train,flowers_development:6647
1043,train,flowers_development:6646
1044,train,flowers_development:6612
1045,train,flowers_development:6644
1046,train,flowers_development:6640
1047,train,flowers_development:6645
1049,train,flowers_development:6631
1051,train,flowers_development:5658
1052,train,flowers_development:5678
1054,train,flowers_development:5654
1055,train,flowers_development:5674
1056,train,flowers_development:5672
1057,train,flowers_development:5635
1058,train,flowers_development:5651
1059,train,flowers_development:5684
1060,train,flowers_development:5211
1061,train,flowers_development:5178
1062,train,flowers_development:5168
1064,train,flowers_development:5185
1066,train,flowers_development:5204
1067,train,flowers_development:5179
1068,train,flowers_development:5192
1069,train,flowers_development:5162
1070,train,flowers_development:7181
1071,train,flowers_development:8106
1072,train,flowers_development:8111
1073,train,flowers_development:7171
1075,train,flowers_development:7180
1077,train,flowers_development:7167
1078,train,flowers_development:7184
1079,train,flowers_development:7173
1080,train,flowers_development:8101
1081,train,flowers_development:7212
1082,train,flowers_development:7213
1083,train,flowers_development:7228
1084,train,flowers_development:7231
1086,train,flowers_development:7230
1087,train,flowers_development:7219
1088,train,flowers_development:8104
1090,train,flowers_development:3298
1091,train,flowers_development:3346
1093,train,flowers_development:3327
1094,train,flowers_development:3295
1095,train,flowers_development:3306
1096,train,flowers_development:3297
1097,train,flowers_development:3337
1098,train,flowers_development:3310
1100,train,flowers_development:6411
1101,train,flowers_development:6403
1102,train,flowers_development:6427
1103,train,flowers_development:6436
1104,train,flowers_development:6405
1105,train,flowers_development:6432
1106,train,flowers_development:6434
1107,train,flowers_development:6400
1108,train,flowers_development:6428
1110,train,flowers_development:8093
1111,train,flowers_development:7114
1112,train,flowers_development:7093
1113,train,flowers_development:7095
1114,train,flowers_development:7112
1115,train,flowers_development:7102
1117,train,flowers_development:8097
1118,train,flowers_development:7099
1119,train,flowers_development:8090
1120,train,flowers_development:3128
1121,train,flowers_development:3172
1123,train,flowers_development:3166
1124,train,flowers_development:3171
1126,train,flowers_development:3169
1127,train,flowers_development:3132
1128,train,flowers_development:3142
1129,train,flowers_development:3116
1130,train,flowers_development:4076
1131,train,flowers_development:4037
1132,train,flowers_development:4062
1133,train,flowers_development:4056
1135,train,flowers_development:4033
1137,train,flowers_development:4035
1138,train,flowers_development:4073
1139,train,flowers_development:4032
1141,train,flowers_development:5770
1142,train,flowers_development:5767
1143,train,flowers_development:5757
1144,train,flowers_development:5773
1146,train,flowers_development:5774
1147,train,flowers_development:5790
1149,train,flowers_development:5772
1150,train,flowers_development:6049
1151,train,flowers_development:6076
1153,train,flowers_development:6065
1154,train,flowers_development:6055
1155,train,flowers_development:6070
1156,train,flowers_development:6051
1157,train,flowers_development:6073
1158,train,flowers_development:6060
1159,train,flowers_development:6057
1160,train,flowers_development:6349
1161,train,flowers_development:6376
1162,train,flowers_development:6390
1163,train,flowers_development:6392
1164,train,flowers_development:6393
1165,train,flowers_development:6354
1167,train,flowers_development:6381
1168,train,flowers_development:6388
1169,train,flowers_development:6359
1170,train,flowers_development:6669
1173,train,flowers_development:6678
1174,train,flowers_development:6679
1175,train,flowers_development:6691
1176,train,flowers_development:6662
1177,train,flowers_development:6668
1178,train,flowers_development:6675
1179,train,flowers_development:6682
1180,train,flowers_development:6775
1181,train,flowers_development:6802
1182,train,flowers_development:6795
1184,train,flowers_development:6792
1185,train,flowers_development:6809
1186,train,flowers_development:6783
1187,train,flowers_development:6806
1188,train,flowers_development:6780
1189,train,flowers_development:6808
1190,train,flowers_development:3836
1191,train,flowers_development:3903
1194,train,flowers_development:3912
1195,train,flowers_development:3879
1196,train,flowers_development:3854
1197,train,flowers_development:3851
1198,train,flowers_development:3886
1199,train,flowers_development:3874
1200,train,flowers_development:4267
1201,train,flowers_development:4282
1202,train,flowers_development:4261
1203,train,flowers_development:4323
1204,train,flowers_development:4258
1205,train,flowers_development:4296
1206,train,flowers_development:4260
1208,train,flowers_development:4256
1209,train,flowers_development:4312
1210,train,flowers_development:6165
1212,train,flowers_development:6196
1213,train,flowers_development:6156
1214,train,flowers_development:6190
1215,train,flowers_development:6183
1216,train,flowers_development:6155
1217,train,flowers_development:6174
1218,train,flowers_development:6157
1219,train,flowers_development:6191
1220,train,flowers_development:4944
1221,train,flowers_development:4912
1224,train,flowers_development:4950
1225,train,flowers_development:4931
1226,train,flowers_development:4910
1228,train,flowers_development:4905
1229,train,flowers_development:4927
1231,train,flowers_development:5343
1232,train,flowers_development:5373
1233,train,flowers_development:5346
1234,train,flowers_development:5354
1235,train,flowers_development:5376
1237,train,flowers_development:5392
1238,train,flowers_development:5359
1239,train,flowers_development:5360
1241,train,flowers_development:3373
1243,train,flowers_development:3402
1244,train,flowers_development:3449
1245,train,flowers_development:3443
1246,train,flowers_development:3371
1248,train,flowers_development:3406
1249,train,flowers_development:3445
1250,train,flowers_development:6814
1251,train,flowers_development:6824
1252,train,flowers_development:6825
1253,train,flowers_development:6848
1254,train,flowers_development:6819
1255,train,flowers_development:6834
1256,train,flowers_development:6817
1257,train,flowers_development:6849
1259,train,flowers_development:6841
1261,train,flowers_development:6577
1263,train,flowers_development:6599
1264,train,flowers_development:6573
1265,train,flowers_development:6603
1266,train,flowers_development:6585
1267,train,flowers_development:6611
1268,train,flowers_development:6594
1269,train,flowers_development:6584
1270,train,flowers_development:6520
1271,train,flowers_development:6510
1272,train,flowers_development:6518
1273,train,flowers_development:6506
1274,train,flowers_development:6519
1275,train,flowers_development:6512
1276,train,flowers_development:6505
1278,train,flowers_development:6509
1279,train,flowers_development:6521
1280,train,flowers_development:6854
1282,train,flowers_development:6852
1283,train,flowers_development:6858
1284,train,flowers_development:6860
1285,train,flowers_development:6883
1286,train,flowers_development:6865
1287,train,flowers_development:6850
1288,train,flowers_development:6859
1290,train,flowers_development:5266
1292,train,flowers_development:5276
1293,train,flowers_development:5256
1294,train,flowers_development:5235
1295,train,flowers_development:5224
1296,train,flowers_development:5242
1297,train,flowers_development:5233
1298,train,flowers_development:5265
1299,train,flowers_development:5268
1300,train,flowers_development:4089
1301,train,flowers_development:4113
1303,train,flowers_development:4153
1304,train,flowers_development:4088
1306,train,flowers_development:4094
1307,train,flowers_development:4116
1308,train,flowers_development:4110
1309,train,flowers_development:4129
1310,train,flowers_development:3524
1311,train,flowers_development:3469
1312,train,flowers_development:3501
1314,train,flowers_development:3483
1316,train,flowers_development:3521
1317,train,flowers_development:3478
1318,train,flowers_development:3464
1319,train,flowers_development:3471
1320,train,flowers_development:6893
1322,train,flowers_development:6904
1323,train,flowers_development:6917
1324,train,flowers_development:6912
1325,train,flowers_development:6906
1326,train,flowers_development:6894
1327,train,flowers_development:6913
1328,train,flowers_development:6907
1329,train,flowers_development:8069
1330,train,flowers_development:5593
1331,train,flowers_development:5589
1332,train,flowers_development:5600
1333,train,flowers_development:5592
1334,train,flowers_development:5622
1336,train,flowers_development:5603
1337,train,flowers_development:5612
1338,train,flowers_development:5621
1339,train,flowers_development:5598
1340,train,flowers_development:6456
1341,train,flowers_development:6445
1342,train,flowers_development:6441
1343,train,flowers_development:6469
1344,train,flowers_development:6465
1345,train,flowers_development:6442
1346,train,flowers_development:6467
1348,train,flowers_development:6451
1350,train,flowers_development:6934
1351,train,flowers_development:6937
1352,train,flowers_development:6945
1354,train,flowers_development:6939
1356,train,flowers_development:6948
1358,train,flowers_development:6943
1359,train,flowers_development:6942
1360,train,flowers_development:7002
1361,train,flowers_development:6985
1362,train,flowers_development:8087
1363,train,flowers_development:6983
1364,train,flowers_development:6971
1365,train,flowers_development:6984
1366,train,flowers_development:6996
1368,train,flowers_development:7003
1369,train,flowers_development:6981
1370,train,flowers_development:4337
1372,train,flowers_development:4374
1373,train,flowers_development:4331
1374,train,flowers_development:4366
1375,train,flowers_development:4357
1376,train,flowers_development:4350
1378,train,flowers_development:4361
1379,train,flowers_development:4356
1380,train,flowers_development:3780
1381,train,flowers_development:3770
1384,train,flowers_development:3814
1385,train,flowers_development:3799
1386,train,flowers_development:3744
1387,train,flowers_development:3738
1388,train,flowers_development:7288
1389,train,flowers_development:3789
1390,train,flowers_development:5805
1391,train,flowers_development:5800
1393,train,flowers_development:5829
1394,train,flowers_development:5824
1395,train,flowers_development:5833
1397,train,flowers_development:5797
1399,train,flowers_development:5842
1400,train,flowers_development:7041
1401,train,flowers_development:7015
1403,train,flowers_development:7032
1404,train,flowers_development:7012
1405,train,flowers_development:7008
1406,train,flowers_development:7029
1408,train,flowers_development:7028
1412,train,flowers_development:4567
1413,train,flowers_development:4570
1414,train,flowers_development:4616
1415,train,flowers_development:4581
1416,train,flowers_development:4568
1417,train,flowers_development:4608
1418,train,flowers_development:4571
1419,train,flowers_development:4603
1420,train,flowers_development:2242
1421,train,flowers_development:2227
1422,train,flowers_development:2259
1423,train,flowers_development:2277
1424,train,flowers_development:2250
1425,train,flowers_development:2201
1426,train,flowers_development:2239
1427,train,flowers_development:2211
1428,train,flowers_development:2215
1430,train,flowers_development:5719
1431,train,flowers_development:5722
1432,train,flowers_development:5698
1434,train,flowers_development:5691
1436,train,flowers_development:5741
1437,train,flowers_development:5709
1438,train,flowers_development:5730
1439,train,flowers_development:5711
1440,train,flowers_development:2350
1441,train,flowers_development:2421
1442,train,flowers_development:2375
1443,train,flowers_development:2354
1444,train,flowers_development:2378
1445,train,flowers_development:2327
1446,train,flowers_development:2326
1447,train,flowers_development:2361
1449,train,flowers_development:2334
1450,train,flowers_development:1521
1453,train,flowers_development:1546
1454,train,flowers_development:1542
1455,train,flowers_development:1553
1456,train,flowers_development:1522
1457,train,flowers_development:1498
1458,train,flowers_development:1571
1459,train,flowers_development:1556
1460,train,flowers_development:7154
1461,train,flowers_development:7128
1462,train,flowers_development:7129
1463,train,flowers_development:7132
1464,train,flowers_development:7141
1466,train,flowers_development:7139
1467,train,flowers_development:7124
1468,train,flowers_development:7133
1469,train,flowers_development:7152
1470,train,flowers_development:1035
1471,train,flowers_development:1024
1472,train,flowers_development:974
1473,train,flowers_development:1010
1474,train,flowers_development:1089
1475,train,flowers_development:979
1477,train,flowers_development:1087
1478,train,flowers_development:1111
1480,train,flowers_development:4988
1482,train,flowers_development:4969
1483,train,flowers_development:4964
1484,train,flowers_development:4961
1485,train,flowers_development:4965
1486,train,flowers_development:4991
1488,train,flowers_development:5019
1489,train,flowers_development:4985
1491,train,flowers_development:4656
1492,train,flowers_development:4670
1493,train,flowers_development:4693
1494,train,flowers_development:4628
1495,train,flowers_development:4654
1496,train,flowers_development:4682
1497,train,flowers_development:4636
1498,train,flowers_development:4679
1499,train,flowers_development:4652
1500,train,flowers_development:6200
1501,train,flowers_development:6225
1502,train,flowers_development:6204
1503,train,flowers_development:6239
1504,train,flowers_development:6217
1505,train,flowers_development:6223
1506,train,flowers_development:6224
1507,train,flowers_development:6209
1509,train,flowers_development:6205
1511,train,flowers_development:6553
1512,train,flowers_development:6562
1513,train,flowers_development:6343
1514,train,flowers_development:6564
1517,train,flowers_development:6560
1518,train,flowers_development:6307
1519,train,flowers_development:6313
1520,train,flowers_development:1335
1523,train,flowers_development:3923
1524,train,flowers_development:1445
1526,train,flowers_development:1486
1527,train,flowers_development:1413
1528,train,flowers_development:1459
1529,train,flowers_development:1314
1531,train,flowers_development:4181
1532,train,flowers_development:4179
1533,train,flowers_development:4166
1535,train,flowers_development:4205
1536,train,flowers_development:4170
1537,train,flowers_development:4226
1539,train,flowers_development:4196
1540,train,flowers_development:3709
1541,train,flowers_development:3658
1542,train,flowers_development:3688
1543,train,flowers_development:3659
1544,train,flowers_development:3690
1547,train,flowers_development:3714
1548,train,flowers_development:3708
1549,train,flowers_development:3675
1551,train,flowers_development:5441
1552,train,flowers_development:5410
1553,train,flowers_development:5447
1554,train,flowers_development:5404
1555,train,flowers_development:5446
1557,train,flowers_development:5444
1558,train,flowers_development:5449
1560,train,flowers_development:4763
1563,train,flowers_development:4698
1564,train,flowers_development:4732
1565,train,flowers_development:4738
1566,train,flowers_development:4761
1567,train,flowers_development:4721
1568,train,flowers_development:4743
1569,train,flowers_development:4696
1571,train,flowers_development:2841
1573,train,flowers_development:2782
1574,train,flowers_development:2753
1575,train,flowers_development:2846
1576,train,flowers_development:2854
1577,train,flowers_development:2833
1578,train,flowers_development:2834
1579,train,flowers_development:2802
1580,train,flowers_development:7256
1582,train,flowers_development:7239
1584,train,flowers_development:7253
1585,train,flowers_development:7252
1587,train,flowers_development:8119
1588,train,flowers_development:7251
1589,train,flowers_development:7254
1590,train,flowers_development:2709
1591,train,flowers_development:2738
1592,train,flowers_development:2730
1593,train,flowers_development:2745
1595,train,flowers_development:2694
1597,train,flowers_development:2720
1599,train,flowers_development:2642
1600,train,flowers_development:5064
1601,train,flowers_development:5085
1602,train,flowers_development:5022
1603,train,flowers_development:5028
1604,train,flowers_development:5069
1605,train,flowers_development:5055
1608,train,flowers_development:5084
1609,train,flowers_development:5045
1610,train,flowers_development:2987
1611,train,flowers_development:3025
1612,train,flowers_development:3027
1614,train,flowers_development:2959
1615,train,flowers_development:2934
1618,train,flowers_development:2966
1619,train,flowers_development:3013
1620,train,flowers_development:6281
1622,train,flowers_development:6274
1623,train,flowers_development:6255
1624,train,flowers_development:6276
1625,train,flowers_development:6293
1626,train,flowers_development:6268
1627,train,flowers_development:6257
1630,train,flowers_development:8179
1631,train,flowers_development:8174
1632,train,flowers_development:7278
1633,train,flowers_development:8157
1634,train,flowers_development:8185
1636,train,flowers_development:7280
1638,train,flowers_development:8182
1639,train,flowers_development:8173
1640,train,flowers_development:5902
1641,train,flowers_development:5858
1642,train,flowers_development:5898
1643,train,flowers_development:5886
1644,train,flowers_development:5901
1645,train,flowers_development:5868
1647,train,flowers_development:5855
1649,train,flowers_development:5880
1651,train,flowers_development:6126
1652,train,flowers_development:6103
1653,train,flowers_development:6145
1654,train,flowers_development:6124
1655,train,flowers_development:6102
1657,train,flowers_development:6111
1658,train,flowers_development:6128
1659,train,flowers_development:6108
1660,train,flowers_development:3234
1661,train,flowers_development:3225
1662,train,flowers_development:3219
1663,train,flowers_development:3272
1664,train,flowers_development:3281
1666,train,flowers_development:3248
1667,train,flowers_development:3202
1668,train,flowers_development:3194
1669,train,flowers_development:3191
1670,train,flowers_development:5582
1671,train,flowers_development:5529
1672,train,flowers_development:5550
1673,train,flowers_development:5583
1674,train,flowers_development:5524
1675,train,flowers_development:5568
1676,train,flowers_development:5579
1677,train,flowers_development:5533
1678,train,flowers_development:5530
1680,train,flowers_development:7051
1681,train,flowers_development:7074
1682,train,flowers_development:7071
1683,train,flowers_development:7083
1684,train,flowers_development:7053
1685,train,flowers_development:7056
1686,train,flowers_development:7077
1688,train,flowers_development:7073
1690,train,flowers_development:5956
1692,train,flowers_development:5934
1693,train,flowers_development:5905
1694,train,flowers_development:5926
1695,train,flowers_development:5945
1697,train,flowers_development:5940
1698,train,flowers_development:5913
1699,train,flowers_development:5921
1701,train,flowers_development:6004
1702,train,flowers_development:5993
1703,train,flowers_development:5971
1705,train,flowers_development:5975
1706,train,flowers_development:5989
1707,train,flowers_development:6006
1708,train,flowers_development:5977
1709,train,flowers_development:5962
1710,train,flowers_development:5291
1711,train,flowers_development:5303
1712,train,flowers_development:5323
1713,train,flowers_development:5285
1714,train,flowers_development:5293
1716,train,flowers_development:5339
1717,train,flowers_development:5317
1718,train,flowers_development:5320
1719,train,flowers_development:5305
1720,train,flowers_development:4534
1721,train,flowers_development:4490
1722,train,flowers_development:4540
1723,train,flowers_development:4529
1724,train,flowers_development:4487
1726,train,flowers_development:4512
1728,train,flowers_development:4515
1729,train,flowers_development:4498
1730,train,flowers_development:3581
1733,train,flowers_development:3564
1734,train,flowers_development:3570
1735,train,flowers_development:3605
1736,train,flowers_development:3601
1739,train,flowers_development:3566
1741,train,flowers_development:255
1742,train,flowers_development:366
1743,train,flowers_development:364
1744,train,flowers_development:433
1746,train,flowers_development:269
1747,train,flowers_development:400
1748,train,flowers_development:304
1749,train,flowers_development:291
1750,train,flowers_development:1147
1751,train,flowers_development:1251
1752,train,flowers_development:1196
1753,train,flowers_development:1261
1754,train,flowers_development:1271
1755,train,flowers_development:1159
1756,train,flowers_development:1190
1757,train,flowers_development:1212
1758,train,flowers_development:1152
1759,train,flowers_development:1162
1760,train,flowers_development:2158
1761,train,flowers_development:2163
1763,train,flowers_development:2110
1764,train,flowers_development:2098
1765,train,flowers_development:2144
1767,train,flowers_development:2095
1769,train,flowers_development:2160
1771,train,flowers_development:2506
1772,train,flowers_development:2492
1774,train,flowers_development:2543
1775,train,flowers_development:2511
1776,train,flowers_development:2514
1777,train,flowers_development:2461
1778,train,flowers_development:2466
1779,train,flowers_development:2550
1780,train,flowers_development:83
1781,train,flowers_development:38
1782,train,flowers_development:212
1784,train,flowers_development:169
1785,train,flowers_development:222
1786,train,flowers_development:94
1787,train,flowers_development:23
1788,train,flowers_development:17
1789,train,flowers_development:55
1790,train,flowers_development:1864
1791,train,flowers_development:1929
1792,train,flowers_development:1835
1793,train,flowers_development:1886
1794,train,flowers_development:1937
1795,train,flowers_development:1907
1797,train,flowers_development:1948
1799,train,flowers_development:1963
1800,train,flowers_development:6716
1802,train,flowers_development:6713
1803,train,flowers_development:6724
1804,train,flowers_development:6732
1805,train,flowers_development:6719
1806,train,flowers_development:6695
1808,train,flowers_development:6696
1810,train,flowers_development:2011
1812,train,flowers_development:1993
1813,train,flowers_development:2020
1814,train,flowers_development:2055
1815,train,flowers_development:1988
1816,train,flowers_development:2019
1817,train,flowers_development:2066
1818,train,flowers_development:2058
1819,train,flowers_development:2007
1820,train,flowers_development:902
1821,train,flowers_development:911
1823,train,flowers_development:832
1824,train,flowers_development:795
1825,train,flowers_development:825
1826,train,flowers_development:794
1827,train,flowers_development:839
1830,train,flowers_development:1608
1834,train,flowers_development:1637
1835,train,flowers_development:1688
1836,train,flowers_development:1683
1838,train,flowers_development:1644
1839,train,flowers_development:1638
1840,train,flowers_development:1797
1841,train,flowers_development:1796
1842,train,flowers_development:1719
1843,train,flowers_development:1747
1844,train,flowers_development:1763
1845,train,flowers_development:1781
1846,train,flowers_development:1789
1847,train,flowers_development:1776
1848,train,flowers_development:1742
1849,train,flowers_development:1751
1850,train,flowers_development:2632
1851,train,flowers_development:2566
1852,train,flowers_development:2603
1853,train,flowers_development:2560
1854,train,flowers_development:2577
1855,train,flowers_development:2581
1856,train,flowers_development:2630
1857,train,flowers_development:2634
1858,train,flowers_development:2608
1859,train,flowers_development:2571
1860,train,flowers_development:4782
1861,train,flowers_development:4784
1863,train,flowers_development:4825
1864,train,flowers_development:4799
1865,train,flowers_development:4816
1867,train,flowers_development:4789
1868,train,flowers_development:4778
1869,train,flowers_development:4774
1870,train,flowers_development:2867
1871,train,flowers_development:2888
1872,train,flowers_development:2892
1873,train,flowers_development:2909
1876,train,flowers_development:2877
1877,train,flowers_development:2873
1878,train,flowers_development:2915
1881,train,flowers_development:5465
1882,train,flowers_development:5478
1883,train,flowers_development:5506
1884,train,flowers_development:5507
1885,train,flowers_development:5500
1886,train,flowers_development:5516
1887,train,flowers_development:5511
1888,train,flowers_development:5508
1892,train,flowers_development:468
1894,train,flowers_development:516
1895,train,flowers_development:495
1896,train,flowers_development:498
1897,train,flowers_development:479
1898,train,flowers_development:543
1899,train,flowers_development:549
1900,train,flowers_development:741
1901,train,flowers_development:706
1902,train,flowers_development:763
1903,train,flowers_development:607
1904,train,flowers_development:685
1905,train,flowers_development:665
1906,train,flowers_development:692
1907,train,flowers_development:628
1908,train,flowers_development:640
1910,train,flowers_development:4408
1912,train,flowers_development:4405
1913,train,flowers_development:4440
1914,train,flowers_development:4429
1915,train,flowers_development:4467
1916,train,flowers_development:4453
1919,train,flowers_development:4469
1920,train,flowers_development:4868
1921,train,flowers_development:4830
1922,train,flowers_development:4875
1923,train,flowers_development:8059
1924,train,flowers_development:4879
1925,train,flowers_development:4835
1926,train,flowers_development:8061
1927,train,flowers_development:4831
1928,train,flowers_development:4845
1929,train,flowers_development:4847
1930,train,flowers_development:3052
1931,train,flowers_development:3033
1932,train,flowers_development:3086
1933,train,flowers_development:3029
1934,train,flowers_development:3067
1935,train,flowers_development:3048
1936,train,flowers_development:3079
1937,train,flowers_development:3064
1938,train,flowers_development:3065
1939,train,flowers_development:3094
1940,train,flowers_development:6025
1942,train,flowers_development:8113
1944,train,flowers_development:6039
1945,train,flowers_development:6042
1946,train,flowers_development:6048
1947,train,flowers_development:6023
1948,train,flowers_development:8116
1949,train,flowers_development:6019
1950,train,flowers_development:7436
1951,train,flowers_development:7421
1953,train,flowers_development:7398
1954,train,flowers_development:7453
1955,train,flowers_development:7334
1956,train,flowers_development:7418
1957,train,flowers_development:7338
1958,train,flowers_development:7386
1960,train,flowers_development:7491
1961,train,flowers_development:7512
1962,train,flowers_development:7478
1963,train,flowers_development:7494
1964,train,flowers_development:7520
1965,train,flowers_development:7523
1966,train,flowers_development:7503
1967,train,flowers_development:7513
1968,train,flowers_development:7495
1970,train,flowers_development:7638
1972,train,flowers_development:7674
1973,train,flowers_development:7637
1975,train,flowers_development:7624
1976,train,flowers_development:7654
1977,train,flowers_development:7603
1978,train,flowers_development:7597
1980,train,flowers_development:7734
1981,train,flowers_development:7694
1982,train,flowers_development:7715
1984,train,flowers_development:7743
1985,train,flowers_development:7701
1986,train,flowers_development:7724
1987,train,flowers_development:7691
1988,train,flowers_development:7700
1989,train,flowers_development:7731
1990,train,flowers_development:7820
1991,train,flowers_development:7811
1994,train,flowers_development:7767
1995,train,flowers_development:7753
1996,train,flowers_development:7824
1997,train,flowers_development:7828
1998,train,flowers_development:7799
1999,train,flowers_development:7786
2001,train,flowers_development:7835
2002,train,flowers_development:7850
2003,train,flowers_development:7834
2005,train,flowers_development:7842
2006,train,flowers_development:7877
2007,train,flowers_development:7861
2009,train,flowers_development:7857
2010,train,flowers_development:7906
2011,train,flowers_development:7927
2012,train,flowers_development:7932
2013,train,flowers_development:7935
2014,train,flowers_development:7907
2015,train,flowers_development:7917
2017,train,flowers_development:7902
2018,train,flowers_development:7931
2019,train,flowers_development:7928
2020,train,flowers_development:7957
2021,train,flowers_development:7989
2024,train,flowers_development:7999
2026,train,flowers_development:7991
2027,train,flowers_development:7946
2028,train,flowers_development:7976
2029,train,flowers_development:7977
2030,train,flowers_development:8016
2032,train,flowers_development:8034
2033,train,flowers_development:8042
2035,train,flowers_development:8046
2036,train,flowers_development:8009
2037,train,flowers_development:8028
2038,train,flowers_development:8008
2039,train,flowers_development:8030
5,heldout,flowers_development:6766
13,heldout,flowers_development:5115
14,heldout,flowers_development:5091
17,heldout,flowers_development:5108
19,heldout,flowers_development:5146
21,heldout,flowers_development:6623
24,heldout,flowers_development:6626
28,heldout,flowers_development:6614
32,heldout,flowers_development:5634
36,heldout,flowers_development:5637
40,heldout,flowers_development:5194
49,heldout,flowers_development:5187
52,heldout,flowers_development:8109
53,heldout,flowers_development:7165
65,heldout,flowers_development:8103
68,heldout,flowers_development:7221
73,heldout,flowers_development:3356
76,heldout,flowers_development:3336
82,heldout,flowers_development:6438
86,heldout,flowers_development:6404
89,heldout,flowers_development:6408
90,heldout,flowers_development:8095
94,heldout,flowers_development:7107
95,heldout,flowers_development:7113
101,heldout,flowers_development:3117
103,heldout,flowers_development:3165
117,heldout,flowers_development:4058
118,heldout,flowers_development:4059
122,heldout,flowers_development:5789
130,heldout,flowers_development:6075
132,heldout,flowers_development:6087
138,heldout,flowers_development:6058
144,heldout,flowers_development:6356
146,heldout,flowers_development:6384
147,heldout,flowers_development:6375
150,heldout,flowers_development:6681
152,heldout,flowers_development:6690
161,heldout,flowers_development:6804
163,heldout,flowers_development:6794
165,heldout,flowers_development:6788
170,heldout,flowers_development:3875
172,heldout,flowers_development:3887
181,heldout,flowers_development:4244
183,heldout,flowers_development:4287
189,heldout,flowers_development:4279
191,heldout,flowers_development:6186
194,heldout,flowers_development:6175
198,heldout,flowers_development:6170
205,heldout,flowers_development:4919
210,heldout,flowers_development:5374
215,heldout,flowers_development:5379
227,heldout,flowers_development:3427
233,heldout,flowers_development:6839
236,heldout,flowers_development:8051
238,heldout,flowers_development:6828
245,heldout,flowers_development:6587
249,heldout,flowers_development:6576
250,heldout,flowers_development:6491
251,heldout,flowers_development:6487
257,heldout,flowers_development:6516
261,heldout,flowers_development:6878
266,heldout,flowers_development:6855
270,heldout,flowers_development:5243
271,heldout,flowers_development:5272
277,heldout,flowers_development:5261
281,heldout,flowers_development:4142
282,heldout,flowers_development:4139
295,heldout,flowers_development:3528
296,heldout,flowers_development:3473
301,heldout,flowers_development:8075
305,heldout,flowers_development:6911
306,heldout,flowers_development:6910
313,heldout,flowers_development:5601
314,heldout,flowers_development:5616
316,heldout,flowers_development:5609
324,heldout,flowers_development:6480
326,heldout,flowers_development:6459
337,heldout,flowers_development:6940
344,heldout,flowers_development:8088
347,heldout,flowers_development:6994
348,heldout,flowers_development:6979
354,heldout,flowers_development:4333
355,heldout,flowers_development:4338
360,heldout,flowers_development:7294
369,heldout,flowers_development:3822
374,heldout,flowers_development:5798
388,heldout,flowers_development:7043
395,heldout,flowers_development:4563
399,heldout,flowers_development:4572
402,heldout,flowers_development:2209
404,heldout,flowers_development:2231
407,heldout,flowers_development:2257
413,heldout,flowers_development:5740
419,heldout,flowers_development:5724
420,heldout,flowers_development:2357
422,heldout,flowers_development:2400
426,heldout,flowers_development:2373
433,heldout,flowers_development:1566
439,heldout,flowers_development:1533
443,heldout,flowers_development:7136
444,heldout,flowers_development:7153
446,heldout,flowers_development:7156
450,heldout,flowers_development:1019
455,heldout,flowers_development:1142
466,heldout,flowers_development:4970
469,heldout,flowers_development:4978
471,heldout,flowers_development:4676
475,heldout,flowers_development:4660
477,heldout,flowers_development:4683
480,heldout,flowers_development:6243
481,heldout,flowers_development:6229
485,heldout,flowers_development:6233
491,heldout,flowers_development:6308
508,heldout,flowers_development:1455
510,heldout,flowers_development:4215
524,heldout,flowers_development:3651
526,heldout,flowers_development:3719
539,heldout,flowers_development:5430
542,heldout,flowers_development:4735
548,heldout,flowers_development:4741
556,heldout,flowers_development:2852
557,heldout,flowers_development:2812
564,heldout,flowers_development:7247
573,heldout,flowers_development:2675
580,heldout,flowers_development:5066
581,heldout,flowers_development:5042
590,heldout,flowers_development:3012
601,heldout,flowers_development:6248
611,heldout,flowers_development:8177
612,heldout,flowers_development:8165
624,heldout,flowers_development:5888
627,heldout,flowers_development:5881
634,heldout,flowers_development:6133
638,heldout,flowers_development:6122
642,heldout,flowers_development:3237
643,heldout,flowers_development:3229
648,heldout,flowers_development:3256
650,heldout,flowers_development:5576
654,heldout,flowers_development:5560
656,heldout,flowers_development:5567
660,heldout,flowers_development:7058
667,heldout,flowers_development:7063
670,heldout,flowers_development:5937
674,heldout,flowers_development:5906
687,heldout,flowers_development:6000
688,heldout,flowers_development:5997
690,heldout,flowers_development:5330
697,heldout,flowers_development:5306
699,heldout,flowers_development:5292
700,heldout,flowers_development:4524
705,heldout,flowers_development:4554
724,heldout,flowers_development:319
727,heldout,flowers_development:274
733,heldout,flowers_development:1234
734,heldout,flowers_development:1221
735,heldout,flowers_development:1285
737,heldout,flowers_development:1254
749,heldout,flowers_development:2081
756,heldout,flowers_development:2471
758,heldout,flowers_development:2500
760,heldout,flowers_development:116
768,heldout,flowers_development:200
769,heldout,flowers_development:177
770,heldout,flowers_development:1923
775,heldout,flowers_development:1932
786,heldout,flowers_development:6704
792,heldout,flowers_development:1987
795,heldout,flowers_development:1997
798,heldout,flowers_development:1990
802,heldout,flowers_development:893
824,heldout,flowers_development:1779
825,heldout,flowers_development:1821
826,heldout,flowers_development:1819
827,heldout,flowers_development:1760
831,heldout,flowers_development:2609
834,heldout,flowers_development:2573
835,heldout,flowers_development:2600
838,heldout,flowers_development:2614
840,heldout,flowers_development:4806
844,heldout,flowers_development:4776
854,heldout,flowers_development:2901
861,heldout,flowers_development:5498
863,heldout,flowers_development:5485
872,heldout,flowers_development:485
880,heldout,flowers_development:656
882,heldout,flowers_development:668
883,heldout,flowers_development:672
897,heldout,flowers_development:4418
900,heldout,flowers_development:4860
901,heldout,flowers_development:4851
905,heldout,flowers_development:4829
907,heldout,flowers_development:4852
914,heldout,flowers_development:3069
915,heldout,flowers_development:3046
916,heldout,flowers_development:3050
918,heldout,flowers_development:3093
922,heldout,flowers_development:6013
928,heldout,flowers_development:6027
935,heldout,flowers_development:7351
936,heldout,flowers_development:7371
940,heldout,flowers_development:7562
944,heldout,flowers_development:7571
947,heldout,flowers_development:7570
950,heldout,flowers_development:7617
962,heldout,flowers_development:7708
963,heldout,flowers_development:7742
968,heldout,flowers_development:7710
971,heldout,flowers_development:7802
975,heldout,flowers_development:7771
983,heldout,flowers_development:8063
994,heldout,flowers_development:7930
995,heldout,flowers_development:7914
996,heldout,flowers_development:7918
1008,heldout,flowers_development:7986
1014,heldout,flowers_development:8024
1019,heldout,flowers_development:8041
1024,heldout,flowers_development:6763
1026,heldout,flowers_development:6761
1029,heldout,flowers_development:6754
1048,heldout,flowers_development:6639
1050,heldout,flowers_development:5663
1053,heldout,flowers_development:5648
1063,heldout,flowers_development:5166
1065,heldout,flowers_development:5169
1074,heldout,flowers_development:7196
1076,heldout,flowers_development:7166
1085,heldout,flowers_development:7224
1089,heldout,flowers_development:7210
1092,heldout,flowers_development:3339
1099,heldout,flowers_development:3318
1109,heldout,flowers_development:6413
1116,heldout,flowers_development:7104
1122,heldout,flowers_development:3104
1125,heldout,flowers_development:3156
1134,heldout,flowers_development:4057
1136,heldout,flowers_development:4075
1140,heldout,flowers_development:5791
1145,heldout,flowers_development:5768
1148,heldout,flowers_development:5785
1152,heldout,flowers_development:6059
1166,heldout,flowers_development:6378
1171,heldout,flowers_development:6680
1172,heldout,flowers_development:6686
1183,heldout,flowers_development:6789
1192,heldout,flowers_development:3852
1193,heldout,flowers_development:3867
1207,heldout,flowers_development:4246
1211,heldout,flowers_development:6185
1222,heldout,flowers_development:4952
1223,heldout,flowers_development:4947
1227,heldout,flowers_development:4936
1230,heldout,flowers_development:5388
1236,heldout,flowers_development:5366
1240,heldout,flowers_development:3420
1242,heldout,flowers_development:3448
1247,heldout,flowers_development:3386
1258,heldout,flowers_development:6840
1260,heldout,flowers_development:6580
1262,heldout,flowers_development:6591
1277,heldout,flowers_development:6513
1281,heldout,flowers_development:6873
1289,heldout,flowers_development:6867
1291,heldout,flowers_development:5221
1302,heldout,flowers_development:4128
1305,heldout,flowers_development:4100
1313,heldout,flowers_development:3480
1315,heldout,flowers_development:3508
1321,heldout,flowers_development:8077
1335,heldout,flowers_development:5608
1347,heldout,flowers_development:6446
1349,heldout,flowers_development:6454
1353,heldout,flowers_development:6964
1355,heldout,flowers_development:6955
1357,heldout,flowers_development:6958
1367,heldout,flowers_development:7006
1371,heldout,flowers_development:4392
1377,heldout,flowers_development:4388
1382,heldout,flowers_development:3821
1383,heldout,flowers_development:7285
1392,heldout,flowers_development:5814
1396,heldout,flowers_development:5845
1398,heldout,flowers_development:5834
1402,heldout,flowers_development:7011
1407,heldout,flowers_development:7033
1409,heldout,flowers_development:7035
1410,heldout,flowers_development:4560
1411,heldout,flowers_development:4559
1429,heldout,flowers_development:2204
1433,heldout,flowers_development:5720
1435,heldout,flowers_development:5694
1448,heldout,flowers_development:2398
1451,heldout,flowers_development:1558
1452,heldout,flowers_development:1580
1465,heldout,flowers_development:7127
1476,heldout,flowers_development:1049
1479,heldout,flowers_development:969
1481,heldout,flowers_development:5002
1487,heldout,flowers_development:5009
1490,heldout,flowers_development:4640
1508,heldout,flowers_development:6241
1510,heldout,flowers_development:6543
1515,heldout,flowers_development:6300
1516,heldout,flowers_development:6534
1521,heldout,flowers_development:1446
1522,heldout,flowers_development:1452
1525,heldout,flowers_development:3957
1530,heldout,flowers_development:4175
1534,heldout,flowers_development:4207
1538,heldout,flowers_development:4186
1545,heldout,flowers_development:3700
1546,heldout,flowers_development:3731
1550,heldout,flowers_development:5413
1556,heldout,flowers_development:5456
1559,heldout,flowers_development:5424
1561,heldout,flowers_development:4754
1562,heldout,flowers_development:4719
1570,heldout,flowers_development:2830
1572,heldout,flowers_development:2803
1581,heldout,flowers_development:8121
1583,heldout,flowers_development:8133
1586,heldout,flowers_development:8138
1594,heldout,flowers_development:2696
1596,heldout,flowers_development:2672
1598,heldout,flowers_development:2678
1606,heldout,flowers_development:5065
1607,heldout,flowers_development:5077
1613,heldout,flowers_development:2995
1616,heldout,flowers_development:2956
1617,heldout,flowers_development:3000
1621,heldout,flowers_development:6249
1628,heldout,flowers_development:6253
1629,heldout,flowers_development:6279
1635,heldout,flowers_development:8187
1637,heldout,flowers_development:8176
1646,heldout,flowers_development:5895
1648,heldout,flowers_development:5860
1650,heldout,flowers_development:6098
1656,heldout,flowers_development:6097
1665,heldout,flowers_development:3276
1679,heldout,flowers_development:5541
1687,heldout,flowers_development:7070
1689,heldout,flowers_development:7054
1691,heldout,flowers_development:5954
1696,heldout,flowers_development:5909
1700,heldout,flowers_development:5958
1704,heldout,flowers_development:5990
1715,heldout,flowers_development:5327
1725,heldout,flowers_development:4489
1727,heldout,flowers_development:4516
1731,heldout,flowers_development:3568
1732,heldout,flowers_development:3561
1737,heldout,flowers_development:3583
1738,heldout,flowers_development:3600
1740,heldout,flowers_development:285
1745,heldout,flowers_development:381
1762,heldout,flowers_development:2159
1766,heldout,flowers_development:2185
1768,heldout,flowers_development:2179
1770,heldout,flowers_development:2477
1773,heldout,flowers_development:2468
1783,heldout,flowers_development:82
1796,heldout,flowers_development:1847
1798,heldout,flowers_development:1934
1801,heldout,flowers_development:6708
1807,heldout,flowers_development:6731
1809,heldout,flowers_development:6709
1811,heldout,flowers_development:2060
1822,heldout,flowers_development:843
1828,heldout,flowers_development:881
1829,heldout,flowers_development:874
1831,heldout,flowers_development:1618
1832,heldout,flowers_development:1656
1833,heldout,flowers_development:1657
1837,heldout,flowers_development:1695
1862,heldout,flowers_development:4777
1866,heldout,flowers_development:4767
1874,heldout,flowers_development:2906
1875,heldout,flowers_development:2912
1879,heldout,flowers_development:2910
1880,heldout,flowers_development:5463
1889,heldout,flowers_development:5466
1890,heldout,flowers_development:524
1891,heldout,flowers_development:570
1893,heldout,flowers_development:578
1909,heldout,flowers_development:719
1911,heldout,flowers_development:4479
1917,heldout,flowers_development:4417
1918,heldout,flowers_development:4403
1941,heldout,flowers_development:6043
1943,heldout,flowers_development:6026
1952,heldout,flowers_development:7336
1959,heldout,flowers_development:7325
1969,heldout,flowers_development:7479
1971,heldout,flowers_development:7656
1974,heldout,flowers_development:7644
1979,heldout,flowers_development:7643
1983,heldout,flowers_development:7692
1992,heldout,flowers_development:7804
1993,heldout,flowers_development:7806
2000,heldout,flowers_development:7849
2004,heldout,flowers_development:7833
2008,heldout,flowers_development:7883
2016,heldout,flowers_development:7915
2022,heldout,flowers_development:7969
2023,heldout,flowers_development:7975
2025,heldout,flowers_development:7990
2031,heldout,flowers_development:8035
2034,heldout,flowers_development:8031
