backbone_lr,best_accuracy,classifier_lr,epoch,heldout_accuracy,loss,stage
0.0001,0.02585487906588824,0.01,0,0.02585487906588824,5.300768178304036,1
0.0001,0.07089241034195162,0.01,1,0.07089241034195162,5.193404712677002,1
0.0001,0.11009174311926606,0.01,2,0.11009174311926606,5.085497207641602,1
0.0001,0.14595496246872394,0.01,3,0.14595496246872394,4.980183973312378,1
0.0001,0.17764804003336113,0.01,4,0.17764804003336113,4.86761848449707,1
0.0001,0.20100083402835697,0.01,5,0.20100083402835697,4.762113711039225,1
0.0001,0.24437030859049208,0.01,6,0.24437030859049208,4.621680924097697,1
0.0001,0.24520433694745622,0.01,7,0.24520433694745622,4.481381438573202,1
0.0001,0.2635529608006672,0.01,8,0.2635529608006672,4.329215064048767,1
0.0001,0.28690575479566305,0.01,9,0.28690575479566305,4.180676625569661,1
0.0001,0.28690575479566305,0.01,10,0.2810675562969141,4.056774056752523,1
0.0001,0.2969140950792327,0.01,11,0.2969140950792327,3.9167042064666746,1
0.0001,0.3269391159299416,0.01,12,0.3269391159299416,3.7850536712010703,1
0.0001,0.3269391159299416,0.01,13,0.32276897414512096,3.674844175974528,1
0.0001,0.32777314428690574,0.01,14,0.32777314428690574,3.561915346781413,1
0.0001,0.3377814845704754,0.01,15,0.3377814845704754,3.4473613484700523,1
0.0001,0.34445371142618847,0.01,16,0.34445371142618847,3.326516965230306,1
0.0001,0.36613844870725604,0.01,17,0.36613844870725604,3.222369473775228,1
0.0001,0.37447873227689743,0.01,18,0.37447873227689743,3.1297134494781496,1
0.0001,0.37447873227689743,0.01,19,0.3694745621351126,3.0316266632080078,1
0.0001,0.377814845704754,0.01,20,0.377814845704754,2.951896514892578,1
0.0001,0.3878231859883236,0.01,21,0.3878231859883236,2.8462691418329875,1
0.0001,0.3994995829858215,0.01,22,0.3994995829858215,2.7541130367914834,1
0.0001,0.40033361134278567,0.01,23,0.40033361134278567,2.673184061050415,1
0.0001,0.4103419516263553,0.01,24,0.4103419516263553,2.594271111488342,1
0.0001,0.43369474562135113,0.01,25,0.43369474562135113,2.50926190217336,1
0.0001,0.43369474562135113,0.01,26,0.43369474562135113,2.442370231946309,1
0.0001,0.44120100083402836,0.01,27,0.44120100083402836,2.3696557116508483,1
0.0001,0.44120100083402836,0.01,28,0.43869891576313597,2.2927624781926474,1
0.0001,0.44120100083402836,0.01,29,0.4378648874061718,2.2350781202316283,1
0.0001,0.457047539616347,0.01,30,0.457047539616347,2.164151510397593,1
0.0001,0.457047539616347,0.01,31,0.451209341117598,2.111021239757538,1
0.0001,0.46872393661384487,0.01,32,0.46872393661384487,2.0473691566785175,1
0.0001,0.46872393661384487,0.01,33,0.4645537948290242,1.9860711701711018,1
0.0001,0.48040033361134277,0.01,34,0.48040033361134277,1.9398523298899333,1
0.0001,0.48040033361134277,0.01,35,0.48040033361134277,1.8948511600494384,1
0.0001,0.48040033361134277,0.01,36,0.4762301918265221,1.8315175167719524,1
0.0001,0.49124270225187655,0.01,37,0.49124270225187655,1.769189139207204,1
0.0001,0.49124270225187655,0.01,38,0.48957464553794827,1.73122895638148,1
0.0001,0.51209341117598,0.01,39,0.51209341117598,1.7067220242818197,1
0.0001,0.5129274395329442,0.01,40,0.5129274395329442,1.6556070566177368,1
0.0001,0.5237698081734778,0.01,41,0.5237698081734778,1.615230884552002,1
0.0001,0.5237698081734778,0.01,42,0.5221017514595496,1.5856805777549743,1
0.0001,0.5237698081734778,0.01,43,0.5204336947456214,1.5290843602021535,1
0.0001,0.5287739783152627,0.01,44,0.5287739783152627,1.5037141601244608,1
0.0001,0.5379482902418682,0.01,45,0.5379482902418682,1.4663125419616698,1
0.0001,0.5379482902418682,0.01,46,0.5246038365304421,1.4329202981789906,1
0.0001,0.5379482902418682,0.01,47,0.5346121768140116,1.3979698387781778,1
0.0001,0.5379482902418682,0.01,48,0.5337781484570475,1.3720788510640463,1
0.0001,0.5437864887406172,0.01,49,0.5437864887406172,1.351014631986618,1
0.0001,0.5529608006672226,0.01,50,0.5529608006672226,1.3088959777355194,1
0.0001,0.5529608006672226,0.01,51,0.5529608006672226,1.2829795479774475,1
0.0001,0.5529608006672226,0.01,52,0.548790658882402,1.2575866099198658,1
0.0001,0.5579649708090075,0.01,53,0.5579649708090075,1.2324765066305796,1
0.0001,0.5579649708090075,0.01,54,0.5562969140950792,1.2062040026982626,1
0.0001,0.5604670558798999,0.01,55,0.5604670558798999,1.1806155256430308,1
0.0001,0.5713094245204337,0.01,56,0.5713094245204337,1.181294206380844,1
0.0001,0.5713094245204337,0.01,57,0.5629691409507923,1.142963889837265,1
0.0001,0.5713094245204337,0.01,58,0.5646371976647206,1.1201538546880085,1
0.0001,0.5746455379482902,0.01,59,0.5746455379482902,1.100196119149526,1
0.0001,0.5746455379482902,0.01,60,0.5629691409507923,1.0808830487728118,1
0.0001,0.5838198498748958,0.01,61,0.5838198498748958,1.0598424832026163,1
0.0001,0.5838198498748958,0.01,62,0.5713094245204337,1.0471204404036205,1
0.0001,0.5838198498748958,0.01,63,0.5763135946622185,1.0262130614121754,1
0.0001,0.5838198498748958,0.01,64,0.5829858215179317,1.0060563147068025,1
0.0001,0.5896580483736447,0.01,65,0.5896580483736447,0.9892911434173584,1
0.0001,0.5896580483736447,0.01,66,0.5821517931609674,0.9758385125796,1
0.0001,0.5971643035863219,0.01,67,0.5971643035863219,0.9729133192698161,1
0.0001,0.5971643035863219,0.01,68,0.5896580483736447,0.9484582042694092,1
0.0001,0.5979983319432861,0.01,69,0.5979983319432861,0.9437683582305908,1
0.0001,0.6005004170141784,0.01,70,0.6005004170141784,0.9275304961204529,1
0.0001,0.6005004170141784,0.01,71,0.5946622185154296,0.9058400666713715,1
0.0001,0.6005004170141784,0.01,72,0.5963302752293578,0.9033835291862488,1
0.0001,0.6021684737281068,0.01,73,0.6021684737281068,0.8761945807933808,1
0.0001,0.6021684737281068,0.01,74,0.5888240200166805,0.868616396188736,1
0.0001,0.6021684737281068,0.01,75,0.5996663886572143,0.859900951385498,1
0.0001,0.6021684737281068,0.01,76,0.5971643035863219,0.843133039077123,1
0.0001,0.6063386155129274,0.01,77,0.6063386155129274,0.8282688337564469,1
0.0001,0.6063386155129274,0.01,78,0.5988323603002502,0.8152019929885864,1
0.0001,0.6063386155129274,0.01,79,0.603836530442035,0.8219007539749146,1
0.0001,0.6163469557964971,0.01,80,0.6163469557964971,0.8007040548324585,1
0.0001,0.6163469557964971,0.01,81,0.6113427856547122,0.7792803921302159,1
0.0001,0.6230191826522101,0.01,82,0.6230191826522101,0.7819464127222697,1
0.0001,0.6230191826522101,0.01,83,0.6105087572977481,0.7719913717110952,1
0.0001,0.6230191826522101,0.01,84,0.6130108423686406,0.7588513310750326,1
0.0001,0.6230191826522101,0.01,85,0.6163469557964971,0.7576987063884735,1
0.0001,0.6230191826522101,0.01,86,0.6205170975813178,0.7364826786518097,1
0.0001,0.6230191826522101,0.01,87,0.6138448707256047,0.7302781426906586,1
0.0001,0.6246872393661385,0.01,88,0.6246872393661385,0.7308714332183203,1
0.0001,0.6246872393661385,0.01,89,0.6188490408673895,0.7202155828475952,1
0.0001,0.6246872393661385,0.01,90,0.6230191826522101,0.7023427865902583,1
0.0001,0.6246872393661385,0.01,91,0.6213511259382819,0.7003007862965266,1
0.0001,0.6246872393661385,0.01,92,0.6105087572977481,0.7015863027175268,1
0.0001,0.6305254378648875,0.01,93,0.6305254378648875,0.6841183670361837,1
0.0001,0.6305254378648875,0.01,94,0.6271893244370309,0.6813855121533076,1
0.0001,0.6305254378648875,0.01,95,0.6246872393661385,0.6732023034493129,1
0.0001,0.6305254378648875,0.01,96,0.628023352793995,0.6698568749427796,1
0.0001,0.6305254378648875,0.01,97,0.6305254378648875,0.6613050917784373,1
0.0001,0.6305254378648875,0.01,98,0.6296914095079232,0.6516908349593481,1
0.0001,0.6388657214345288,0.01,99,0.6388657214345288,0.6554816085100174,1
0.0001,0.6388657214345288,0.01,100,0.6355296080066722,0.6432731302579244,1
0.0001,0.6388657214345288,0.01,101,0.6230191826522101,0.6421393116315206,1
0.0001,0.6413678065054211,0.01,102,0.6413678065054211,0.634880627989769,1
0.0001,0.6413678065054211,0.01,103,0.6338615512927439,0.6203142575422923,1
0.0001,0.6413678065054211,0.01,104,0.6388657214345288,0.6176243813832601,1
0.0001,0.6422018348623854,0.01,105,0.6422018348623854,0.6174707994858424,1
0.0001,0.6438698915763136,0.01,106,0.6438698915763136,0.6158942208687465,1
0.0001,0.6438698915763136,0.01,107,0.6380316930775647,0.6007083902756373,1
0.0001,0.6438698915763136,0.01,108,0.6413678065054211,0.5975370007753372,1
0.0001,0.6438698915763136,0.01,109,0.6438698915763136,0.6006408109267553,1
0.0001,0.6438698915763136,0.01,110,0.6371976647206005,0.5954627927144368,1
0.0001,0.6438698915763136,0.01,111,0.6388657214345288,0.5896161611874898,1
0.0001,0.6497080900750626,0.01,112,0.6497080900750626,0.5923859339952469,1
0.0001,0.6497080900750626,0.01,113,0.6380316930775647,0.5703724690278371,1
0.0001,0.6513761467889908,0.01,114,0.6513761467889908,0.5752857804298401,1
0.0001,0.6513761467889908,0.01,115,0.6472060050041701,0.5745786513884862,1
0.0001,0.6513761467889908,0.01,116,0.6513761467889908,0.5545007914304734,1
0.0001,0.6513761467889908,0.01,117,0.6480400333611342,0.566512467066447,1
0.0001,0.6513761467889908,0.01,118,0.6497080900750626,0.5634962381919225,1
0.0001,0.6513761467889908,0.01,119,0.6447039199332777,0.5570460001627604,1
0.0001,0.6513761467889908,0.01,120,0.6422018348623854,0.5535055625438691,1
0.0001,0.6513761467889908,0.01,121,0.640533778148457,0.5398095881938935,1
0.0001,0.6513761467889908,0.01,122,0.6455379482902419,0.5406913212935129,1
0.0001,0.6513761467889908,0.01,123,0.6497080900750626,0.5347032584746678,1
0.0001,0.6513761467889908,0.01,124,0.6438698915763136,0.5357796905438105,1
0.0001,0.6538782318598833,0.01,125,0.6538782318598833,0.5297129352887472,1
0.0001,0.6547122602168474,0.01,126,0.6547122602168474,0.5282508607705434,1
0.0001,0.6547122602168474,0.01,127,0.6522101751459549,0.51937602241834,1
0.0001,0.6555462885738115,0.01,128,0.6555462885738115,0.5183597656091055,1
0.0001,0.6555462885738115,0.01,129,0.6480400333611342,0.5136106109619141,1
0.0001,0.6555462885738115,0.01,130,0.6505421184320267,0.5082427471876144,1
0.0001,0.6555462885738115,0.01,131,0.6530442035029191,0.5094679590066274,1
0.0001,0.6555462885738115,0.01,132,0.6455379482902419,0.5098956129948298,1
0.0001,0.6555462885738115,0.01,133,0.6472060050041701,0.5060980087518692,1
0.0001,0.6555462885738115,0.01,134,0.6513761467889908,0.5025332405169805,1
0.0001,0.6555462885738115,0.01,135,0.6513761467889908,0.5034648841619491,1
0.0001,0.6555462885738115,0.01,136,0.6530442035029191,0.4911716854572296,1
0.0001,0.6555462885738115,0.01,137,0.6522101751459549,0.4866255948940913,1
0.0001,0.6555462885738115,0.01,138,0.6547122602168474,0.4875601691007614,1
0.0001,0.6572143452877398,0.01,139,0.6572143452877398,0.4872462324301402,1
0.0001,0.6597164303586321,0.01,140,0.6597164303586321,0.4851813393831253,1
0.0001,0.6597164303586321,0.01,141,0.6597164303586321,0.4890846715370814,1
0.0001,0.6597164303586321,0.01,142,0.658882402001668,0.4758135304848353,1
0.0001,0.6597164303586321,0.01,143,0.6547122602168474,0.48369049866994224,1
0.0001,0.6672226855713094,0.01,144,0.6672226855713094,0.4670354922612508,1
0.0001,0.6672226855713094,0.01,145,0.6563803169307757,0.47285032490889234,1
0.0001,0.6672226855713094,0.01,146,0.6622185154295246,0.4705410299698512,1
0.0001,0.6672226855713094,0.01,147,0.6572143452877398,0.46142512003580727,1
0.0001,0.6672226855713094,0.01,148,0.6555462885738115,0.45841895778973896,1
0.0001,0.6672226855713094,0.01,149,0.6597164303586321,0.46220396916071577,1
1e-05,0.6672226855713094,0.001,150,0.658882402001668,0.4487794790665309,1
1e-05,0.6672226855713094,0.001,151,0.658882402001668,0.4398396355907122,1
1e-05,0.6672226855713094,0.001,152,0.6605504587155964,0.45067825853824617,1
1e-05,0.6672226855713094,0.001,153,0.6555462885738115,0.44803384840488436,1
1e-05,0.6672226855713094,0.001,154,0.6663886572143453,0.4409053744872411,1
1e-05,0.6672226855713094,0.001,155,0.6605504587155964,0.44893571237723034,1
1e-05,0.6672226855713094,0.001,156,0.6538782318598833,0.44493310908476513,1
1e-05,0.6672226855713094,0.001,157,0.6655546288573811,0.44649969816207885,1
1e-05,0.6672226855713094,0.001,158,0.6605504587155964,0.44332981566588087,1
1e-05,0.6672226855713094,0.001,159,0.6638865721434529,0.44600997507572177,1
1e-05,0.6672226855713094,0.001,160,0.6638865721434529,0.4379561754067739,1
1e-05,0.6672226855713094,0.001,161,0.6630525437864887,0.4501652882496516,1
1e-05,0.6672226855713094,0.001,162,0.664720600500417,0.44281285484631855,1
1e-05,0.6672226855713094,0.001,163,0.6672226855713094,0.44831159214178723,1
1e-05,0.6672226855713094,0.001,164,0.6663886572143453,0.4432005923986435,1
1e-05,0.6672226855713094,0.001,165,0.664720600500417,0.44297566572825114,1
1e-05,0.6672226855713094,0.001,166,0.658882402001668,0.44817176421483357,1
1e-05,0.6672226855713094,0.001,167,0.6622185154295246,0.43993846396605174,1
1e-05,0.6672226855713094,0.001,168,0.6605504587155964,0.44875648140907287,1
1e-05,0.6672226855713094,0.001,169,0.6663886572143453,0.44116943697134653,1
1e-05,0.6672226855713094,0.001,170,0.6663886572143453,0.4461898446083069,1
1e-05,0.6672226855713094,0.001,171,0.6555462885738115,0.4378622128566106,1
1e-05,0.6672226855713094,0.001,172,0.6522101751459549,0.4406021257241567,1
1e-05,0.6672226855713094,0.001,173,0.6638865721434529,0.44719583094120025,1
1e-05,0.6672226855713094,0.001,174,0.6672226855713094,0.44210719605286913,1
1e-05,0.6672226855713094,0.001,175,0.664720600500417,0.4415250033140182,1
1e-05,0.6672226855713094,0.001,176,0.6605504587155964,0.44566920042037966,1
1e-05,0.6672226855713094,0.001,177,0.6605504587155964,0.43899871667226154,1
1e-05,0.6672226855713094,0.001,178,0.6580483736447039,0.44564302047093707,1
1e-05,0.6672226855713094,0.001,179,0.6613844870725605,0.4413753406206767,1
1e-05,0.6672226855713094,0.001,180,0.6622185154295246,0.4400615139802297,1
1e-05,0.6672226855713094,0.001,181,0.6613844870725605,0.43565231959025064,1
1e-05,0.6672226855713094,0.001,182,0.6580483736447039,0.4439436181386312,1
1e-05,0.6672226855713094,0.001,183,0.6547122602168474,0.43734224836031593,1
1e-05,0.6672226855713094,0.001,184,0.6638865721434529,0.4460912251472473,1
1e-05,0.6672226855713094,0.001,185,0.6530442035029191,0.4390489367643992,1
1e-05,0.6672226855713094,0.001,186,0.6672226855713094,0.4396779165665309,1
1e-05,0.6672226855713094,0.001,187,0.6597164303586321,0.439098535378774,1
1e-05,0.6672226855713094,0.001,188,0.6605504587155964,0.4355736482143402,1
1e-05,0.6672226855713094,0.001,189,0.6663886572143453,0.43661837180455526,1
1e-05,0.6672226855713094,0.001,190,0.6613844870725605,0.43774380564689636,1
1e-05,0.6672226855713094,0.001,191,0.6597164303586321,0.4513208681344986,1
1e-05,0.6672226855713094,0.001,192,0.6655546288573811,0.4324199720223745,1
1e-05,0.6672226855713094,0.001,193,0.6622185154295246,0.43341985940933225,1
1e-05,0.6672226855713094,0.001,194,0.658882402001668,0.4371121386686961,1
1e-05,0.6680567139282736,0.001,195,0.6680567139282736,0.44278816918532055,1
1e-05,0.6688907422852377,0.001,196,0.6688907422852377,0.43012942612171173,1
1e-05,0.6688907422852377,0.001,197,0.6555462885738115,0.43150656918684643,1
1e-05,0.6688907422852377,0.001,198,0.6580483736447039,0.4412269163131714,1
1e-05,0.6688907422852377,0.001,199,0.6613844870725605,0.4398772772153219,1
1e-05,0.6688907422852377,0.001,200,0.658882402001668,0.4355875414609909,1
1e-05,0.6688907422852377,0.001,201,0.6613844870725605,0.43797634581724804,1
1e-05,0.6688907422852377,0.001,202,0.6672226855713094,0.4354164888461431,1
1e-05,0.6688907422852377,0.001,203,0.6630525437864887,0.43349625150362653,1
1e-05,0.6688907422852377,0.001,204,0.6622185154295246,0.44311764160792033,1
1e-05,0.6722268557130943,0.001,205,0.6722268557130943,0.4315706326564153,1
1e-05,0.6722268557130943,0.001,206,0.6655546288573811,0.4345406407117844,1
1e-05,0.6722268557130943,0.001,207,0.6663886572143453,0.43838234364986417,1
1e-05,0.6722268557130943,0.001,208,0.664720600500417,0.43374411324659984,1
1e-05,0.6722268557130943,0.001,209,0.6655546288573811,0.43304809629917146,1
1e-05,0.6722268557130943,0.001,210,0.6605504587155964,0.4330193801720937,1
1e-05,0.6722268557130943,0.001,211,0.6622185154295246,0.4304574882984161,1
1e-05,0.6722268557130943,0.001,212,0.6522101751459549,0.4379118571678797,1
1e-05,0.6722268557130943,0.001,213,0.6622185154295246,0.4288826362291972,1
1e-05,0.6722268557130943,0.001,214,0.6638865721434529,0.43896109839280445,1
1e-05,0.6722268557130943,0.001,215,0.6622185154295246,0.431242054104805,1
1e-05,0.6722268557130943,0.001,216,0.6580483736447039,0.43313645243644716,1
1e-05,0.6722268557130943,0.001,217,0.6613844870725605,0.43268676857153576,1
1e-05,0.6722268557130943,0.001,218,0.6613844870725605,0.4374915361404419,1
1e-05,0.6722268557130943,0.001,219,0.6630525437864887,0.42948549528916674,1
1e-05,0.6722268557130943,0.001,220,0.6622185154295246,0.43688145140806833,1
1e-05,0.6722268557130943,0.001,221,0.6605504587155964,0.4351282145579656,1
1e-05,0.6722268557130943,0.001,222,0.6705587989991659,0.43788725316524507,1
1e-05,0.6722268557130943,0.001,223,0.6680567139282736,0.4323629419008891,1
1e-05,0.6722268557130943,0.001,224,0.6713928273561302,0.427862046957016,1
1.0000000000000002e-06,0.6722268557130943,0.0001,225,0.6638865721434529,0.43161825716495517,1
1.0000000000000002e-06,0.6722268557130943,0.0001,226,0.6605504587155964,0.4226771758000056,1
1.0000000000000002e-06,0.6722268557130943,0.0001,227,0.6572143452877398,0.43274302979310353,1
1.0000000000000002e-06,0.6722268557130943,0.0001,228,0.6513761467889908,0.43053564071655276,1
1.0000000000000002e-06,0.6722268557130943,0.0001,229,0.6713928273561302,0.43460127274195354,1
1.0000000000000002e-06,0.6722268557130943,0.0001,230,0.664720600500417,0.4253509457906087,1
1.0000000000000002e-06,0.6722268557130943,0.0001,231,0.6663886572143453,0.4272870856523514,1
1.0000000000000002e-06,0.6722268557130943,0.0001,232,0.6622185154295246,0.426272269487381,1
1.0000000000000002e-06,0.6722268557130943,0.0001,233,0.6655546288573811,0.43304143687089286,1
1.0000000000000002e-06,0.6722268557130943,0.0001,234,0.6563803169307757,0.42827942232290905,1
1.0000000000000002e-06,0.6722268557130943,0.0001,235,0.6622185154295246,0.4352835778395335,1
1.0000000000000002e-06,0.6722268557130943,0.0001,236,0.6638865721434529,0.42493516544500987,1
1.0000000000000002e-06,0.6722268557130943,0.0001,237,0.6630525437864887,0.42749473909537,1
1.0000000000000002e-06,0.6722268557130943,0.0001,238,0.658882402001668,0.4349057823419571,1
1.0000000000000002e-06,0.6722268557130943,0.0001,239,0.6572143452877398,0.4316509673992793,1
1.0000000000000002e-06,0.6722268557130943,0.0001,240,0.6630525437864887,0.43068876922130583,1
1.0000000000000002e-06,0.6722268557130943,0.0001,241,0.6672226855713094,0.4328026215235392,1
1.0000000000000002e-06,0.6722268557130943,0.0001,242,0.6655546288573811,0.42919851938883463,1
1.0000000000000002e-06,0.6722268557130943,0.0001,243,0.6622185154295246,0.43116082111994425,1
1.0000000000000002e-06,0.6722268557130943,0.0001,244,0.6630525437864887,0.4268814835945765,1
1.0000000000000002e-06,0.6722268557130943,0.0001,245,0.664720600500417,0.4306967258453369,1
1.0000000000000002e-06,0.6722268557130943,0.0001,246,0.6572143452877398,0.42663722932338716,1
1.0000000000000002e-06,0.6722268557130943,0.0001,247,0.6572143452877398,0.4253457713127136,1
1.0000000000000002e-06,0.6722268557130943,0.0001,248,0.6605504587155964,0.42435714314381284,1
1.0000000000000002e-06,0.6722268557130943,0.0001,249,0.6672226855713094,0.42638228356838226,1
1.0000000000000002e-06,0.6722268557130943,0.0001,250,0.6672226855713094,0.42596819162368776,1
1.0000000000000002e-06,0.6722268557130943,0.0001,251,0.6672226855713094,0.4351792558034261,1
1.0000000000000002e-06,0.6722268557130943,0.0001,252,0.6605504587155964,0.4209142982959747,1
1.0000000000000002e-06,0.6722268557130943,0.0001,253,0.664720600500417,0.42498075564702353,1
1.0000000000000002e-06,0.6722268557130943,0.0001,254,0.6663886572143453,0.4263899811108907,1
1.0000000000000002e-06,0.6730608840700584,0.0001,255,0.6730608840700584,0.42572505891323087,1
1.0000000000000002e-06,0.6730608840700584,0.0001,256,0.6630525437864887,0.42613149801890055,1
1.0000000000000002e-06,0.6730608840700584,0.0001,257,0.6680567139282736,0.4326200211048126,1
1.0000000000000002e-06,0.6730608840700584,0.0001,258,0.6580483736447039,0.4290162438154221,1
1.0000000000000002e-06,0.6730608840700584,0.0001,259,0.6563803169307757,0.43285477340221407,1
1.0000000000000002e-06,0.6730608840700584,0.0001,260,0.6605504587155964,0.4278251165151596,1
1.0000000000000002e-06,0.6730608840700584,0.0001,261,0.6613844870725605,0.429534991979599,1
1.0000000000000002e-06,0.6730608840700584,0.0001,262,0.6638865721434529,0.42938061654567716,1
1.0000000000000002e-06,0.6730608840700584,0.0001,263,0.6580483736447039,0.4299006066719691,1
1.0000000000000002e-06,0.6730608840700584,0.0001,264,0.658882402001668,0.42893422683080035,1
1.0000000000000002e-06,0.6730608840700584,0.0001,265,0.658882402001668,0.4357539031902949,1
1.0000000000000002e-06,0.6730608840700584,0.0001,266,0.6622185154295246,0.4235643889506658,1
1.0000000000000002e-06,0.6730608840700584,0.0001,267,0.664720600500417,0.4297953802347183,1
1.0000000000000002e-06,0.6730608840700584,0.0001,268,0.6622185154295246,0.4342708500226339,1
1.0000000000000002e-06,0.6730608840700584,0.0001,269,0.6655546288573811,0.4292978968222936,1
1.0000000000000002e-06,0.6730608840700584,0.0001,270,0.6655546288573811,0.42554955939451855,1
1.0000000000000002e-06,0.6730608840700584,0.0001,271,0.6605504587155964,0.42670443932215374,1
1.0000000000000002e-06,0.6730608840700584,0.0001,272,0.6663886572143453,0.4317813414335251,1
1.0000000000000002e-06,0.6730608840700584,0.0001,273,0.6597164303586321,0.42446404774983726,1
1.0000000000000002e-06,0.6730608840700584,0.0001,274,0.6563803169307757,0.42174837152163186,1
1.0000000000000002e-06,0.6730608840700584,0.0001,275,0.6613844870725605,0.42563658754030864,1
1.0000000000000002e-06,0.6730608840700584,0.0001,276,0.6572143452877398,0.43155958751837414,1
1.0000000000000002e-06,0.6730608840700584,0.0001,277,0.6622185154295246,0.4291460794210434,1
1.0000000000000002e-06,0.6730608840700584,0.0001,278,0.6630525437864887,0.428498769402504,1
1.0000000000000002e-06,0.6730608840700584,0.0001,279,0.6505421184320267,0.42738687376181284,1
1.0000000000000002e-06,0.6730608840700584,0.0001,280,0.664720600500417,0.42758902251720426,1
1.0000000000000002e-06,0.6730608840700584,0.0001,281,0.6622185154295246,0.42903462568918865,1
1.0000000000000002e-06,0.6730608840700584,0.0001,282,0.6638865721434529,0.4246472861369451,1
1.0000000000000002e-06,0.6730608840700584,0.0001,283,0.6722268557130943,0.4336364569266637,1
1.0000000000000002e-06,0.6730608840700584,0.0001,284,0.6705587989991659,0.42835141479969024,1
1.0000000000000002e-06,0.6730608840700584,0.0001,285,0.6638865721434529,0.43144293467203776,1
1.0000000000000002e-06,0.6730608840700584,0.0001,286,0.6613844870725605,0.4298842050631841,1
1.0000000000000002e-06,0.6730608840700584,0.0001,287,0.6622185154295246,0.42701917290687563,1
1.0000000000000002e-06,0.6730608840700584,0.0001,288,0.6630525437864887,0.42941354672114057,1
1.0000000000000002e-06,0.6730608840700584,0.0001,289,0.6555462885738115,0.4288710802793503,1
1.0000000000000002e-06,0.6730608840700584,0.0001,290,0.6622185154295246,0.4305234964688619,1
1.0000000000000002e-06,0.6747289407839867,0.0001,291,0.6747289407839867,0.43701781551043195,1
1.0000000000000002e-06,0.6747289407839867,0.0001,292,0.6655546288573811,0.4382393821080526,1
1.0000000000000002e-06,0.6747289407839867,0.0001,293,0.6630525437864887,0.4290583789348602,1
1.0000000000000002e-06,0.6747289407839867,0.0001,294,0.6630525437864887,0.43542344371477765,1
1.0000000000000002e-06,0.6747289407839867,0.0001,295,0.6547122602168474,0.43311182618141175,1
1.0000000000000002e-06,0.6747289407839867,0.0001,296,0.6680567139282736,0.42927534321943916,1
1.0000000000000002e-06,0.6747289407839867,0.0001,297,0.6622185154295246,0.42898806869983674,1
1.0000000000000002e-06,0.6747289407839867,0.0001,298,0.6672226855713094,0.43225336492061617,1
1.0000000000000002e-06,0.6747289407839867,0.0001,299,0.6597164303586321,0.4315764751036962,1
