lambda_key,lambda,stage,head,query,metric,atomic_unit,n,mean,std,median,p05,p25,p75,p95,min,max
lambda_0_1,0.1,1,0,f1,normalized_entropy,sample,18353,0.008647170519272879,0.052382305594535876,2.280603684417029e-14,3.276496545461508e-25,1.2957132890910793e-18,1.3031408174768444e-09,0.006858585588633978,6.307121073661141e-39,0.7206168174743652
lambda_0_1,0.1,1,0,f2,normalized_entropy,sample,18353,0.0022615257156807624,0.028601780826547896,6.600696412079044e-16,1.0306409640665399e-26,4.0816972063661996e-20,3.0134933177300427e-12,6.145219231257214e-07,-0.0,0.7834745049476624
lambda_0_1,0.1,1,0,f3,normalized_entropy,sample,18353,0.00012444861884715796,0.005924983378977256,7.646527065611642e-18,2.072781293756186e-27,1.1425940111093912e-21,1.8892395650281155e-14,9.594293581827162e-10,4.3122157642667596e-41,0.4297742247581482
lambda_0_1,0.1,1,0,f4,normalized_entropy,sample,18353,0.0002672957114017417,0.00857619378030154,6.983461981721279e-19,3.4378819405632156e-27,3.534692603145756e-22,2.5652769737258014e-15,1.745135647102101e-10,5.535034766826225e-38,0.45812416076660156
lambda_0_1,0.1,1,0,f5,normalized_entropy,sample,18353,7.086647492812272e-05,0.004172203189636857,2.2970305166326984e-18,3.381267380955207e-27,7.21339157521299e-22,1.1140183251519189e-14,8.924358918526966e-10,9.576152819057857e-36,0.3961726129055023
lambda_0_1,0.1,1,1,f1,normalized_entropy,sample,18353,0.014148493528897103,0.06511472616609659,9.774197510387106e-13,5.301507528012878e-23,6.53802762068525e-17,1.610230100368426e-07,0.06787702590227115,2.3246587302121097e-33,0.8551205396652222
lambda_0_1,0.1,1,1,f2,normalized_entropy,sample,18353,0.001768177639734982,0.024766236315694336,1.4570166303185515e-15,1.4825084932012402e-25,1.3188898558790494e-19,8.567733328357363e-12,5.731344799641993e-07,1.3166011825440965e-39,0.6726890206336975
lambda_0_1,0.1,1,1,f3,normalized_entropy,sample,18353,0.0006651385610967084,0.01384221605470603,2.7328431127835106e-17,3.80375254691681e-27,3.2428309309046914e-21,6.440415014448073e-14,3.894324951403405e-09,6.780042489789195e-41,0.4902918338775635
lambda_0_1,0.1,1,1,f4,normalized_entropy,sample,18353,0.0003181022910818138,0.009256946878322228,3.999955515501742e-18,9.437989493888126e-27,1.3038930188668812e-21,9.929727430113642e-15,4.288353339099151e-10,4.2084271922080777e-39,0.5164477825164795
lambda_0_1,0.1,1,1,f5,normalized_entropy,sample,18353,0.0004042520800418582,0.011893989891056262,1.6437882025164026e-17,2.212724122873441e-25,5.933917852952308e-21,2.0527364056059823e-14,7.613200514455749e-10,5.922679324128713e-38,0.6672601699829102
lambda_0_1,0.1,1,2,f1,normalized_entropy,sample,18353,0.014160908994703543,0.06879323887812291,1.0131999406137737e-13,2.5543514509574025e-24,5.411718729016408e-18,2.8873433421949812e-08,0.056563083082436606,2.547018025377131e-38,0.7942814826965332
lambda_0_1,0.1,1,2,f2,normalized_entropy,sample,18353,0.0017099856806302026,0.021640072610189538,1.5820973503648836e-15,3.8882569941690445e-25,1.2116506715994657e-19,4.3445351483040184e-12,1.0065256219604465e-06,1.3130166610723536e-42,0.6331157684326172
lambda_0_1,0.1,1,2,f3,normalized_entropy,sample,18353,0.0006355889676019568,0.014216306594990034,1.353719701777636e-17,6.997941024938469e-27,3.2791394342034027e-21,2.0478664743790384e-14,1.0189221022471741e-09,8.305607653514828e-37,0.5705903768539429
lambda_0_1,0.1,1,2,f4,normalized_entropy,sample,18353,9.835587466139187e-05,0.005408068219746542,8.15455823678456e-18,9.155096269556089e-26,3.4757963741797e-21,1.2435749790497795e-14,4.82061057738292e-10,1.7108828095356173e-35,0.4149823784828186
lambda_0_1,0.1,1,2,f5,normalized_entropy,sample,18353,0.00016778646729459872,0.006112695901023052,8.365503355055996e-18,9.334106681580623e-27,2.18405650855333e-21,2.282836632672581e-14,2.1181575604600753e-09,1.4360089635977742e-36,0.42720016837120056
lambda_0_1,0.1,1,3,f1,normalized_entropy,sample,18353,0.013153148850964448,0.06452832866313181,1.6484590385432152e-12,4.74906886717533e-24,4.079116782841128e-17,2.0299439995596913e-07,0.04227427169680396,1.0027278427661415e-38,0.9108651280403137
lambda_0_1,0.1,1,3,f2,normalized_entropy,sample,18353,0.00334859686819317,0.0359870811229533,3.811111190816233e-16,1.9772777163394034e-28,8.436323786755264e-21,7.189058376377844e-12,2.4158630822057317e-06,1.788701437772056e-40,0.8799217939376831
lambda_0_1,0.1,1,3,f3,normalized_entropy,sample,18353,0.00043121429264446175,0.010142532667115942,4.2423471455303e-18,6.245978780410379e-28,4.1738529521047866e-22,2.207411228631606e-14,2.501776652508168e-09,1.9197788961249994e-42,0.42975476384162903
lambda_0_1,0.1,1,3,f4,normalized_entropy,sample,18353,0.00021080298050047444,0.00744392069088659,2.9525198668829945e-18,1.8959713337303157e-27,4.974604831066738e-22,1.0853217806351852e-14,3.7018256238141575e-10,2.722962538220519e-38,0.4319818615913391
lambda_0_1,0.1,1,3,f5,normalized_entropy,sample,18353,0.0003080591141634,0.00817907935273777,1.2574094914149232e-17,3.0969498158735027e-27,4.030346657888346e-21,4.4629268135904995e-14,5.0701549625386815e-09,9.768838353184453e-38,0.42846450209617615
lambda_0_1,0.1,1,0,f1,max_attention_share,sample,18353,0.9943457912916137,0.04054154528838588,1.0,0.9986160516738891,1.0,1.0,1.0,0.368024080991745,1.0
lambda_0_1,0.1,1,0,f2,max_attention_share,sample,18353,0.9985220393585404,0.02146681720241849,1.0,1.0,1.0,1.0,1.0,0.32632529735565186,1.0
lambda_0_1,0.1,1,0,f3,max_attention_share,sample,18353,0.9999180460881649,0.00480788504623338,1.0,1.0,1.0,1.0,1.0,0.5613263249397278,1.0
lambda_0_1,0.1,1,0,f4,max_attention_share,sample,18353,0.999833744877672,0.0066351992042237755,1.0,1.0,1.0,1.0,1.0,0.5389907956123352,1.0
lambda_0_1,0.1,1,0,f5,max_attention_share,sample,18353,0.9999585059925443,0.0030221601748903,1.0,1.0,1.0,1.0,1.0,0.6650699377059937,1.0
lambda_0_1,0.1,1,1,f1,max_attention_share,sample,18353,0.9908512789683596,0.0505106667663093,1.0,0.977798342704773,1.0,1.0,1.0,0.2965249717235565,1.0
lambda_0_1,0.1,1,1,f2,max_attention_share,sample,18353,0.9987520936762664,0.0200253216752127,1.0,1.0,1.0,1.0,1.0,0.41709959506988525,1.0
lambda_0_1,0.1,1,1,f3,max_attention_share,sample,18353,0.9995652437177607,0.010701557777837998,1.0,1.0,1.0,1.0,1.0,0.5017378926277161,1.0
lambda_0_1,0.1,1,1,f4,max_attention_share,sample,18353,0.9997991268585301,0.007460883783833376,1.0,1.0,1.0,1.0,1.0,0.5007566213607788,1.0
lambda_0_1,0.1,1,1,f5,max_attention_share,sample,18353,0.9997630203812088,0.008149576587406535,1.0,1.0,1.0,1.0,1.0,0.44056016206741333,1.0
lambda_0_1,0.1,1,2,f1,max_attention_share,sample,18353,0.9907666163155995,0.05254067409968236,1.0,0.9832928299903869,1.0,1.0,1.0,0.38176605105400085,1.0
lambda_0_1,0.1,1,2,f2,max_attention_share,sample,18353,0.9989146473608712,0.017003796510030082,1.0,0.9999998807907104,1.0,1.0,1.0,0.4692729711532593,1.0
lambda_0_1,0.1,1,2,f3,max_attention_share,sample,18353,0.9996054920748535,0.010492158935873465,1.0,1.0,1.0,1.0,1.0,0.501092791557312,1.0
lambda_0_1,0.1,1,2,f4,max_attention_share,sample,18353,0.9999335203801866,0.004214983677248446,1.0,1.0,1.0,1.0,1.0,0.6119049191474915,1.0
lambda_0_1,0.1,1,2,f5,max_attention_share,sample,18353,0.9999045383044889,0.004655411348792079,1.0,1.0,1.0,1.0,1.0,0.5538617968559265,1.0
lambda_0_1,0.1,1,3,f1,max_attention_share,sample,18353,0.9913256496364775,0.04989205014510802,1.0,0.9875749349594116,1.0,1.0,1.0,0.3057056963443756,1.0
lambda_0_1,0.1,1,3,f2,max_attention_share,sample,18353,0.997910750377979,0.025907069039198767,1.0,0.9999997615814209,1.0,1.0,1.0,0.3254855275154114,1.0
lambda_0_1,0.1,1,3,f3,max_attention_share,sample,18353,0.9997484306025647,0.007741146638691059,1.0,1.0,1.0,1.0,1.0,0.527228832244873,1.0
lambda_0_1,0.1,1,3,f4,max_attention_share,sample,18353,0.999869231550153,0.005834792569405066,1.0,1.0,1.0,1.0,1.0,0.5470879673957825,1.0
lambda_0_1,0.1,1,3,f5,max_attention_share,sample,18353,0.9998329141214941,0.005700888194569115,1.0,1.0,1.0,1.0,1.0,0.5421660542488098,1.0
lambda_0_1,0.1,2,0,f1,normalized_entropy,sample,18353,0.0049467070548449765,0.03975917213471685,1.9835478745622304e-13,5.616533924030913e-24,1.446102458591947e-17,2.8811846242149386e-09,0.0006982594728469832,4.4616331366610933e-38,0.6450655460357666
lambda_0_1,0.1,2,0,f2,normalized_entropy,sample,18353,0.0015938496923648868,0.021859820397394928,2.3583582596563638e-15,1.529199153655583e-24,8.993612199850174e-19,9.038039414099863e-12,2.9529964535867667e-07,5.9623546574919365e-36,0.5693609118461609
lambda_0_1,0.1,2,0,f3,normalized_entropy,sample,18353,0.00028173915001601326,0.007588119653240544,5.641184503920967e-17,8.776359341838341e-26,1.6271673393509478e-20,9.47956990682286e-14,1.3612296623221874e-09,1.615575357651003e-35,0.4269726276397705
lambda_0_1,0.1,2,0,f4,normalized_entropy,sample,18353,0.000333433181240311,0.009672339473142215,5.849811779397967e-18,6.073407322265197e-26,4.6401633501699745e-21,1.378021638855434e-14,1.6136689207079932e-10,5.904422871423858e-37,0.43004757165908813
lambda_0_1,0.1,2,0,f5,normalized_entropy,sample,18353,0.00017992666566248313,0.007525604889061529,5.435157305263404e-18,1.978136019537664e-26,3.488610807428953e-21,2.001537499109196e-14,4.906465012055595e-10,1.403527179085581e-36,0.42762866616249084
lambda_0_1,0.1,2,1,f1,normalized_entropy,sample,18353,0.00931063677066395,0.05512383417432571,4.134236356034826e-12,3.877487800435738e-21,1.3411999096163397e-15,1.485843483806093e-07,0.01381902769207936,8.290341078475783e-36,0.7968112230300903
lambda_0_1,0.1,2,1,f2,normalized_entropy,sample,18353,0.0009584603249195202,0.017767971864791496,2.37721151899635e-14,7.677146209095668e-24,3.978565452041733e-18,2.3813047020371236e-11,2.653242631822638e-07,2.261149215019168e-40,0.545376718044281
lambda_0_1,0.1,2,1,f3,normalized_entropy,sample,18353,9.249677043113503e-05,0.00475616157992577,4.497935002937875e-16,6.818055384065547e-25,1.4286638317482253e-19,6.887669145964892e-13,5.635409205950683e-09,-0.0,0.37436720728874207
lambda_0_1,0.1,2,1,f4,normalized_entropy,sample,18353,0.0002725504203178899,0.009087133089254566,6.225377171941847e-17,4.086111247111334e-25,4.529919238444836e-20,7.854030332999848e-14,3.5013553167927977e-10,6.664449379467041e-40,0.46162331104278564
lambda_0_1,0.1,2,1,f5,normalized_entropy,sample,18353,6.558807090428954e-05,0.0036642805851541983,8.289416469899286e-17,4.1150306906815096e-25,4.056299207269127e-20,4.485519215172845e-14,4.928823127414715e-10,6.095368060120089e-41,0.41732507944107056
lambda_0_1,0.1,2,2,f1,normalized_entropy,sample,18353,0.011115239527591457,0.059466887553276615,1.176165501798332e-12,2.0784396453767618e-22,1.8861003074008693e-16,5.580480433309276e-08,0.02719227597117398,2.9447371114901994e-36,0.8561106324195862
lambda_0_1,0.1,2,2,f2,normalized_entropy,sample,18353,0.001213973810187294,0.01810478012300212,1.1822206557351826e-14,2.702785767137368e-23,4.526445222043781e-18,2.102447382856809e-11,6.277063334891522e-07,1.8928583750995605e-34,0.4325370490550995
lambda_0_1,0.1,2,2,f3,normalized_entropy,sample,18353,0.0011073759708299334,0.02110830922875408,1.9871076628719646e-16,1.485577019141511e-24,1.245909390644115e-19,1.5042773884171856e-13,2.056898029678665e-09,5.0899191479699526e-37,0.6328127980232239
lambda_0_1,0.1,2,2,f4,normalized_entropy,sample,18353,7.399840207746219e-06,0.0009713220434414224,7.982457685514738e-17,1.1492879029424186e-24,7.01207079868825e-20,5.839853747064902e-14,3.146582050472711e-10,1.1504857694930525e-36,0.13158413767814636
lambda_0_1,0.1,2,2,f5,normalized_entropy,sample,18353,3.3147944950641694e-05,0.002856056733836877,2.994426904666462e-17,2.0360712216641632e-25,1.6679901566088602e-20,4.36400488499928e-14,6.853849265908695e-10,1.717397766713352e-37,0.3721325099468231
lambda_0_1,0.1,2,3,f1,normalized_entropy,sample,18353,0.005639397476006304,0.03845468137818322,7.552090897089414e-12,1.4703142052426996e-21,7.044950369837347e-16,1.504481588199269e-07,0.004344057757407386,6.76356077329372e-34,0.5525057911872864
lambda_0_1,0.1,2,3,f2,normalized_entropy,sample,18353,0.0015652396503018696,0.020129003919627353,2.065762798246864e-15,1.1239255120799748e-24,7.14885726218914e-19,1.7674342892015638e-11,1.9035884179174816e-06,1.085068762706386e-36,0.6668607592582703
lambda_0_1,0.1,2,3,f3,normalized_entropy,sample,18353,0.00011600667525050165,0.005008390089981282,1.0579566580914829e-16,8.940648943770062e-25,6.005605250712889e-20,1.7364744624853712e-13,3.723443997571852e-09,1.1057510536295785e-37,0.38024353981018066
lambda_0_1,0.1,2,3,f4,normalized_entropy,sample,18353,0.00023354899045043077,0.00833885618134735,3.592221730680165e-17,1.3536485918841184e-24,2.4768210920538488e-20,3.182273644901021e-14,4.380093676647996e-10,1.8288921969606348e-34,0.42525148391723633
lambda_0_1,0.1,2,3,f5,normalized_entropy,sample,18353,8.67281158561932e-05,0.004238113230405008,6.364137050569863e-17,6.659367927156064e-25,4.013268043957897e-20,7.751954053713053e-14,7.387709555217618e-10,9.505266577996094e-36,0.4062862694263458
lambda_0_1,0.1,2,0,f1,max_attention_share,sample,18353,0.996627251255748,0.032081453363098957,1.0,0.9998919248580933,1.0,1.0,1.0,0.424648642539978,1.0
lambda_0_1,0.1,2,0,f2,max_attention_share,sample,18353,0.9990384494849773,0.015736292310989726,1.0,1.0,1.0,1.0,1.0,0.5067459344863892,1.0
lambda_0_1,0.1,2,0,f3,max_attention_share,sample,18353,0.9998553315898037,0.005648576200719546,1.0,1.0,1.0,1.0,1.0,0.5549913644790649,1.0
lambda_0_1,0.1,2,0,f4,max_attention_share,sample,18353,0.9997752066438792,0.008003627036752713,1.0,1.0,1.0,1.0,1.0,0.522494375705719,1.0
lambda_0_1,0.1,2,0,f5,max_attention_share,sample,18353,0.999866935691476,0.006441554123775851,1.0,1.0,1.0,1.0,1.0,0.5494843125343323,1.0
lambda_0_1,0.1,2,1,f1,max_attention_share,sample,18353,0.9937064505231379,0.044036959257252796,1.0,0.9967280030250549,1.0,1.0,1.0,0.3937090039253235,1.0
lambda_0_1,0.1,2,1,f2,max_attention_share,sample,18353,0.999291261960614,0.015048260416647875,1.0,1.0,1.0,1.0,1.0,0.5058536529541016,1.0
lambda_0_1,0.1,2,1,f3,max_attention_share,sample,18353,0.9999485470706524,0.0031923297668569055,1.0,1.0,1.0,1.0,1.0,0.7132113575935364,1.0
lambda_0_1,0.1,2,1,f4,max_attention_share,sample,18353,0.9998115770032034,0.007490936565976378,1.0,1.0,1.0,1.0,1.0,0.568284809589386,1.0
lambda_0_1,0.1,2,1,f5,max_attention_share,sample,18353,0.9999628736298201,0.0030274342629842657,1.0,1.0,1.0,1.0,1.0,0.6034102439880371,1.0
lambda_0_1,0.1,2,2,f1,max_attention_share,sample,18353,0.9929362277058901,0.04489478759166299,1.0,0.9930266618728638,1.0,1.0,1.0,0.30314168334007263,1.0
lambda_0_1,0.1,2,2,f2,max_attention_share,sample,18353,0.999212509116665,0.014697757141086948,1.0,1.0,1.0,1.0,1.0,0.5238056182861328,1.0
lambda_0_1,0.1,2,2,f3,max_attention_share,sample,18353,0.9991317261196135,0.017464403889253185,1.0,1.0,1.0,1.0,1.0,0.5115106105804443,1.0
lambda_0_1,0.1,2,2,f4,max_attention_share,sample,18353,0.999996996228587,0.00040286060268176604,1.0,1.0,1.0,1.0,1.0,0.9454233646392822,1.0
lambda_0_1,0.1,2,2,f5,max_attention_share,sample,18353,0.999980795102854,0.002120471810962017,1.0,1.0,1.0,1.0,1.0,0.7148324251174927,1.0
lambda_0_1,0.1,2,3,f1,max_attention_share,sample,18353,0.9964572037915498,0.030109033748287523,1.0,0.999152421951294,1.0,1.0,1.0,0.5015701651573181,1.0
lambda_0_1,0.1,2,3,f2,max_attention_share,sample,18353,0.9991050635749219,0.013975502648845062,1.0,0.9999998807907104,1.0,1.0,1.0,0.5119571089744568,1.0
lambda_0_1,0.1,2,3,f3,max_attention_share,sample,18353,0.9999388493400617,0.0031784800330817557,1.0,1.0,1.0,1.0,1.0,0.6986802816390991,1.0
lambda_0_1,0.1,2,3,f4,max_attention_share,sample,18353,0.9998394760235658,0.006679441046291923,1.0,1.0,1.0,1.0,1.0,0.566362738609314,1.0
lambda_0_1,0.1,2,3,f5,max_attention_share,sample,18353,0.999953406896863,0.0031470998581183507,1.0,1.0,1.0,1.0,1.0,0.6394378542900085,1.0
lambda_0_7,0.7,1,0,f1,normalized_entropy,sample,18353,0.14382344934647262,0.15087734697569924,0.09161821752786636,0.005592242628335953,0.04297725856304169,0.18501418828964233,0.4603456854820245,1.778384466888383e-05,0.9926463961601257
lambda_0_7,0.7,1,0,f2,normalized_entropy,sample,18353,0.12847607207798706,0.14511964090200674,0.07462262362241745,0.005781978275626898,0.03382406011223793,0.158294677734375,0.4468827843666074,4.769707447849214e-05,0.9711787700653076
lambda_0_7,0.7,1,0,f3,normalized_entropy,sample,18353,0.13273323846576804,0.15372386433863922,0.07410532236099243,0.009370930306613446,0.03418336808681488,0.15863150358200073,0.4686413764953609,9.15519631234929e-05,0.968311071395874
lambda_0_7,0.7,1,0,f4,normalized_entropy,sample,18353,0.1601825515763635,0.18244450185727115,0.08721917122602463,0.014698754996061325,0.04310102015733719,0.19792787730693817,0.5826531529426574,0.0007749750511720777,0.989909291267395
lambda_0_7,0.7,1,0,f5,normalized_entropy,sample,18353,0.2006857003941916,0.21075693149172334,0.11518383026123047,0.02184133864939213,0.060214485973119736,0.26359400153160095,0.7019583344459532,0.0021723201498389244,0.9972822666168213
lambda_0_7,0.7,1,1,f1,normalized_entropy,sample,18353,0.1392742723286827,0.15557467376604653,0.08759155869483948,0.0032534952741116287,0.03811247646808624,0.17383138835430145,0.4811009585857385,1.055162192642456e-05,0.9843196272850037
lambda_0_7,0.7,1,1,f2,normalized_entropy,sample,18353,0.12338810626252496,0.15007981511714621,0.07080218940973282,0.004435927420854568,0.030505571514368057,0.1461023986339569,0.4691155374050139,2.7695466997101903e-05,0.9603375196456909
lambda_0_7,0.7,1,1,f3,normalized_entropy,sample,18353,0.12967793578623846,0.16888925172855687,0.06663339585065842,0.006879954505711794,0.03097229264676571,0.14220523834228516,0.5171516180038442,0.00021147688676137477,0.9968209862709045
lambda_0_7,0.7,1,1,f4,normalized_entropy,sample,18353,0.15162251726466042,0.18107117901251457,0.08287526667118073,0.011908895149827004,0.03967677429318428,0.17493171989917755,0.5956236124038694,0.0007378930458799005,0.9955387115478516
lambda_0_7,0.7,1,1,f5,normalized_entropy,sample,18353,0.19860654337245792,0.22584372954375778,0.10641452670097351,0.017623494565486907,0.05297145992517471,0.23661190271377563,0.7592750668525695,0.002076564822345972,0.9979068636894226
lambda_0_7,0.7,1,2,f1,normalized_entropy,sample,18353,0.13100781744062046,0.14156984768237652,0.08256978541612625,0.003573748981580138,0.03626227006316185,0.17001089453697205,0.4339053273200987,1.30651915242197e-06,0.9839122295379639
lambda_0_7,0.7,1,2,f2,normalized_entropy,sample,18353,0.11895122315709614,0.1398492956313094,0.06833843141794205,0.004201666917651892,0.02866511046886444,0.15082672238349915,0.43188570141792254,2.5385211301909294e-06,0.9817619323730469
lambda_0_7,0.7,1,2,f3,normalized_entropy,sample,18353,0.12255731975390977,0.14838501724496306,0.06646564602851868,0.006436839792877435,0.028855443000793457,0.15233707427978516,0.4446203768253325,3.332105552544817e-05,0.9884360432624817
lambda_0_7,0.7,1,2,f4,normalized_entropy,sample,18353,0.1494205075151451,0.1766350861382941,0.08174533396959305,0.010751155391335487,0.037206899374723434,0.18094410002231598,0.54242924451828,0.0008204334881156683,0.9965641498565674
lambda_0_7,0.7,1,2,f5,normalized_entropy,sample,18353,0.18807053235116675,0.2073844064735767,0.1101619079709053,0.017074865475296973,0.05446220189332962,0.23024950921535492,0.6741732716560356,0.0012143270578235388,0.9943603277206421
lambda_0_7,0.7,1,3,f1,normalized_entropy,sample,18353,0.1632991307510544,0.15940358643785932,0.11409376561641693,0.0018629068741574885,0.0516587533056736,0.22443632781505585,0.48722378015518136,1.6102881090773735e-06,0.9889494776725769
lambda_0_7,0.7,1,3,f2,normalized_entropy,sample,18353,0.1459825631068591,0.1541249612148537,0.09417656064033508,0.003924999292939902,0.03983120247721672,0.19727082550525665,0.47737090587615943,6.3327747739094775e-06,0.971314549446106
lambda_0_7,0.7,1,3,f3,normalized_entropy,sample,18353,0.14643691898375366,0.15891418091993828,0.08891722559928894,0.007500739302486181,0.03973184898495674,0.19362136721611023,0.48618552088737466,3.733007542905398e-05,0.986515462398529
lambda_0_7,0.7,1,3,f4,normalized_entropy,sample,18353,0.16965338245164455,0.17476426504875875,0.1058695912361145,0.015647823736071587,0.05073966458439827,0.22203190624713898,0.5329535841941834,0.0014053884660825133,0.9956791996955872
lambda_0_7,0.7,1,3,f5,normalized_entropy,sample,18353,0.22180244274593114,0.21572572319548358,0.14112868905067444,0.022076459601521492,0.06991541385650635,0.2970888912677765,0.723706269264221,0.002809305442497134,0.9944438338279724
lambda_0_7,0.7,1,0,f1,max_attention_share,sample,18353,0.9233198913241227,0.11275845372750339,0.9673112034797668,0.6575492262840271,0.9185910224914551,0.9872887134552002,0.9988478422164917,0.2448054701089859,0.9999979734420776
lambda_0_7,0.7,1,0,f2,max_attention_share,sample,18353,0.9314073217549727,0.10876931430249728,0.9747854471206665,0.6698540925979615,0.9335150122642517,0.990473210811615,0.9987984418869018,0.26560351252555847,0.999994158744812
lambda_0_7,0.7,1,0,f3,max_attention_share,sample,18353,0.9282643124854955,0.11532495596819997,0.9749230146408081,0.6433541417121887,0.9333240389823914,0.9903547763824463,0.997902226448059,0.26592347025871277,0.9999880790710449
lambda_0_7,0.7,1,0,f4,max_attention_share,sample,18353,0.9117484818617277,0.1348422368548409,0.9691517353057861,0.5725451350212097,0.9115199446678162,0.9871587753295898,0.9964613795280457,0.23595166206359863,0.9998772144317627
lambda_0_7,0.7,1,0,f5,max_attention_share,sample,18353,0.8848764453368869,0.15836366034048668,0.9559547305107117,0.49351236820220945,0.8677905201911926,0.9806733131408691,0.9943307876586914,0.22739273309707642,0.9996057152748108
lambda_0_7,0.7,1,1,f1,max_attention_share,sample,18353,0.9262979784379088,0.11455637004487566,0.9691651463508606,0.6509704113006591,0.9246193170547485,0.9890071153640747,0.9993927001953125,0.2591330111026764,0.9999988079071045
lambda_0_7,0.7,1,1,f2,max_attention_share,sample,18353,0.9347580615206778,0.1114628663991951,0.9763726592063904,0.6577770829200744,0.9397799372673035,0.9915732741355896,0.9991213917732239,0.2639687955379486,0.9999967813491821
lambda_0_7,0.7,1,1,f3,max_attention_share,sample,18353,0.9291631900318467,0.1260868224718252,0.9781354665756226,0.5980476140975952,0.942050039768219,0.9914377331733704,0.9985391855239868,0.2215895652770996,0.9999703168869019
lambda_0_7,0.7,1,1,f4,max_attention_share,sample,18353,0.9178568321312506,0.1326981038648383,0.9712600708007812,0.5742582201957702,0.924693763256073,0.9884386658668518,0.9972405433654785,0.23263271152973175,0.9998817443847656
lambda_0_7,0.7,1,1,f5,max_attention_share,sample,18353,0.8852632379404226,0.16779811830199357,0.9605171084403992,0.45967615842819215,0.8841850161552429,0.9834977388381958,0.9956003427505493,0.22698813676834106,0.9996238946914673
lambda_0_7,0.7,1,2,f1,max_attention_share,sample,18353,0.93055717736468,0.10634731027042561,0.9713889360427856,0.6806385636329652,0.9269485473632812,0.9896369576454163,0.9993130922317505,0.23907515406608582,0.9999998807907104
lambda_0_7,0.7,1,2,f2,max_attention_share,sample,18353,0.936962441438902,0.10430814997766796,0.9774592518806458,0.6893571019172668,0.9376358389854431,0.9922136664390564,0.9991759181022644,0.28056174516677856,0.9999997615814209
lambda_0_7,0.7,1,2,f3,max_attention_share,sample,18353,0.9349154980874208,0.10934713168542579,0.9781000018119812,0.6731119751930237,0.9363534450531006,0.9921365976333618,0.9986466050148011,0.23761112987995148,0.9999960660934448
lambda_0_7,0.7,1,2,f4,max_attention_share,sample,18353,0.9176636136861638,0.1303196602303252,0.9715338349342346,0.5837138652801513,0.9197748899459839,0.9893671870231628,0.9975409269332886,0.23339815437793732,0.9998672008514404
lambda_0_7,0.7,1,2,f5,max_attention_share,sample,18353,0.8928064921990484,0.15495868776275237,0.9581230878829956,0.5105543971061707,0.8875783681869507,0.9829710125923157,0.9957743048667907,0.22598929703235626,0.9997957348823547
lambda_0_7,0.7,1,3,f1,max_attention_share,sample,18353,0.9105163056001295,0.12005014555632981,0.9567022919654846,0.6123905777931213,0.891684353351593,0.9841076135635376,0.9996690273284912,0.24689947068691254,0.9999998807907104
lambda_0_7,0.7,1,3,f2,max_attention_share,sample,18353,0.9205369671112197,0.11584948395587802,0.966250479221344,0.6309995770454406,0.909159243106842,0.9883905649185181,0.9992412805557251,0.22842392325401306,0.9999992847442627
lambda_0_7,0.7,1,3,f3,max_attention_share,sample,18353,0.9201954869090754,0.1181700325955402,0.9685555100440979,0.6312722802162171,0.9118821620941162,0.9884414672851562,0.9983965754508972,0.2467220276594162,0.9999955892562866
lambda_0_7,0.7,1,3,f4,max_attention_share,sample,18353,0.9059488353924499,0.13187301204023608,0.9607055187225342,0.5873172283172607,0.8945285677909851,0.9844086766242981,0.9961931943893433,0.23525859415531158,0.9997605681419373
lambda_0_7,0.7,1,3,f5,max_attention_share,sample,18353,0.8700647709616872,0.1635758800067515,0.9425880908966064,0.4804769933223725,0.8411797881126404,0.9768478870391846,0.9943014025688172,0.22992737591266632,0.9994708895683289
lambda_0_7,0.7,2,0,f1,normalized_entropy,sample,18353,0.26926276554299583,0.1576661273076431,0.2517716884613037,0.01004174891859293,0.1691189408302307,0.3470104932785034,0.5609532356262206,6.470873358921381e-06,0.9857724905014038
lambda_0_7,0.7,2,0,f2,normalized_entropy,sample,18353,0.25620662302302283,0.15533408860714293,0.23494891822338104,0.014152505435049537,0.1555328667163849,0.3312442898750305,0.5527058005332944,1.4827378436166327e-05,0.9875515103340149
lambda_0_7,0.7,2,0,f3,normalized_entropy,sample,18353,0.25199199769651215,0.15697406871985212,0.22624467313289642,0.034549636393785485,0.15097644925117493,0.3242814242839813,0.5595465064048765,5.267823507892899e-05,0.996120274066925
lambda_0_7,0.7,2,0,f4,normalized_entropy,sample,18353,0.2686418150343943,0.16413987157239754,0.2347109317779541,0.06167336702346802,0.16125567257404327,0.3341560959815979,0.6114301323890686,0.0011815604520961642,0.9947773814201355
lambda_0_7,0.7,2,0,f5,normalized_entropy,sample,18353,0.3238319770489792,0.19565487311751148,0.2736404836177826,0.0983275055885315,0.1949441283941269,0.38993191719055176,0.7777230501174919,0.02087390050292015,0.9996037483215332
lambda_0_7,0.7,2,1,f1,normalized_entropy,sample,18353,0.2641902707585832,0.16832339938986224,0.23832325637340546,0.008761601895093918,0.15512992441654205,0.34536612033843994,0.5967543482780455,7.033497695374535e-06,0.9869080185890198
lambda_0_7,0.7,2,1,f2,normalized_entropy,sample,18353,0.25288327252465276,0.16561961301640174,0.22272709012031555,0.012403261847794058,0.14525943994522095,0.3345634341239929,0.5860253453254698,1.600222458364442e-05,0.9855921268463135
lambda_0_7,0.7,2,1,f3,normalized_entropy,sample,18353,0.2515615701862986,0.16960295826492627,0.21455761790275574,0.029654994979500773,0.14286275207996368,0.32826510071754456,0.5966059446334836,6.591526471311226e-05,0.9918645620346069
lambda_0_7,0.7,2,1,f4,normalized_entropy,sample,18353,0.2691099395333604,0.175539164034582,0.22719641029834747,0.05549217313528061,0.15584716200828552,0.3420027494430542,0.6460473537445065,0.0003863214806187898,0.9984545111656189
lambda_0_7,0.7,2,1,f5,normalized_entropy,sample,18353,0.320380930567808,0.2043959439026289,0.263165146112442,0.08962135016918182,0.18262352049350739,0.39310571551322937,0.8084570407867429,0.0033644959330558777,0.9977347254753113
lambda_0_7,0.7,2,2,f1,normalized_entropy,sample,18353,0.2641302221185497,0.15741871095416532,0.24557943642139435,0.005597366113215685,0.15955346822738647,0.3521507680416107,0.5451385259628296,2.6467271254659863e-06,0.9928529262542725
lambda_0_7,0.7,2,2,f2,normalized_entropy,sample,18353,0.2539246608096277,0.1603885787718526,0.2290673404932022,0.007626291736960411,0.14876587688922882,0.33931323885917664,0.5427332639694211,5.919247996644117e-06,0.9946625828742981
lambda_0_7,0.7,2,2,f3,normalized_entropy,sample,18353,0.24833175682675107,0.16117879320531425,0.22016778588294983,0.01886940114200115,0.13897138833999634,0.3291207551956177,0.5372819542884826,4.3629504943965e-05,0.9811019897460938
lambda_0_7,0.7,2,2,f4,normalized_entropy,sample,18353,0.2671195744556646,0.17051719370897334,0.23259443044662476,0.05593424960970879,0.14960329234600067,0.34149977564811707,0.587911295890808,0.0012850615894421935,0.9976060390472412
lambda_0_7,0.7,2,2,f5,normalized_entropy,sample,18353,0.31509428588760857,0.19095314878694036,0.2695625126361847,0.1018152192234993,0.18553635478019714,0.3878745138645172,0.749776029586792,0.011050567962229252,0.9993816614151001
lambda_0_7,0.7,2,3,f1,normalized_entropy,sample,18353,0.2841689488112089,0.16950615221169527,0.26728859543800354,0.002547717746347189,0.1726119965314865,0.3804118037223816,0.5893502235412595,2.3094443690752087e-07,0.9718437194824219
lambda_0_7,0.7,2,3,f2,normalized_entropy,sample,18353,0.27132478840618346,0.1666370288129382,0.25009146332740784,0.0031905271578580147,0.159372478723526,0.36446240544319153,0.5811856865882873,4.994371920474805e-07,0.9937627911567688
lambda_0_7,0.7,2,3,f3,normalized_entropy,sample,18353,0.2654894026893822,0.16510531436446482,0.2378949373960495,0.007884098216891289,0.1543307900428772,0.35657256841659546,0.5766301751136779,2.0385712105053244e-06,0.9898636937141418
lambda_0_7,0.7,2,3,f4,normalized_entropy,sample,18353,0.2778131046642951,0.1662842359949948,0.24667245149612427,0.050158631056547165,0.1611347198486328,0.3672718107700348,0.5947488784790037,0.00014180988364387304,0.9982943534851074
lambda_0_7,0.7,2,3,f5,normalized_entropy,sample,18353,0.33896340130250485,0.20020095726966816,0.2894665002822876,0.10838600397109985,0.20010116696357727,0.41984644532203674,0.8078520417213433,0.0065391212701797485,0.9962033629417419
lambda_0_7,0.7,2,0,f1,max_attention_share,sample,18353,0.8437576663482419,0.1251764371625189,0.8738936185836792,0.5665541887283325,0.7985661029815674,0.927383542060852,0.9977447509765625,0.24684405326843262,0.9999992847442627
lambda_0_7,0.7,2,0,f2,max_attention_share,sample,18353,0.8526716877183219,0.12350331082206652,0.8850482702255249,0.5726128339767456,0.8118804693222046,0.9352638721466064,0.9966408491134644,0.24127115309238434,0.9999983310699463
lambda_0_7,0.7,2,0,f3,max_attention_share,sample,18353,0.8553137469975648,0.12555260678930472,0.8904159069061279,0.5658196806907654,0.8169611096382141,0.9378857016563416,0.9902249813079834,0.22514380514621735,0.9999934434890747
lambda_0_7,0.7,2,0,f4,max_attention_share,sample,18353,0.8443310311404014,0.13304032154147435,0.8854048252105713,0.533060097694397,0.8086487054824829,0.9316118955612183,0.9802694916725159,0.22305800020694733,0.9998026490211487
lambda_0_7,0.7,2,0,f5,max_attention_share,sample,18353,0.8031832640824679,0.1600968201196754,0.8574849367141724,0.44462085962295533,0.756179690361023,0.9112818241119385,0.9644994497299194,0.20712465047836304,0.9946876764297485
lambda_0_7,0.7,2,1,f1,max_attention_share,sample,18353,0.846681429730159,0.13265079258970397,0.8833978176116943,0.5412378668785095,0.8010631203651428,0.9354462623596191,0.9981091260910034,0.25206851959228516,0.9999992847442627
lambda_0_7,0.7,2,1,f2,max_attention_share,sample,18353,0.8548099665702061,0.12974403746260063,0.8934358954429626,0.5524757027626037,0.8105421662330627,0.9408932328224182,0.9972022294998169,0.2589665949344635,0.9999982118606567
lambda_0_7,0.7,2,1,f3,max_attention_share,sample,18353,0.8556973852543183,0.13325574939446144,0.8981266617774963,0.5489341855049134,0.8136507868766785,0.942082941532135,0.9919750809669494,0.24187181890010834,0.9999916553497314
lambda_0_7,0.7,2,1,f4,max_attention_share,sample,18353,0.8432490747627599,0.14093348167360856,0.8904955387115479,0.5178893685340882,0.8028664588928223,0.9349561333656311,0.9825740456581115,0.214413121342659,0.9999423027038574
lambda_0_7,0.7,2,1,f5,max_attention_share,sample,18353,0.8060307399584072,0.1639500186559025,0.8649953603744507,0.4267463684082031,0.7528048753738403,0.9198399186134338,0.9683809518814087,0.2211228609085083,0.9993579983711243
lambda_0_7,0.7,2,2,f1,max_attention_share,sample,18353,0.8457657677141098,0.12569413110193495,0.8785799741744995,0.5720159411430359,0.7945955395698547,0.9332813620567322,0.9988651990890502,0.2355661541223526,0.9999997615814209
lambda_0_7,0.7,2,2,f2,max_attention_share,sample,18353,0.8520352354432844,0.12856372450965,0.890026867389679,0.5714825987815857,0.8042532801628113,0.9387392997741699,0.998374092578888,0.22701777517795563,0.9999994039535522
lambda_0_7,0.7,2,2,f3,max_attention_share,sample,18353,0.8557857079076707,0.12922439777596018,0.8951144218444824,0.5661580324172973,0.8118413686752319,0.9436690211296082,0.9952577590942382,0.2499571144580841,0.9999946355819702
lambda_0_7,0.7,2,2,f4,max_attention_share,sample,18353,0.842811754562514,0.13932216869222763,0.8861133456230164,0.5323415875434876,0.8010880351066589,0.9382217526435852,0.9832961916923523,0.22353249788284302,0.9997853636741638
lambda_0_7,0.7,2,2,f5,max_attention_share,sample,18353,0.8068733384950164,0.15919133963439738,0.8586530685424805,0.44474895000457765,0.7598694562911987,0.9171020984649658,0.9628203749656677,0.2057119756937027,0.9976578950881958
lambda_0_7,0.7,2,3,f1,max_attention_share,sample,18353,0.8295912105452687,0.13526815887698626,0.8632363677024841,0.5359875679016113,0.7667798399925232,0.9252874851226807,0.9995285511016846,0.26427727937698364,1.0
lambda_0_7,0.7,2,3,f2,max_attention_share,sample,18353,0.838351291507062,0.13389206335169437,0.8750900626182556,0.5422337532043457,0.778405487537384,0.9326975345611572,0.9994036197662354,0.24673014879226685,1.0
lambda_0_7,0.7,2,3,f3,max_attention_share,sample,18353,0.8428183050035281,0.13307869220062477,0.8834376335144043,0.5500280261039734,0.784679114818573,0.9355656504631042,0.9982983708381653,0.2400718480348587,0.9999997615814209
lambda_0_7,0.7,2,3,f4,max_attention_share,sample,18353,0.8347103639601661,0.13564812957499495,0.8767189979553223,0.5279550909996032,0.7762734293937683,0.9313494563102722,0.9854350090026853,0.21331846714019775,0.9999810457229614
lambda_0_7,0.7,2,3,f5,max_attention_share,sample,18353,0.7908682045751857,0.16230875628812189,0.8446294665336609,0.43260769844055175,0.7222055196762085,0.9080301523208618,0.9595421433448792,0.2258978933095932,0.9987173080444336
lambda_1_0,1.0,1,0,f1,normalized_entropy,sample,18353,0.7608954459462659,0.2636820315793964,0.869427502155304,0.12741289734840394,0.6343773603439331,0.9663481116294861,0.9951358199119568,0.003582982113584876,0.9999772906303406
lambda_1_0,1.0,1,0,f2,normalized_entropy,sample,18353,0.7609776882684628,0.26248964238035216,0.8683925867080688,0.133127960562706,0.6314578056335449,0.9658929705619812,0.9950491547584533,0.005524422042071819,0.9999510645866394
lambda_1_0,1.0,1,0,f3,normalized_entropy,sample,18353,0.7634956341753211,0.2594196782094568,0.869517982006073,0.14800871312618255,0.6353203654289246,0.9663492441177368,0.994936728477478,0.00792587548494339,0.9999777674674988
lambda_1_0,1.0,1,0,f4,normalized_entropy,sample,18353,0.7698566706552034,0.2537232638073568,0.8740468621253967,0.17350375950336458,0.6441512107849121,0.9677304625511169,0.9950634360313415,0.011498428881168365,0.9999651312828064
lambda_1_0,1.0,1,0,f5,normalized_entropy,sample,18353,0.7826040844747476,0.24079162832859757,0.8822588920593262,0.22801302075386048,0.665408194065094,0.9697078466415405,0.9952849388122559,0.02343474142253399,0.9999285936355591
lambda_1_0,1.0,1,1,f1,normalized_entropy,sample,18353,0.7682067021342128,0.25355683602460444,0.8552263975143433,0.10188636332750321,0.6787493228912354,0.9578500986099243,0.9951025247573853,0.0016970126889646053,0.9999220371246338
lambda_1_0,1.0,1,1,f2,normalized_entropy,sample,18353,0.7666167563963597,0.2516850071439502,0.8523351550102234,0.1067963257431984,0.6738523840904236,0.9559608101844788,0.9947144865989686,0.0017479097004979849,0.9998930096626282
lambda_1_0,1.0,1,1,f3,normalized_entropy,sample,18353,0.7678333745557914,0.24800181288239412,0.8520745038986206,0.12052214294672013,0.6750799417495728,0.9541940093040466,0.994316554069519,0.0017816141480579972,0.999940812587738
lambda_1_0,1.0,1,1,f4,normalized_entropy,sample,18353,0.7728933285930211,0.24158154053341907,0.85279780626297,0.14412833452224733,0.6859468221664429,0.9538884162902832,0.994303297996521,0.0024789285380393267,0.9998751878738403
lambda_1_0,1.0,1,1,f5,normalized_entropy,sample,18353,0.7830872467530577,0.2300626821793758,0.8573629260063171,0.18855259716510772,0.6993072628974915,0.9553143382072449,0.9944537878036499,0.0036596728023141623,0.9999125003814697
lambda_1_0,1.0,1,2,f1,normalized_entropy,sample,18353,0.7536877694118023,0.2747895563433309,0.8602677583694458,0.06404281407594681,0.6489493250846863,0.9624149799346924,0.9943140387535095,0.0004941722727380693,0.9998985528945923
lambda_1_0,1.0,1,2,f2,normalized_entropy,sample,18353,0.752663198255489,0.2742365498679127,0.8570752739906311,0.06487356126308441,0.6472762823104858,0.9619830846786499,0.9942061781883239,0.0003347193996887654,0.9998676180839539
lambda_1_0,1.0,1,2,f3,normalized_entropy,sample,18353,0.753988906339564,0.27205801082608155,0.8567363023757935,0.07134489864110947,0.6501171588897705,0.9617359638214111,0.9941254377365112,0.00025723493308760226,0.9998255372047424
lambda_1_0,1.0,1,2,f4,normalized_entropy,sample,18353,0.7586794455844593,0.2679457744032099,0.8589182496070862,0.08498711585998535,0.6586297750473022,0.9628775715827942,0.994225537776947,0.00021650093549396843,0.9997891783714294
lambda_1_0,1.0,1,2,f5,normalized_entropy,sample,18353,0.7681871176772125,0.2588913915318794,0.8642145395278931,0.11664716601371766,0.672333836555481,0.9641256928443909,0.9943160891532898,0.00028530473355203867,0.9998151063919067
lambda_1_0,1.0,1,3,f1,normalized_entropy,sample,18353,0.7584233661061801,0.252011918331333,0.8525926470756531,0.14300995767116548,0.6362609267234802,0.9565838575363159,0.9938099384307861,0.00023081694962456822,0.9999345541000366
lambda_1_0,1.0,1,3,f2,normalized_entropy,sample,18353,0.756622930148461,0.25131097412632974,0.8493170142173767,0.14761438369750976,0.6308053135871887,0.9549639225006104,0.9936508178710938,0.0002667221415322274,0.9998952150344849
lambda_1_0,1.0,1,3,f3,normalized_entropy,sample,18353,0.7562327537445555,0.24962635677688974,0.8482716679573059,0.16366282105445862,0.6261228322982788,0.9536333084106445,0.9933459877967834,0.0003694722836371511,0.9999243021011353
lambda_1_0,1.0,1,3,f4,normalized_entropy,sample,18353,0.7593483359713198,0.24555493138506104,0.8491604328155518,0.1899444341659546,0.6311918497085571,0.9533225893974304,0.9932953238487243,0.0007341646123677492,0.9998631477355957
lambda_1_0,1.0,1,3,f5,normalized_entropy,sample,18353,0.7680602902164669,0.23616779842569305,0.8556731939315796,0.24486511349678042,0.6438222527503967,0.9545348882675171,0.9931660056114197,0.00297494325786829,0.9997777938842773
lambda_1_0,1.0,1,0,f1,max_attention_share,sample,18353,0.48675189297696014,0.22108549490671106,0.4250379800796509,0.23312601149082185,0.30193424224853516,0.6300085783004761,0.9557031154632568,0.2023068070411682,0.9993230104446411
lambda_1_0,1.0,1,0,f2,max_attention_share,sample,18353,0.4870873199885323,0.2205360481993336,0.4253528118133545,0.2332247316837311,0.30206629633903503,0.6328743696212769,0.9538098335266112,0.2023371011018753,0.9988981485366821
lambda_1_0,1.0,1,0,f3,max_attention_share,sample,18353,0.485301897272371,0.21902164444291086,0.4238414466381073,0.23413592278957368,0.3014563024044037,0.6311531066894531,0.9472081422805785,0.2023337483406067,0.9983394145965576
lambda_1_0,1.0,1,0,f4,max_attention_share,sample,18353,0.4804688084850076,0.21633176128680495,0.41848596930503845,0.23393739461898805,0.2993147373199463,0.6255512237548828,0.936085784435272,0.20244275033473969,0.9974627494812012
lambda_1_0,1.0,1,0,f5,max_attention_share,sample,18353,0.4709471217585228,0.20980412207427962,0.4104360342025757,0.2328901320695877,0.29689401388168335,0.6102818846702576,0.9114506721496581,0.2037884145975113,0.9942832589149475
lambda_1_0,1.0,1,1,f1,max_attention_share,sample,18353,0.47781927387379747,0.20964569820334472,0.42937207221984863,0.23405897319316865,0.3121087849140167,0.5814540982246399,0.9672963857650755,0.2059815376996994,0.9997130036354065
lambda_1_0,1.0,1,1,f2,max_attention_share,sample,18353,0.47995807097317744,0.20838071849981746,0.4327968955039978,0.23547060787677765,0.3147752285003662,0.5867189764976501,0.965485548973083,0.2057868093252182,0.9997038245201111
lambda_1_0,1.0,1,1,f3,max_attention_share,sample,18353,0.4797788077574338,0.20596561960142343,0.43427959084510803,0.23664484918117523,0.3165892958641052,0.5865929126739502,0.9610778093338012,0.20522870123386383,0.9996974468231201
lambda_1_0,1.0,1,1,f4,max_attention_share,sample,18353,0.4762199696114633,0.2023279407525856,0.4317511022090912,0.23655338883399962,0.3165071904659271,0.5788869261741638,0.9513866424560546,0.20373906195163727,0.9995647072792053
lambda_1_0,1.0,1,1,f5,max_attention_share,sample,18353,0.4686896002252687,0.19635203239110235,0.42738381028175354,0.23645472526550293,0.31439194083213806,0.5667481422424316,0.9327426195144654,0.20423531532287598,0.9993433356285095
lambda_1_0,1.0,1,2,f1,max_attention_share,sample,18353,0.4899149824538517,0.22275017749380477,0.43154510855674744,0.23598853647708892,0.30898603796958923,0.6120120286941528,0.9813010334968566,0.20500946044921875,0.9999254941940308
lambda_1_0,1.0,1,2,f2,max_attention_share,sample,18353,0.49139897132503796,0.22252105672659894,0.4345354735851288,0.23592062294483185,0.3090955913066864,0.6146695613861084,0.9809806704521178,0.2044362872838974,0.9999513626098633
lambda_1_0,1.0,1,2,f3,max_attention_share,sample,18353,0.49070304196429615,0.22137830190503746,0.43471136689186096,0.23587559461593627,0.3099590241909027,0.6123616695404053,0.9786883711814879,0.2036919742822647,0.9999635219573975
lambda_1_0,1.0,1,2,f4,max_attention_share,sample,18353,0.4873172110828049,0.21917549060152416,0.43244656920433044,0.2360295295715332,0.3075534999370575,0.6058120727539062,0.9735500812530514,0.20526526868343353,0.9999697208404541
lambda_1_0,1.0,1,2,f5,max_attention_share,sample,18353,0.4804169140824737,0.21469304416108634,0.42556267976760864,0.2357346922159195,0.30642446875572205,0.593707263469696,0.9610126852989193,0.2056926190853119,0.9999589920043945
lambda_1_0,1.0,1,3,f1,max_attention_share,sample,18353,0.4906649703791906,0.21020589563929007,0.4385523200035095,0.23818419873714447,0.3165818154811859,0.6274758577346802,0.9501692295074461,0.20365649461746216,0.999968409538269
lambda_1_0,1.0,1,3,f2,max_attention_share,sample,18353,0.49295379714274584,0.20993307141137463,0.44210609793663025,0.23933514654636384,0.31895458698272705,0.6292222738265991,0.9479146718978878,0.20526428520679474,0.9999631643295288
lambda_1_0,1.0,1,3,f3,max_attention_share,sample,18353,0.4938938201435098,0.2091816892126822,0.44372838735580444,0.2402381956577301,0.32016444206237793,0.6322019696235657,0.9414210796356196,0.20388451218605042,0.9999475479125977
lambda_1_0,1.0,1,3,f4,max_attention_share,sample,18353,0.4917610798469325,0.20729546410896302,0.44226956367492676,0.2400353282690048,0.3203553855419159,0.6286436319351196,0.9293054461479157,0.2042924016714096,0.9998890161514282
lambda_1_0,1.0,1,3,f5,max_attention_share,sample,18353,0.4855840665303036,0.20274685851769958,0.4370076656341553,0.24021206498146058,0.31701725721359253,0.6194193363189697,0.9020809769630427,0.20720554888248444,0.9994862079620361
lambda_1_0,1.0,2,0,f1,normalized_entropy,sample,18353,0.7905295385338156,0.20584720817257623,0.8494207859039307,0.34207788705825803,0.6909675598144531,0.9559520483016968,0.9943193554878235,0.01870172657072544,0.9999097585678101
lambda_1_0,1.0,2,0,f2,normalized_entropy,sample,18353,0.7905891905497381,0.20752757650979212,0.8507591485977173,0.333676415681839,0.6921845078468323,0.9565751552581787,0.9944270133972168,0.01911795325577259,0.9998077154159546
lambda_1_0,1.0,2,0,f3,normalized_entropy,sample,18353,0.7923239709585435,0.20728162556672433,0.8537720441818237,0.3328419029712677,0.6958637237548828,0.9582090377807617,0.9945064663887024,0.02167482115328312,0.9999158978462219
lambda_1_0,1.0,2,0,f4,normalized_entropy,sample,18353,0.7968978373226131,0.20448658137206027,0.8587014675140381,0.3459488868713379,0.7017266750335693,0.9600312113761902,0.9945432782173157,0.023987576365470886,0.9999090433120728
lambda_1_0,1.0,2,0,f5,normalized_entropy,sample,18353,0.8068564065959348,0.19548146206731992,0.8674471378326416,0.37506223320960996,0.7155819535255432,0.9632417559623718,0.995034909248352,0.03934027999639511,0.9998835325241089
lambda_1_0,1.0,2,1,f1,normalized_entropy,sample,18353,0.7924248084960981,0.20090451735791617,0.8457368612289429,0.32809909582138064,0.720281720161438,0.9369751214981079,0.9902801632881164,0.016934404149651527,0.9998934864997864
lambda_1_0,1.0,2,1,f2,normalized_entropy,sample,18353,0.7932264061538312,0.20154046528200673,0.8479337692260742,0.3320461332798004,0.7218711972236633,0.937901496887207,0.9906653761863708,0.015561630018055439,0.9997289776802063
lambda_1_0,1.0,2,1,f3,normalized_entropy,sample,18353,0.7954445331999496,0.2004253480424337,0.8515979051589966,0.34098361134529115,0.7246526479721069,0.9380617141723633,0.9909439802169799,0.016469240188598633,0.999710738658905
lambda_1_0,1.0,2,1,f4,normalized_entropy,sample,18353,0.8002588230314154,0.19641191470970873,0.8552033305168152,0.36035757660865786,0.7306398153305054,0.9397704601287842,0.9912221789360046,0.020734701305627823,0.9996632933616638
lambda_1_0,1.0,2,1,f5,normalized_entropy,sample,18353,0.8092614362498499,0.18786422050438414,0.8618204593658447,0.40713784694671634,0.740310788154602,0.9413461089134216,0.9914629578590393,0.028615865856409073,0.9997487664222717
lambda_1_0,1.0,2,2,f1,normalized_entropy,sample,18353,0.7889461951763768,0.22371578466623965,0.8630456328392029,0.24187052845954898,0.6973171234130859,0.9582711458206177,0.99368816614151,0.01382646057754755,0.9999610781669617
lambda_1_0,1.0,2,2,f2,normalized_entropy,sample,18353,0.7888650119803785,0.2251490702415723,0.8655033707618713,0.23271406888961796,0.6960868239402771,0.959591805934906,0.9939588069915771,0.013659575954079628,0.9999814629554749
lambda_1_0,1.0,2,2,f3,normalized_entropy,sample,18353,0.7901596275265755,0.22485705864612676,0.8681648969650269,0.2313443422317505,0.6986203789710999,0.9607419967651367,0.9942883610725403,0.014703062362968922,0.9999728798866272
lambda_1_0,1.0,2,2,f4,normalized_entropy,sample,18353,0.7939412240790983,0.22228061128871526,0.870993435382843,0.24557409882545472,0.7044738531112671,0.962148904800415,0.9945101737976074,0.012706656940281391,0.999970555305481
lambda_1_0,1.0,2,2,f5,normalized_entropy,sample,18353,0.8027286642729718,0.21355245046170074,0.8770999908447266,0.28741822242736814,0.7166770100593567,0.9638627171516418,0.9950306415557861,0.026078341528773308,0.9999390840530396
lambda_1_0,1.0,2,3,f1,normalized_entropy,sample,18353,0.7927943374240021,0.20142676948817737,0.8481209874153137,0.340276175737381,0.7013729810714722,0.9469988346099854,0.9936464786529541,0.024642998352646828,0.9998300075531006
lambda_1_0,1.0,2,3,f2,normalized_entropy,sample,18353,0.7944894311748153,0.20211079960687173,0.851371169090271,0.33733625411987306,0.7025699615478516,0.949554979801178,0.9939838528633118,0.02634117566049099,0.9998481273651123
lambda_1_0,1.0,2,3,f3,normalized_entropy,sample,18353,0.7973014748363628,0.20160467061923237,0.856218159198761,0.339445036649704,0.7064767479896545,0.951723575592041,0.9940809369087219,0.027275316417217255,0.9998061060905457
lambda_1_0,1.0,2,3,f4,normalized_entropy,sample,18353,0.8022902443658323,0.19861383350919773,0.8613777756690979,0.34455207586288455,0.7143798470497131,0.9535695910453796,0.9943188428878784,0.030653927475214005,0.9997918605804443
lambda_1_0,1.0,2,3,f5,normalized_entropy,sample,18353,0.8114760012197354,0.19072283309847882,0.8700317740440369,0.3818902850151062,0.7286486029624939,0.9573794007301331,0.9946592569351196,0.04093492031097412,0.9998672008514404
lambda_1_0,1.0,2,0,f1,max_attention_share,sample,18353,0.47262928042951957,0.18127769760628296,0.44358736276626587,0.2404225468635559,0.32671353220939636,0.5762930512428284,0.851999700069427,0.20474763214588165,0.9957981705665588
lambda_1_0,1.0,2,0,f2,max_attention_share,sample,18353,0.4720590957763935,0.18235776091508754,0.4417729377746582,0.23998252153396607,0.3247707784175873,0.5754638314247131,0.8562029361724853,0.2048621028661728,0.995532751083374
lambda_1_0,1.0,2,0,f3,max_attention_share,sample,18353,0.4700794132949156,0.18234424009855135,0.439961314201355,0.23988956212997437,0.32344284653663635,0.5727860927581787,0.8565567731857298,0.20476152002811432,0.9948464632034302
lambda_1_0,1.0,2,0,f4,max_attention_share,sample,18353,0.46568830041172704,0.18098050034864194,0.4351714253425598,0.2389852672815323,0.3201029598712921,0.5692622065544128,0.8498099923133845,0.20502248406410217,0.9942160248756409
lambda_1_0,1.0,2,0,f5,max_attention_share,sample,18353,0.45679428314702136,0.17642245961944458,0.4261276423931122,0.2369783729314804,0.3142906427383423,0.5592546463012695,0.8237841844558713,0.20505745708942413,0.9901239275932312
lambda_1_0,1.0,2,1,f1,max_attention_share,sample,18353,0.4721805686621824,0.16952810385965406,0.4434990882873535,0.257121205329895,0.3509881794452667,0.5485039949417114,0.868250679969787,0.20672930777072906,0.9962812066078186
lambda_1_0,1.0,2,1,f2,max_attention_share,sample,18353,0.47106945618523477,0.170087494299273,0.44168078899383545,0.256654167175293,0.3498249351978302,0.5467800498008728,0.8664703965187065,0.2068081796169281,0.9966157078742981
lambda_1_0,1.0,2,1,f3,max_attention_share,sample,18353,0.4689826820193276,0.16949324468975854,0.43732285499572754,0.2552644610404968,0.34832003712654114,0.5447585582733154,0.8615178704261779,0.20809617638587952,0.9963939785957336
lambda_1_0,1.0,2,1,f4,max_attention_share,sample,18353,0.46483876033078836,0.1672940556281155,0.43372076749801636,0.2539677143096924,0.34665966033935547,0.5393831729888916,0.8505205154418943,0.2061646580696106,0.9953281879425049
lambda_1_0,1.0,2,1,f5,max_attention_share,sample,18353,0.45721353441257606,0.16268173009272557,0.42721647024154663,0.2525071561336517,0.3422650396823883,0.5302211046218872,0.8227038860321043,0.20764942467212677,0.9932858347892761
lambda_1_0,1.0,2,2,f1,max_attention_share,sample,18353,0.4715603238036313,0.18924458159656118,0.4311683177947998,0.2421562820672989,0.3253115713596344,0.5696495175361633,0.9103668093681329,0.2026458978652954,0.9968729615211487
lambda_1_0,1.0,2,2,f2,max_attention_share,sample,18353,0.47108357557498654,0.1905520007325759,0.4282735586166382,0.24072298407554626,0.3237653374671936,0.5708763003349304,0.9147265553474423,0.2020963877439499,0.9969154596328735
lambda_1_0,1.0,2,2,f3,max_attention_share,sample,18353,0.4694809231777019,0.1908620836818991,0.4257035553455353,0.24008659422397613,0.3207852840423584,0.5691211819648743,0.9136615395545956,0.2031947672367096,0.9967267513275146
lambda_1_0,1.0,2,2,f4,max_attention_share,sample,18353,0.46587050231702903,0.18978115233986875,0.4226902425289154,0.2388669103384018,0.31762978434562683,0.5643545389175415,0.9087541937828062,0.2018510103225708,0.9972225427627563
lambda_1_0,1.0,2,2,f5,max_attention_share,sample,18353,0.4586402821930879,0.18557172114736695,0.4159986674785614,0.23785983324050902,0.3139922022819519,0.5550563335418701,0.888793611526489,0.2038111537694931,0.9935989379882812
lambda_1_0,1.0,2,3,f1,max_attention_share,sample,18353,0.47009747604521485,0.17525583034224101,0.44116947054862976,0.24312433302402497,0.3355097472667694,0.567481517791748,0.8570225715637195,0.20551621913909912,0.9942881464958191
lambda_1_0,1.0,2,3,f2,max_attention_share,sample,18353,0.46807063944280125,0.1759614595630358,0.438470721244812,0.24216387569904327,0.3323563039302826,0.566378116607666,0.8572653889656056,0.2054208368062973,0.9938427209854126
lambda_1_0,1.0,2,3,f3,max_attention_share,sample,18353,0.4650788170535746,0.1758836214064804,0.43479853868484497,0.2414718747138977,0.3289041519165039,0.5620139241218567,0.8562847971916198,0.20677176117897034,0.9935948252677917
lambda_1_0,1.0,2,3,f4,max_attention_share,sample,18353,0.4603460463015499,0.1744720274105567,0.4294547736644745,0.24126811623573302,0.32570818066596985,0.5552205443382263,0.8483290910720824,0.20655100047588348,0.9926846027374268
lambda_1_0,1.0,2,3,f5,max_attention_share,sample,18353,0.45220649034224925,0.17070806157363788,0.41983142495155334,0.23919339179992677,0.32073086500167847,0.5453430414199829,0.8299629688262936,0.20475399494171143,0.9898080229759216
