lambda_key,lambda,stage,metric,atomic_unit,n,mean,std,median,p05,p25,p75,p95,min,max
lambda_0_1,0.1,1,normalized_entropy,sample_x_head_x_query,367060,0.003144995961617039,0.03208374869952862,9.188210078547969e-17,1.576928920491359e-26,1.0207755908189757e-20,6.817617217297345e-13,3.2860607575457794e-06,-0.0,0.9108651280403137
lambda_0_1,0.1,1,max_attention_share,sample_x_head_x_query,367060,0.9979560340967665,0.024553597960171994,1.0,0.9999996423721313,1.0,1.0,1.0,0.2965249717235565,1.0
lambda_0_1,0.1,2,normalized_entropy,sample_x_head_x_query,367060,0.001957672305149892,0.024751648662884353,7.587162629154427e-16,1.1226602925867554e-24,2.0433074298656563e-19,2.474573443291689e-12,1.3154257942460335e-06,-0.0,0.8561106324195862
lambda_0_1,0.1,2,max_attention_share,sample_x_head_x_query,367060,0.9987218069376942,0.01929681610135885,1.0,0.9999998807907104,1.0,1.0,1.0,0.30314168334007263,1.0
lambda_0_7,0.7,1,normalized_entropy,sample_x_head_x_query,367060,0.15328261125662637,0.17430277774124006,0.08909010142087936,0.008592618070542813,0.04059097543358803,0.191707044839859,0.5327829927206039,1.30651915242197e-06,0.9979068636894226
lambda_0_7,0.7,1,max_attention_share,sample_x_head_x_query,367060,0.9156561670788045,0.1296574045657537,0.9684457182884216,0.5909667640924454,0.9135740548372269,0.9881264269351959,0.9981151819229126,0.2215895652770996,0.9999998807907104
lambda_0_7,0.7,2,normalized_entropy,sample_x_head_x_query,367060,0.2757210653944192,0.1736755158801988,0.2434035912156105,0.03822329547256231,0.1617119498550892,0.35552816838026047,0.6179018527269362,2.3094443690752087e-07,0.9996037483215332
lambda_0_7,0.7,2,max_attention_share,sample_x_head_x_query,367060,0.8372668586138328,0.13942487340553772,0.8795186281204224,0.5236297577619553,0.7890780121088028,0.9315054416656494,0.9893268585205078,0.2057119756937027,1.0
lambda_1_0,1.0,1,normalized_entropy,sample_x_head_x_query,367060,0.7641180522703978,0.2548036779614771,0.8592584431171417,0.13527907207608222,0.6559868156909943,0.9604526907205582,0.9944025456905365,0.00021650093549396843,0.9999777674674988
lambda_1_0,1.0,1,max_attention_share,sample_x_head_x_query,367060,0.48438158089368405,0.21271080059169217,0.43105660378932953,0.2360428437590599,0.31014009565114975,0.608840748667717,0.9543004870414733,0.2023068070411682,0.9999697208404541
lambda_1_0,1.0,2,normalized_entropy,sample_x_head_x_query,367060,0.7965402581573969,0.20597255566420108,0.8582675158977509,0.3303309664130211,0.7106810957193375,0.9529411196708679,0.9937928944826127,0.012706656940281391,0.9999814629554749
lambda_1_0,1.0,2,max_attention_share,sample_x_head_x_query,367060,0.46619852254607563,0.17832005733479397,0.43293721973896027,0.242876635491848,0.32970619201660156,0.5593667328357697,0.8625931978225707,0.2018510103225708,0.9972225427627563
