lambda_key,lambda,stage,head,query,key_position,samples,mean_attention_share,std_attention_share,argmax_allocation_fraction
lambda_0_1,0.1,1,0,f1,f1,18353,0.7831972241401672,0.4099809229373932,0.7834686427287092
lambda_0_1,0.1,1,0,f1,f2,18353,0.08978389203548431,0.28235507011413574,0.08984907099656732
lambda_0_1,0.1,1,0,f1,f3,18353,0.06853067129850388,0.24946478009223938,0.06892606113441944
lambda_0_1,0.1,1,0,f1,f4,18353,0.038221489638090134,0.18710756301879883,0.03743257233149894
lambda_0_1,0.1,1,0,f1,f5,18353,0.020266728475689888,0.1371065080165863,0.0203236528088051
lambda_0_1,0.1,1,0,f2,f1,18353,0.9806197881698608,0.1356910616159439,0.9807116002833324
lambda_0_1,0.1,1,0,f2,f2,18353,0.009326132014393806,0.09319272637367249,0.009317277829237728
lambda_0_1,0.1,1,0,f2,f3,18353,0.003988172393292189,0.057680755853652954,0.003977551354002071
lambda_0_1,0.1,1,0,f2,f4,18353,0.0028622914105653763,0.05162089318037033,0.0027243502424671717
lambda_0_1,0.1,1,0,f2,f5,18353,0.003203632542863488,0.05534883216023445,0.003269220290960606
lambda_0_1,0.1,1,0,f3,f1,18353,0.9972777962684631,0.05154166370630264,0.9972756497575328
lambda_0_1,0.1,1,0,f3,f2,18353,0.0017404801910743117,0.0409795343875885,0.0017435841551789897
lambda_0_1,0.1,1,0,f3,f3,18353,1.0545936675043777e-06,3.5581506381276995e-05,0.0
lambda_0_1,0.1,1,0,f3,f4,18353,0.0009807380847632885,0.031301554292440414,0.0009807660872881818
lambda_0_1,0.1,1,0,f3,f5,18353,9.610397810888571e-09,3.7355266613303684e-07,0.0
lambda_0_1,0.1,1,0,f4,f1,18353,0.9984697103500366,0.03750181943178177,0.9985833378739171
lambda_0_1,0.1,1,0,f4,f2,18353,0.0012249742867425084,0.034539200365543365,0.0011987141066855556
lambda_0_1,0.1,1,0,f4,f3,18353,0.0002063161664409563,0.011438635177910328,0.00010897400969868686
lambda_0_1,0.1,1,0,f4,f4,18353,9.835732635110617e-05,0.008999133482575417,0.00010897400969868686
lambda_0_1,0.1,1,0,f4,f5,18353,6.525327194140118e-07,7.848193490644917e-05,0.0
lambda_0_1,0.1,1,0,f5,f1,18353,0.9982415437698364,0.04151039570569992,0.998256415844821
lambda_0_1,0.1,1,0,f5,f2,18353,0.0017584473825991154,0.04151039198040962,0.0017435841551789897
lambda_0_1,0.1,1,0,f5,f3,18353,1.102469338043477e-09,5.976909278615494e-08,0.0
lambda_0_1,0.1,1,0,f5,f4,18353,9.31695432609958e-12,9.884062457388154e-10,0.0
lambda_0_1,0.1,1,0,f5,f5,18353,2.198692072852282e-08,1.682505285316438e-06,0.0
lambda_0_1,0.1,1,1,f1,f1,18353,0.7105133533477783,0.45153918862342834,0.7110009262790824
lambda_0_1,0.1,1,1,f1,f2,18353,0.11390575021505356,0.3126986622810364,0.11316950907208631
lambda_0_1,0.1,1,1,f1,f3,18353,0.08309746533632278,0.27170905470848083,0.08385550046313954
lambda_0_1,0.1,1,1,f1,f4,18353,0.053263742476701736,0.21708284318447113,0.052961368713561816
lambda_0_1,0.1,1,1,f1,f5,18353,0.03921970725059509,0.18722714483737946,0.0390126954721299
lambda_0_1,0.1,1,1,f2,f1,18353,0.9783902764320374,0.14355453848838806,0.97842314607966
lambda_0_1,0.1,1,1,f2,f2,18353,0.01568957231938839,0.12138800323009491,0.015855718411158938
lambda_0_1,0.1,1,1,f2,f3,18353,0.0038020703941583633,0.05956856906414032,0.0035961423200566666
lambda_0_1,0.1,1,1,f2,f4,18353,0.0007525649853050709,0.024922167882323265,0.0007628180678908081
lambda_0_1,0.1,1,1,f2,f5,18353,0.0013654984068125486,0.035316597670316696,0.0013621751212335859
lambda_0_1,0.1,1,1,f3,f1,18353,0.9943205714225769,0.07356753200292587,0.9944968125102163
lambda_0_1,0.1,1,1,f3,f2,18353,0.0027436548843979836,0.049967002123594284,0.002669863237617828
lambda_0_1,0.1,1,1,f3,f3,18353,0.001791368005797267,0.04026598855853081,0.0016890971503296464
lambda_0_1,0.1,1,1,f3,f4,18353,4.380123996838847e-08,2.281933575432049e-06,0.0
lambda_0_1,0.1,1,1,f3,f5,18353,0.0011443725088611245,0.033807430416345596,0.001144227101836212
lambda_0_1,0.1,1,1,f4,f1,18353,0.9965874552726746,0.05748239904642105,0.9966218056993407
lambda_0_1,0.1,1,1,f4,f2,18353,0.0021613191347569227,0.04487987235188484,0.0020705061842750502
lambda_0_1,0.1,1,1,f4,f3,18353,0.0012512803077697754,0.03459447622299194,0.0013076881163842423
lambda_0_1,0.1,1,1,f4,f4,18353,1.1995375526208107e-10,1.5159827171373763e-08,0.0
lambda_0_1,0.1,1,1,f4,f5,18353,2.2101642738192595e-10,1.0353770285576047e-08,0.0
lambda_0_1,0.1,1,1,f5,f1,18353,0.9991742968559265,0.026111073791980743,0.9992371819321092
lambda_0_1,0.1,1,1,f5,f2,18353,0.0005624829791486263,0.02150256372988224,0.0005448700484934343
lambda_0_1,0.1,1,1,f5,f3,18353,4.068397174705751e-05,0.0018282404635101557,0.0
lambda_0_1,0.1,1,1,f5,f4,18353,1.035196706133945e-09,1.0595925914458348e-07,0.0
lambda_0_1,0.1,1,1,f5,f5,18353,0.00022252013150136918,0.011966700665652752,0.00021794801939737372
lambda_0_1,0.1,1,2,f1,f1,18353,0.7444092631340027,0.43362051248550415,0.7446738952759767
lambda_0_1,0.1,1,2,f1,f2,18353,0.09335056692361832,0.28568363189697266,0.09306380428267857
lambda_0_1,0.1,1,2,f1,f3,18353,0.08816879987716675,0.278190940618515,0.08865035688988177
lambda_0_1,0.1,1,2,f1,f4,18353,0.045019473880529404,0.20033513009548187,0.04484280499100964
lambda_0_1,0.1,1,2,f1,f5,18353,0.029051916673779488,0.16166047751903534,0.028769138560453333
lambda_0_1,0.1,1,2,f2,f1,18353,0.9838946461677551,0.12379871308803558,0.983980820574293
lambda_0_1,0.1,1,2,f2,f2,18353,0.009291722439229488,0.09245460480451584,0.009262790824388384
lambda_0_1,0.1,1,2,f2,f3,18353,0.002022369531914592,0.04406600445508957,0.0020705061842750502
lambda_0_1,0.1,1,2,f2,f4,18353,0.0034877501893788576,0.05848563835024834,0.003432681305508636
lambda_0_1,0.1,1,2,f2,f5,18353,0.0013034805888310075,0.031820204108953476,0.001253201111534899
lambda_0_1,0.1,1,2,f3,f1,18353,0.9962274432182312,0.05963291600346565,0.9962948836702447
lambda_0_1,0.1,1,2,f3,f2,18353,0.0007601702236570418,0.024180350825190544,0.0007628180678908081
lambda_0_1,0.1,1,2,f3,f3,18353,0.0005538436234928668,0.02049108035862446,0.0004903830436440909
lambda_0_1,0.1,1,2,f3,f4,18353,0.0003841622092295438,0.018007831647992134,0.00038140903394540403
lambda_0_1,0.1,1,2,f3,f5,18353,0.0020744020584970713,0.0453876368701458,0.0020705061842750502
lambda_0_1,0.1,1,2,f4,f1,18353,0.9994417428970337,0.02256888337433338,0.9994551299515065
lambda_0_1,0.1,1,2,f4,f2,18353,0.0005583459278568625,0.02256888523697853,0.0005448700484934343
lambda_0_1,0.1,1,2,f4,f3,18353,9.301248105053617e-10,8.998132727811026e-08,0.0
lambda_0_1,0.1,1,2,f4,f4,18353,1.828378226598204e-09,2.453544425407017e-07,0.0
lambda_0_1,0.1,1,2,f4,f5,18353,8.09346964447677e-11,3.5734064596226744e-09,0.0
lambda_0_1,0.1,1,2,f5,f1,18353,0.9991753697395325,0.027391333132982254,0.9991826949272599
lambda_0_1,0.1,1,2,f5,f2,18353,0.0007870104745961726,0.027170490473508835,0.0008173050727401515
lambda_0_1,0.1,1,2,f5,f3,18353,1.4655054769718845e-07,9.340234100818634e-06,0.0
lambda_0_1,0.1,1,2,f5,f4,18353,3.75465169781819e-05,0.0034751170314848423,0.0
lambda_0_1,0.1,1,2,f5,f5,18353,2.104576957151494e-09,1.8950288449559594e-07,0.0
lambda_0_1,0.1,1,3,f1,f1,18353,0.7133895754814148,0.44984540343284607,0.7132893804827548
lambda_0_1,0.1,1,3,f1,f2,18353,0.13072554767131805,0.3325813412666321,0.13125919468206831
lambda_0_1,0.1,1,3,f1,f3,18353,0.07183515280485153,0.2533303201198578,0.07148695036233858
lambda_0_1,0.1,1,3,f1,f4,18353,0.054539185017347336,0.22085584700107574,0.05426905682994606
lambda_0_1,0.1,1,3,f1,f5,18353,0.029510552063584328,0.16311964392662048,0.029695417642892172
lambda_0_1,0.1,1,3,f2,f1,18353,0.9743558764457703,0.15610939264297485,0.9742821337111099
lambda_0_1,0.1,1,3,f2,f2,18353,0.0160402562469244,0.12266096472740173,0.016128153435405655
lambda_0_1,0.1,1,3,f2,f3,18353,0.0026294838171452284,0.04516831040382385,0.0024519152182204546
lambda_0_1,0.1,1,3,f2,f4,18353,0.00435639126226306,0.06269452720880508,0.004249986378248788
lambda_0_1,0.1,1,3,f2,f5,18353,0.0026180013082921505,0.04415339231491089,0.0028878112570152018
lambda_0_1,0.1,1,3,f3,f1,18353,0.9965964555740356,0.056603994220495224,0.9966218056993407
lambda_0_1,0.1,1,3,f3,f2,18353,0.0032592767383903265,0.05559127777814865,0.003269220290960606
lambda_0_1,0.1,1,3,f3,f3,18353,0.00013183992996346205,0.010304028168320656,0.00010897400969868686
lambda_0_1,0.1,1,3,f3,f4,18353,1.0764803846541326e-05,0.0007250445196405053,0.0
lambda_0_1,0.1,1,3,f3,f5,18353,1.5986378230081755e-06,8.987815090222284e-05,0.0
lambda_0_1,0.1,1,3,f4,f1,18353,0.9984623193740845,0.03806961327791214,0.9984743638642184
lambda_0_1,0.1,1,3,f4,f2,18353,0.00021401295089162886,0.011929227970540524,0.00021794801939737372
lambda_0_1,0.1,1,3,f4,f3,18353,0.00132370600476861,0.035862259566783905,0.0013076881163842423
lambda_0_1,0.1,1,3,f4,f4,18353,6.7601675368678116e-09,4.810668201571389e-07,0.0
lambda_0_1,0.1,1,3,f4,f5,18353,7.464235340925995e-10,2.5728796870794213e-08,0.0
lambda_0_1,0.1,1,3,f5,f1,18353,0.9965717792510986,0.05729716271162033,0.9966218056993407
lambda_0_1,0.1,1,3,f5,f2,18353,0.0008938198443502188,0.028003057464957237,0.0008173050727401515
lambda_0_1,0.1,1,3,f5,f3,18353,0.0025335741229355335,0.05001465231180191,0.0025608892279191412
lambda_0_1,0.1,1,3,f5,f4,18353,6.934867680108425e-10,3.5333002301740635e-08,0.0
lambda_0_1,0.1,1,3,f5,f5,18353,8.20181355720706e-07,7.742124580545351e-05,0.0
lambda_0_1,0.1,1,ALL,f1,f1,73412,0.737877368927002,0.43754246830940247,0.7381082111916308
lambda_0_1,0.1,1,ALL,f1,f2,73412,0.10694143921136856,0.3044702410697937,0.10683539475835013
lambda_0_1,0.1,1,ALL,f1,f3,73412,0.07790801674127579,0.26356714963912964,0.07822971721244483
lambda_0_1,0.1,1,ALL,f1,f4,73412,0.047760970890522,0.20688974857330322,0.047376450716504113
lambda_0_1,0.1,1,ALL,f1,f5,73412,0.029512226581573486,0.1633782982826233,0.029450226121070126
lambda_0_1,0.1,1,ALL,f2,f1,73412,0.9793151617050171,0.14032207429409027,0.9793494251620989
lambda_0_1,0.1,1,ALL,f2,f2,73412,0.012586921453475952,0.10846038162708282,0.012640985125047676
lambda_0_1,0.1,1,ALL,f2,f3,73412,0.003110524034127593,0.05210491642355919,0.0030240287691385604
lambda_0_1,0.1,1,ALL,f2,f4,73412,0.00286474940367043,0.05158402770757675,0.002792458998528851
lambda_0_1,0.1,1,ALL,f2,f5,73412,0.0021226531825959682,0.042647287249565125,0.0021931019451860733
lambda_0_1,0.1,1,ALL,f3,f1,73412,0.9961055517196655,0.060895465314388275,0.9961722879093337
lambda_0_1,0.1,1,ALL,f3,f2,73412,0.0021258953493088484,0.04431270435452461,0.002111371437912058
lambda_0_1,0.1,1,ALL,f3,f3,73412,0.0006195266614668071,0.023180371150374413,0.000572113550918106
lambda_0_1,0.1,1,ALL,f3,f4,73412,0.00034392724046483636,0.018063625320792198,0.00034054378030839647
lambda_0_1,0.1,1,ALL,f3,f5,73412,0.0008050957112573087,0.02831023372709751,0.0008036833215278156
lambda_0_1,0.1,1,ALL,f4,f1,73412,0.9982402324676514,0.04084503650665283,0.9982836593472457
lambda_0_1,0.1,1,ALL,f4,f2,73412,0.0010396630968898535,0.031067945063114166,0.0010080095897128535
lambda_0_1,0.1,1,ALL,f4,f3,73412,0.0006953257834538817,0.02556873857975006,0.0006810875606167929
lambda_0_1,0.1,1,ALL,f4,f4,73412,2.4591508918092586e-05,0.004499676637351513,2.7243502424671715e-05
lambda_0_1,0.1,1,ALL,f4,f5,73412,1.633952564361607e-07,3.924118573195301e-05,0.0
lambda_0_1,0.1,1,ALL,f5,f1,73412,0.9982906579971313,0.0401323065161705,0.9983245246008827
lambda_0_1,0.1,1,ALL,f5,f2,73412,0.001000440213829279,0.03044893965125084,0.0009807660872881818
lambda_0_1,0.1,1,ALL,f5,f3,73412,0.0006436014664359391,0.0250473003834486,0.0006402223069797853
lambda_0_1,0.1,1,ALL,f5,f4,73412,9.38706307351822e-06,0.001737599028274417,0.0
lambda_0_1,0.1,1,ALL,f5,f5,73412,5.584110476775095e-05,0.005984126124531031,5.448700484934343e-05
lambda_0_1,0.1,2,0,f1,f1,18353,0.7863601446151733,0.40906673669815063,0.7864654279954231
lambda_0_1,0.1,2,0,f1,f2,18353,0.08927943557500839,0.28413376212120056,0.0891952269383752
lambda_0_1,0.1,2,0,f1,f3,18353,0.06545476615428925,0.24420644342899323,0.06576581485315752
lambda_0_1,0.1,2,0,f1,f4,18353,0.040491219609975815,0.1928091198205948,0.04015692257396611
lambda_0_1,0.1,2,0,f1,f5,18353,0.018414489924907684,0.13346244394779205,0.01841660763907808
lambda_0_1,0.1,2,0,f2,f1,18353,0.9807513952255249,0.1361594796180725,0.9807660872881818
lambda_0_1,0.1,2,0,f2,f2,18353,0.0093005932867527,0.09363329410552979,0.009262790824388384
lambda_0_1,0.1,2,0,f2,f3,18353,0.004092066548764706,0.06129937991499901,0.004086525363700758
lambda_0_1,0.1,2,0,f2,f4,18353,0.0037844437174499035,0.05984945595264435,0.0037596033346046966
lambda_0_1,0.1,2,0,f2,f5,18353,0.0020715883001685143,0.043714672327041626,0.002124993189124394
lambda_0_1,0.1,2,0,f3,f1,18353,0.9952290654182434,0.06835970282554626,0.9951506565684084
lambda_0_1,0.1,2,0,f3,f2,18353,0.0022808017674833536,0.04671569541096687,0.0023429412085217674
lambda_0_1,0.1,2,0,f3,f3,18353,3.5674756304615585e-07,2.6495590645936318e-05,0.0
lambda_0_1,0.1,2,0,f3,f4,18353,0.0010024919174611568,0.031315263360738754,0.0009807660872881818
lambda_0_1,0.1,2,0,f3,f5,18353,0.0014871994499117136,0.03805754706263542,0.0015256361357816161
lambda_0_1,0.1,2,0,f4,f1,18353,0.9960472583770752,0.06257475167512894,0.996022448645998
lambda_0_1,0.1,2,0,f4,f2,18353,0.0019367209170013666,0.0437188521027565,0.0019615321745763636
lambda_0_1,0.1,2,0,f4,f3,18353,0.0016673188656568527,0.039059918373823166,0.0017435841551789897
lambda_0_1,0.1,2,0,f4,f4,18353,0.000348704430507496,0.01447936613112688,0.00027243502424671717
lambda_0_1,0.1,2,0,f4,f5,18353,1.007496486238324e-08,4.524811743067403e-07,0.0
lambda_0_1,0.1,2,0,f5,f1,18353,0.9978916049003601,0.044860947877168655,0.9979839808205743
lambda_0_1,0.1,2,0,f5,f2,18353,0.0021083892788738012,0.044860947877168655,0.002016019179425707
lambda_0_1,0.1,2,0,f5,f3,18353,2.4881625648731642e-09,2.8657379402829974e-07,0.0
lambda_0_1,0.1,2,0,f5,f4,18353,2.1687469528575143e-12,1.437307634022389e-10,0.0
lambda_0_1,0.1,2,0,f5,f5,18353,3.270208326355828e-09,2.8455659162318625e-07,0.0
lambda_0_1,0.1,2,1,f1,f1,18353,0.7066490650177002,0.45432522892951965,0.7068599139105324
lambda_0_1,0.1,2,1,f1,f2,18353,0.12434232234954834,0.326389878988266,0.1248297281098458
lambda_0_1,0.1,2,1,f1,f3,18353,0.08027461171150208,0.2678065896034241,0.07998692311883615
lambda_0_1,0.1,2,1,f1,f4,18353,0.05050898343324661,0.21416699886322021,0.05050945349534136
lambda_0_1,0.1,2,1,f1,f5,18353,0.03822503983974457,0.18810515105724335,0.037813981365444345
lambda_0_1,0.1,2,1,f2,f1,18353,0.9778919219970703,0.1462022215127945,0.9777148150166185
lambda_0_1,0.1,2,1,f2,f2,18353,0.01684745028614998,0.1268649399280548,0.016999945512995152
lambda_0_1,0.1,2,1,f2,f3,18353,0.004116011783480644,0.062120575457811356,0.0041410123685501005
lambda_0_1,0.1,2,1,f2,f4,18353,6.010988272464601e-06,0.00021486221521627158,0.0
lambda_0_1,0.1,2,1,f2,f5,18353,0.0011386374244466424,0.03363233804702759,0.001144227101836212
lambda_0_1,0.1,2,1,f3,f1,18353,0.9943258166313171,0.07484162598848343,0.9943333514956683
lambda_0_1,0.1,2,1,f3,f2,18353,0.002511777216568589,0.04986056685447693,0.002506402223069798
lambda_0_1,0.1,2,1,f3,f3,18353,0.0020181001164019108,0.04463662579655647,0.002016019179425707
lambda_0_1,0.1,2,1,f3,f4,18353,2.023575831344715e-07,2.2595037080463953e-05,0.0
lambda_0_1,0.1,2,1,f3,f5,18353,0.0011441505048424006,0.03380512818694115,0.001144227101836212
lambda_0_1,0.1,2,1,f4,f1,18353,0.9965797662734985,0.057326093316078186,0.996512831689642
lambda_0_1,0.1,2,1,f4,f2,18353,0.002867979696020484,0.053147222846746445,0.0028878112570152018
lambda_0_1,0.1,2,1,f4,f3,18353,0.0005521833663806319,0.02107417583465576,0.0005993570533427778
lambda_0_1,0.1,2,1,f4,f4,18353,2.3535167148480696e-09,1.4545648241437448e-07,0.0
lambda_0_1,0.1,2,1,f4,f5,18353,1.9642433457534025e-08,1.1760059805965284e-06,0.0
lambda_0_1,0.1,2,1,f5,f1,18353,0.9999628663063049,0.003027434227988124,1.0
lambda_0_1,0.1,2,1,f5,f2,18353,3.710635064635426e-05,0.0030272919684648514,0.0
lambda_0_1,0.1,2,1,f5,f3,18353,1.2593971698837692e-10,1.1139609235044645e-08,0.0
lambda_0_1,0.1,2,1,f5,f4,18353,1.921905123936085e-08,1.9959331893915078e-06,0.0
lambda_0_1,0.1,2,1,f5,f5,18353,8.227634129553962e-10,5.830542448848064e-08,0.0
lambda_0_1,0.1,2,2,f1,f1,18353,0.7403008937835693,0.43740370869636536,0.7406963439219746
lambda_0_1,0.1,2,2,f1,f2,18353,0.0871734619140625,0.27880170941352844,0.08685228572985343
lambda_0_1,0.1,2,2,f1,f3,18353,0.09043680131435394,0.28221750259399414,0.09132022012749959
lambda_0_1,0.1,2,2,f1,f4,18353,0.04572797194123268,0.20337055623531342,0.04484280499100964
lambda_0_1,0.1,2,2,f1,f5,18353,0.03636084869503975,0.180161252617836,0.036288345229662726
lambda_0_1,0.1,2,2,f2,f1,18353,0.9841236472129822,0.1240139976143837,0.984307742603389
lambda_0_1,0.1,2,2,f2,f2,18353,0.010426259599626064,0.10037160664796829,0.010243556911676565
lambda_0_1,0.1,2,2,f2,f3,18353,0.004553723614662886,0.06486136466264725,0.004685882417043535
lambda_0_1,0.1,2,2,f2,f4,18353,0.0005349722923710942,0.01740158349275589,0.00038140903394540403
lambda_0_1,0.1,2,2,f2,f5,18353,0.00036139320582151413,0.016305796802043915,0.00038140903394540403
lambda_0_1,0.1,2,2,f3,f1,18353,0.9943563342094421,0.07416281849145889,0.9944423255053669
lambda_0_1,0.1,2,2,f3,f2,18353,0.00042575373663567007,0.013892853632569313,0.00027243502424671717
lambda_0_1,0.1,2,2,f3,f3,18353,0.0027812195476144552,0.04735821112990379,0.0028333242521658584
lambda_0_1,0.1,2,2,f3,f4,18353,0.00010781051241792738,0.00513829942792654,0.0
lambda_0_1,0.1,2,2,f3,f5,18353,0.0023288726806640625,0.04613514617085457,0.0024519152182204546
lambda_0_1,0.1,2,2,f4,f1,18353,0.9999485015869141,0.006978671532124281,0.9999455129951507
lambda_0_1,0.1,2,2,f4,f2,18353,5.153846723260358e-05,0.006978671532124281,5.448700484934343e-05
lambda_0_1,0.1,2,2,f4,f3,18353,4.976404177625682e-09,2.426564265078923e-07,0.0
lambda_0_1,0.1,2,2,f4,f4,18353,6.383737722465144e-12,4.975462819523102e-10,0.0
lambda_0_1,0.1,2,2,f4,f5,18353,4.189000708809676e-12,1.4292003691629418e-10,0.0
lambda_0_1,0.1,2,2,f5,f1,18353,0.9989221692085266,0.032589349895715714,0.9989102599030132
lambda_0_1,0.1,2,2,f5,f2,18353,0.0010777338175103068,0.032589107751846313,0.0010897400969868687
lambda_0_1,0.1,2,2,f5,f3,18353,1.7838550636639638e-09,2.1977122344196687e-07,0.0
lambda_0_1,0.1,2,2,f5,f4,18353,1.3051662506313733e-07,1.178725142381154e-05,0.0
lambda_0_1,0.1,2,2,f5,f5,18353,9.047278481943977e-09,9.944512839865638e-07,0.0
lambda_0_1,0.1,2,3,f1,f1,18353,0.7201309204101562,0.4480389356613159,0.7202637171034708
lambda_0_1,0.1,2,3,f1,f2,18353,0.12654316425323486,0.3308127224445343,0.12673677327957283
lambda_0_1,0.1,2,3,f1,f3,18353,0.07860760390758514,0.2674490809440613,0.07867923500245191
lambda_0_1,0.1,2,3,f1,f4,18353,0.044104814529418945,0.2024240493774414,0.04337165586007737
lambda_0_1,0.1,2,3,f1,f5,18353,0.030613452196121216,0.16858310997486115,0.03094861875442707
lambda_0_1,0.1,2,3,f2,f1,18353,0.973871111869812,0.15923266112804413,0.9738462376723152
lambda_0_1,0.1,2,3,f2,f2,18353,0.016879256814718246,0.12704962491989136,0.01732686754209121
lambda_0_1,0.1,2,3,f2,f3,18353,0.004595140926539898,0.06659436225891113,0.004522421402495505
lambda_0_1,0.1,2,3,f2,f4,18353,0.0006876634433865547,0.014291445724666119,0.0001634610145480303
lambda_0_1,0.1,2,3,f2,f5,18353,0.003966789226979017,0.06091912463307381,0.0041410123685501005
lambda_0_1,0.1,2,3,f3,f1,18353,0.9960893988609314,0.06201450899243355,0.9960769356508473
lambda_0_1,0.1,2,3,f3,f2,18353,0.0031515813898295164,0.055636927485466,0.003160246281261919
lambda_0_1,0.1,2,3,f3,f3,18353,0.00075898552313447,0.027431942522525787,0.0007628180678908081
lambda_0_1,0.1,2,3,f3,f4,18353,5.192602614556563e-08,2.518996097933268e-06,0.0
lambda_0_1,0.1,2,3,f3,f5,18353,5.95425708738162e-09,3.286798460067075e-07,0.0
lambda_0_1,0.1,2,3,f4,f1,18353,0.9985821843147278,0.03761284425854683,0.9985833378739171
lambda_0_1,0.1,2,3,f4,f2,18353,0.0010385749628767371,0.03035893850028515,0.0009807660872881818
lambda_0_1,0.1,2,3,f4,f3,18353,0.0003792539064306766,0.016260789707303047,0.00043589603879474743
lambda_0_1,0.1,2,3,f4,f4,18353,2.8048877456776644e-11,7.645341582040999e-10,0.0
lambda_0_1,0.1,2,3,f4,f5,18353,6.197191204648789e-09,4.135620486067637e-07,0.0
lambda_0_1,0.1,2,3,f5,f1,18353,0.9962968826293945,0.060511548072099686,0.9962948836702447
lambda_0_1,0.1,2,3,f5,f2,18353,0.0010620774701237679,0.032201774418354034,0.0010352530921375251
lambda_0_1,0.1,2,3,f5,f3,18353,0.0026410354766994715,0.051115892827510834,0.002669863237617828
lambda_0_1,0.1,2,3,f5,f4,18353,7.850314148738491e-12,3.639154533274791e-10,0.0
lambda_0_1,0.1,2,3,f5,f5,18353,5.224035426465434e-09,2.617160532736307e-07,0.0
lambda_0_1,0.1,2,ALL,f1,f1,73412,0.7383602857589722,0.4385836124420166,0.7385713507328502
lambda_0_1,0.1,2,ALL,f1,f2,73412,0.10683459788560867,0.30651435256004333,0.10690350351441182
lambda_0_1,0.1,2,ALL,f1,f3,73412,0.0786934420466423,0.26591214537620544,0.0789380482754863
lambda_0_1,0.1,2,ALL,f1,f4,73412,0.045208245515823364,0.2033611387014389,0.044720209230098625
lambda_0_1,0.1,2,ALL,f1,f5,73412,0.030903464183211327,0.169048011302948,0.030866888247153054
lambda_0_1,0.1,2,ALL,f2,f1,73412,0.9791594743728638,0.1420408934354782,0.9791587206451261
lambda_0_1,0.1,2,ALL,f2,f2,73412,0.013363391160964966,0.11305475980043411,0.013458290197787827
lambda_0_1,0.1,2,ALL,f2,f3,73412,0.004339235369116068,0.06375332176685333,0.004358960387947475
lambda_0_1,0.1,2,ALL,f2,f4,73412,0.0012532725231721997,0.03200662136077881,0.0010761183457745327
lambda_0_1,0.1,2,ALL,f2,f5,73412,0.0018846020102500916,0.04191087558865547,0.0019479104233640276
lambda_0_1,0.1,2,ALL,f3,f1,73412,0.9950001835823059,0.07003846019506454,0.9950008173050727
lambda_0_1,0.1,2,ALL,f3,f2,73412,0.0020924785640090704,0.0446113646030426,0.0020705061842750502
lambda_0_1,0.1,2,ALL,f3,f3,73412,0.0013896654127165675,0.0353277325630188,0.0014030403748705933
lambda_0_1,0.1,2,ALL,f3,f4,73412,0.00027763916295953095,0.01587226614356041,0.00024519152182204544
lambda_0_1,0.1,2,ALL,f3,f5,73412,0.001240057055838406,0.034359194338321686,0.0012804446139595706
lambda_0_1,0.1,2,ALL,f4,f1,73412,0.9977894425392151,0.04656915366649628,0.9977660328011769
lambda_0_1,0.1,2,ALL,f4,f2,73412,0.0014737035380676389,0.037783823907375336,0.0014711491309322726
lambda_0_1,0.1,2,ALL,f4,f3,73412,0.0006496903370134532,0.02364138327538967,0.0006947093118291288
lambda_0_1,0.1,2,ALL,f4,f4,73412,8.717670425539836e-05,0.007241109386086464,6.810875606167929e-05
lambda_0_1,0.1,2,ALL,f4,f5,73412,8.979695209632155e-09,6.631165661019622e-07,0.0
lambda_0_1,0.1,2,ALL,f5,f1,73412,0.9982683062553406,0.041086599230766296,0.9982972810984581
lambda_0_1,0.1,2,ALL,f5,f2,73412,0.0010713267838582397,0.03210393339395523,0.0010352530921375251
lambda_0_1,0.1,2,ALL,f5,f3,73412,0.0006602599751204252,0.025582995265722275,0.000667465809404457
lambda_0_1,0.1,2,ALL,f5,f4,73412,3.743642196241126e-08,5.977645741950255e-06,0.0
lambda_0_1,0.1,2,ALL,f5,f5,73412,4.591071522952461e-09,5.342729423318815e-07,0.0
lambda_0_7,0.7,1,0,f1,f1,18353,0.7735598087310791,0.3596210777759552,0.8182858388274397
lambda_0_7,0.7,1,0,f1,f2,18353,0.06715484708547592,0.1271674782037735,0.028823625565302675
lambda_0_7,0.7,1,0,f1,f3,18353,0.0247266236692667,0.11484299600124359,0.01966980875061298
lambda_0_7,0.7,1,0,f1,f4,18353,0.03740541636943817,0.15816828608512878,0.035797962186018634
lambda_0_7,0.7,1,0,f1,f5,18353,0.09715326875448227,0.2840968668460846,0.09742276467062605
lambda_0_7,0.7,1,0,f2,f1,18353,0.7864992618560791,0.3584357500076294,0.8229172342396338
lambda_0_7,0.7,1,0,f2,f2,18353,0.058488406240940094,0.12227851897478104,0.025935814308287473
lambda_0_7,0.7,1,0,f2,f3,18353,0.024177726358175278,0.11764765530824661,0.0203236528088051
lambda_0_7,0.7,1,0,f2,f4,18353,0.03768086060881615,0.15818557143211365,0.03617937121996404
lambda_0_7,0.7,1,0,f2,f5,18353,0.09315374493598938,0.2774868607521057,0.09464392742330954
lambda_0_7,0.7,1,0,f3,f1,18353,0.7926103472709656,0.3547482490539551,0.8270037596033346
lambda_0_7,0.7,1,0,f3,f2,18353,0.058212246745824814,0.12274324148893356,0.025118509235547322
lambda_0_7,0.7,1,0,f3,f3,18353,0.027177289128303528,0.12345173954963684,0.02348389909006702
lambda_0_7,0.7,1,0,f3,f4,18353,0.03901024907827377,0.15574045479297638,0.04162807170489838
lambda_0_7,0.7,1,0,f3,f5,18353,0.08298987150192261,0.2592310607433319,0.08276576036615267
lambda_0_7,0.7,1,0,f4,f1,18353,0.8018918037414551,0.3383103907108307,0.8382280826022993
lambda_0_7,0.7,1,0,f4,f2,18353,0.06634595990180969,0.12581712007522583,0.030403748705933636
lambda_0_7,0.7,1,0,f4,f3,18353,0.035454366356134415,0.1352626234292984,0.029695417642892172
lambda_0_7,0.7,1,0,f4,f4,18353,0.038237400352954865,0.14206518232822418,0.039612052525472674
lambda_0_7,0.7,1,0,f4,f5,18353,0.05807047709822655,0.20840133726596832,0.062060698523402166
lambda_0_7,0.7,1,0,f5,f1,18353,0.819617509841919,0.2912445664405823,0.8793657712635536
lambda_0_7,0.7,1,0,f5,f2,18353,0.09018785506486893,0.13418430089950562,0.03601591020541601
lambda_0_7,0.7,1,0,f5,f3,18353,0.041353583335876465,0.13513216376304626,0.033945404021140956
lambda_0_7,0.7,1,0,f5,f4,18353,0.03359926491975784,0.13319365680217743,0.03596142320056667
lambda_0_7,0.7,1,0,f5,f5,18353,0.015241767279803753,0.08943124860525131,0.014711491309322727
lambda_0_7,0.7,1,1,f1,f1,18353,0.7593696117401123,0.37121638655662537,0.8017217893532392
lambda_0_7,0.7,1,1,f1,f2,18353,0.06404180079698563,0.11900562047958374,0.024846074211300605
lambda_0_7,0.7,1,1,f1,f3,18353,0.03180785849690437,0.139860138297081,0.028605677545905303
lambda_0_7,0.7,1,1,f1,f4,18353,0.03616119548678398,0.16106557846069336,0.0365062932490601
lambda_0_7,0.7,1,1,f1,f5,18353,0.1086195781826973,0.30248284339904785,0.10832016564049474
lambda_0_7,0.7,1,1,f2,f1,18353,0.7727621793746948,0.3708316385746002,0.8076063858769683
lambda_0_7,0.7,1,1,f2,f2,18353,0.05609703063964844,0.11589367687702179,0.022176210973682775
lambda_0_7,0.7,1,1,f2,f3,18353,0.03059755265712738,0.1390683948993683,0.029314008608946767
lambda_0_7,0.7,1,1,f2,f4,18353,0.035084109753370285,0.15820232033729553,0.03383643001144227
lambda_0_7,0.7,1,1,f2,f5,18353,0.10545917600393295,0.2981155216693878,0.10706696452895985
lambda_0_7,0.7,1,1,f3,f1,18353,0.784247636795044,0.362351655960083,0.8163243066528633
lambda_0_7,0.7,1,1,f3,f2,18353,0.05694306269288063,0.11986695230007172,0.025772353293739444
lambda_0_7,0.7,1,1,f3,f3,18353,0.030208474025130272,0.1333770453929901,0.028605677545905303
lambda_0_7,0.7,1,1,f3,f4,18353,0.03691273555159569,0.15659886598587036,0.03601591020541601
lambda_0_7,0.7,1,1,f3,f5,18353,0.09168805181980133,0.2747698128223419,0.09328175230207596
lambda_0_7,0.7,1,1,f4,f1,18353,0.8002280592918396,0.3425682783126831,0.8350133493161881
lambda_0_7,0.7,1,1,f4,f2,18353,0.06301505118608475,0.12195726484060287,0.025935814308287473
lambda_0_7,0.7,1,1,f4,f3,18353,0.033166877925395966,0.13300806283950806,0.03018580068653626
lambda_0_7,0.7,1,1,f4,f4,18353,0.0360049307346344,0.14596498012542725,0.03449027406963439
lambda_0_7,0.7,1,1,f4,f5,18353,0.06758509576320648,0.22839558124542236,0.07437476161935379
lambda_0_7,0.7,1,1,f5,f1,18353,0.8155831694602966,0.30312976241111755,0.8639459488911895
lambda_0_7,0.7,1,1,f5,f2,18353,0.08521004021167755,0.13050027191638947,0.03677872827330682
lambda_0_7,0.7,1,1,f5,f3,18353,0.04120410606265068,0.13251903653144836,0.035525527161771916
lambda_0_7,0.7,1,1,f5,f4,18353,0.03670356422662735,0.14170965552330017,0.03917615648667793
lambda_0_7,0.7,1,1,f5,f5,18353,0.02129913493990898,0.10348109155893326,0.024573639187053888
lambda_0_7,0.7,1,2,f1,f1,18353,0.7800777554512024,0.3550834655761719,0.8223178771862911
lambda_0_7,0.7,1,2,f1,f2,18353,0.0659266859292984,0.12777435779571533,0.027406963439219747
lambda_0_7,0.7,1,2,f1,f3,18353,0.02134326845407486,0.1147422194480896,0.019015964692420857
lambda_0_7,0.7,1,2,f1,f4,18353,0.03533167764544487,0.1637725532054901,0.033945404021140956
lambda_0_7,0.7,1,2,f1,f5,18353,0.09732065349817276,0.28849345445632935,0.09731379066092737
lambda_0_7,0.7,1,2,f2,f1,18353,0.7921985983848572,0.35323992371559143,0.827058246608184
lambda_0_7,0.7,1,2,f2,f2,18353,0.05780954658985138,0.12095116823911667,0.024737100201601917
lambda_0_7,0.7,1,2,f2,f3,18353,0.02102077379822731,0.11577369272708893,0.018798016673023485
lambda_0_7,0.7,1,2,f2,f4,18353,0.035803765058517456,0.16336852312088013,0.035852449190867976
lambda_0_7,0.7,1,2,f2,f5,18353,0.09316732734441757,0.2818485498428345,0.09355418732632267
lambda_0_7,0.7,1,2,f3,f1,18353,0.8011383414268494,0.34721121191978455,0.834196044243448
lambda_0_7,0.7,1,2,f3,f2,18353,0.056947261095047,0.11987964808940887,0.023919795128861766
lambda_0_7,0.7,1,2,f3,f3,18353,0.02346201054751873,0.12038443237543106,0.02048711382335313
lambda_0_7,0.7,1,2,f3,f4,18353,0.0356883779168129,0.1571260541677475,0.03797744237999237
lambda_0_7,0.7,1,2,f3,f5,18353,0.08276398479938507,0.26437991857528687,0.08341960442434479
lambda_0_7,0.7,1,2,f4,f1,18353,0.8195082545280457,0.31949177384376526,0.8601318585517355
lambda_0_7,0.7,1,2,f4,f2,18353,0.06602857261896133,0.12462491542100906,0.026426197351931566
lambda_0_7,0.7,1,2,f4,f3,18353,0.028546910732984543,0.1256701648235321,0.022666594017326867
lambda_0_7,0.7,1,2,f4,f4,18353,0.03154987469315529,0.13287506997585297,0.030458235710782978
lambda_0_7,0.7,1,2,f4,f5,18353,0.05436640605330467,0.20646721124649048,0.06031711436822318
lambda_0_7,0.7,1,2,f5,f1,18353,0.8319855332374573,0.28215861320495605,0.8843240887048439
lambda_0_7,0.7,1,2,f5,f2,18353,0.08495419472455978,0.13202226161956787,0.03454476107448374
lambda_0_7,0.7,1,2,f5,f3,18353,0.03517357259988785,0.12928080558776855,0.031221053778673787
lambda_0_7,0.7,1,2,f5,f4,18353,0.03140344098210335,0.13018526136875153,0.03182041083201657
lambda_0_7,0.7,1,2,f5,f5,18353,0.016483252868056297,0.09172385931015015,0.01808968560998202
lambda_0_7,0.7,1,3,f1,f1,18353,0.7504491806030273,0.36194777488708496,0.8053179316732959
lambda_0_7,0.7,1,3,f1,f2,18353,0.07667318731546402,0.11843819916248322,0.024573639187053888
lambda_0_7,0.7,1,3,f1,f3,18353,0.024478361010551453,0.11134792119264603,0.02255762000762818
lambda_0_7,0.7,1,3,f1,f4,18353,0.04401855543255806,0.1808438003063202,0.04304473383098131
lambda_0_7,0.7,1,3,f1,f5,18353,0.10438071191310883,0.29531416296958923,0.1045060753010407
lambda_0_7,0.7,1,3,f2,f1,18353,0.7658270001411438,0.36146339774131775,0.8119653462649158
lambda_0_7,0.7,1,3,f2,f2,18353,0.06696995347738266,0.1133800595998764,0.022612107012477525
lambda_0_7,0.7,1,3,f2,f3,18353,0.023118505254387856,0.10988195240497589,0.02174031493488803
lambda_0_7,0.7,1,3,f2,f4,18353,0.043722037225961685,0.18007175624370575,0.04304473383098131
lambda_0_7,0.7,1,3,f2,f5,18353,0.10036257654428482,0.28984805941581726,0.10063749795673732
lambda_0_7,0.7,1,3,f3,f1,18353,0.7754888534545898,0.3560633361339569,0.8195935269438239
lambda_0_7,0.7,1,3,f3,f2,18353,0.06555929034948349,0.11409588903188705,0.021849288944586716
lambda_0_7,0.7,1,3,f3,f3,18353,0.024803290143609047,0.11210446059703827,0.02206723696398409
lambda_0_7,0.7,1,3,f3,f4,18353,0.043242767453193665,0.17519541084766388,0.04511524001525636
lambda_0_7,0.7,1,3,f3,f5,18353,0.09090584516525269,0.2755490839481354,0.09137470713234894
lambda_0_7,0.7,1,3,f4,f1,18353,0.7852124571800232,0.342139333486557,0.8325069470931183
lambda_0_7,0.7,1,3,f4,f2,18353,0.07090964913368225,0.11312847584486008,0.023048003051272272
lambda_0_7,0.7,1,3,f4,f3,18353,0.030039586126804352,0.11877473443746567,0.02430120416280717
lambda_0_7,0.7,1,3,f4,f4,18353,0.04085717722773552,0.15679793059825897,0.04255435078733722
lambda_0_7,0.7,1,3,f4,f5,18353,0.0729811042547226,0.2400786578655243,0.07758949490546505
lambda_0_7,0.7,1,3,f5,f1,18353,0.7980858683586121,0.30127543210983276,0.863401078842696
lambda_0_7,0.7,1,3,f5,f2,18353,0.0963251069188118,0.12442617118358612,0.03498065711327848
lambda_0_7,0.7,1,3,f5,f3,18353,0.040211472660303116,0.1266649067401886,0.03220181986596197
lambda_0_7,0.7,1,3,f5,f4,18353,0.043308671563863754,0.15700621902942657,0.04555113605405111
lambda_0_7,0.7,1,3,f5,f5,18353,0.022068850696086884,0.10918629169464111,0.023865308124012424
lambda_0_7,0.7,1,ALL,f1,f1,73412,0.7658641338348389,0.36219435930252075,0.8119108592600665
lambda_0_7,0.7,1,ALL,f1,f2,73412,0.06844913214445114,0.12326842546463013,0.02641257560071923
lambda_0_7,0.7,1,ALL,f1,f3,73412,0.025589028373360634,0.12079962342977524,0.02246226774914183
lambda_0_7,0.7,1,ALL,f1,f4,73412,0.03822920843958855,0.16622845828533173,0.03732359832180025
lambda_0_7,0.7,1,ALL,f1,f5,73412,0.10186854749917984,0.29271426796913147,0.10189069906827222
lambda_0_7,0.7,1,ALL,f2,f1,73412,0.7793217897415161,0.3611951768398285,0.8173868032474255
lambda_0_7,0.7,1,ALL,f2,f2,73412,0.05984123796224594,0.11825408786535263,0.023865308124012424
lambda_0_7,0.7,1,ALL,f2,f3,73412,0.02472863905131817,0.12114791572093964,0.022543998256415846
lambda_0_7,0.7,1,ALL,f2,f4,73412,0.03807269409298897,0.16523274779319763,0.0372282460633139
lambda_0_7,0.7,1,ALL,f2,f5,73412,0.09803570806980133,0.2869742810726166,0.09897564430883235
lambda_0_7,0.7,1,ALL,f3,f1,73412,0.7883713245391846,0.35525521636009216,0.8242794093608674
lambda_0_7,0.7,1,ALL,f3,f2,73412,0.059415463358163834,0.11923933029174805,0.024164986650683812
lambda_0_7,0.7,1,ALL,f3,f3,73412,0.02641276828944683,0.12259019911289215,0.023660981855827386
lambda_0_7,0.7,1,ALL,f3,f4,73412,0.03871353343129158,0.16139166057109833,0.04018416607639078
lambda_0_7,0.7,1,ALL,f3,f5,73412,0.08708693832159042,0.2685994803905487,0.0877104560562306
lambda_0_7,0.7,1,ALL,f4,f1,73412,0.8017101287841797,0.33597397804260254,0.8414700593908353
lambda_0_7,0.7,1,ALL,f4,f2,73412,0.0665748119354248,0.1215137168765068,0.026453440854356237
lambda_0_7,0.7,1,ALL,f4,f3,73412,0.03180193528532982,0.12836839258670807,0.026712254127390617
lambda_0_7,0.7,1,ALL,f4,f4,73412,0.03666234388947487,0.1447177529335022,0.03677872827330682
lambda_0_7,0.7,1,ALL,f4,f5,73412,0.06325076520442963,0.22140085697174072,0.06858551735411104
lambda_0_7,0.7,1,ALL,f5,f1,73412,0.8163180351257324,0.2948162853717804,0.8727592219255708
lambda_0_7,0.7,1,ALL,f5,f2,73412,0.08916929364204407,0.13041318953037262,0.03558001416662126
lambda_0_7,0.7,1,ALL,f5,f3,73412,0.03948568180203438,0.13096018135547638,0.033223451206887154
lambda_0_7,0.7,1,ALL,f5,f4,73412,0.036253735423088074,0.14097750186920166,0.03812728164332806
lambda_0_7,0.7,1,ALL,f5,f5,73412,0.01877325028181076,0.09883642941713333,0.020310031057592763
lambda_0_7,0.7,2,0,f1,f1,18353,0.6992852091789246,0.32873934507369995,0.812946112352204
lambda_0_7,0.7,2,0,f1,f2,18353,0.13319016993045807,0.12388959527015686,0.03301912493870212
lambda_0_7,0.7,2,0,f1,f3,18353,0.03245134651660919,0.10929638892412186,0.020051217784558383
lambda_0_7,0.7,2,0,f1,f4,18353,0.036589957773685455,0.14908675849437714,0.03318258595325015
lambda_0_7,0.7,2,0,f1,f5,18353,0.09848330169916153,0.2840859293937683,0.10080095897128535
lambda_0_7,0.7,2,0,f2,f1,18353,0.7102168202400208,0.3309890329837799,0.8163243066528633
lambda_0_7,0.7,2,0,f2,f2,18353,0.125795379281044,0.12347599118947983,0.03127554078352313
lambda_0_7,0.7,2,0,f2,f3,18353,0.031043319031596184,0.11029419302940369,0.020541600828202472
lambda_0_7,0.7,2,0,f2,f4,18353,0.037073805928230286,0.15076598525047302,0.033237072958099495
lambda_0_7,0.7,2,0,f2,f5,18353,0.09587063640356064,0.2799800932407379,0.09862147877731162
lambda_0_7,0.7,2,0,f3,f1,18353,0.7178415060043335,0.3310793340206146,0.8186127608565357
lambda_0_7,0.7,2,0,f3,f2,18353,0.12301723659038544,0.12494920194149017,0.0311120797689751
lambda_0_7,0.7,2,0,f3,f3,18353,0.0317750908434391,0.11406000703573227,0.020868522857298535
lambda_0_7,0.7,2,0,f3,f4,18353,0.03822260722517967,0.15116305649280548,0.03743257233149894
lambda_0_7,0.7,2,0,f3,f5,18353,0.08914357423782349,0.26904454827308655,0.0919740641856917
lambda_0_7,0.7,2,0,f4,f1,18353,0.7224888205528259,0.3240092396736145,0.8233531302784286
lambda_0_7,0.7,2,0,f4,f2,18353,0.12766394019126892,0.1262141466140747,0.034326813055086364
lambda_0_7,0.7,2,0,f4,f3,18353,0.03744577616453171,0.12190917879343033,0.025499918269492727
lambda_0_7,0.7,2,0,f4,f4,18353,0.03917025774717331,0.1434212476015091,0.041954993733994445
lambda_0_7,0.7,2,0,f4,f5,18353,0.07323122769594193,0.23861801624298096,0.07486514466299787
lambda_0_7,0.7,2,0,f5,f1,18353,0.7234609723091125,0.29830402135849,0.8388819266604914
lambda_0_7,0.7,2,0,f5,f2,18353,0.1490698754787445,0.1256590187549591,0.03988448754971939
lambda_0_7,0.7,2,0,f5,f3,18353,0.047832172363996506,0.12625321745872498,0.03187489783686591
lambda_0_7,0.7,2,0,f5,f4,18353,0.04582600295543671,0.14534775912761688,0.046804337165586005
lambda_0_7,0.7,2,0,f5,f5,18353,0.033810991793870926,0.13034933805465698,0.04255435078733722
lambda_0_7,0.7,2,1,f1,f1,18353,0.6886897087097168,0.3395061194896698,0.7994878221544162
lambda_0_7,0.7,2,1,f1,f2,18353,0.12849904596805573,0.12176316976547241,0.02778837247316515
lambda_0_7,0.7,2,1,f1,f3,18353,0.03856927901506424,0.128686785697937,0.028714651555603987
lambda_0_7,0.7,2,1,f1,f4,18353,0.03647178038954735,0.15071922540664673,0.03617937121996404
lambda_0_7,0.7,2,1,f1,f5,18353,0.10777013003826141,0.29823005199432373,0.10782978259685065
lambda_0_7,0.7,2,1,f2,f1,18353,0.6995675563812256,0.34142255783081055,0.8027570424453768
lambda_0_7,0.7,2,1,f2,f2,18353,0.12181445211172104,0.1205885112285614,0.02604478831798616
lambda_0_7,0.7,2,1,f2,f3,18353,0.037541165947914124,0.13052000105381012,0.029913365662289543
lambda_0_7,0.7,2,1,f2,f4,18353,0.036335960030555725,0.14947623014450073,0.03536206614722389
lambda_0_7,0.7,2,1,f2,f5,18353,0.10474083572626114,0.2935383915901184,0.10592273742712363
lambda_0_7,0.7,2,1,f3,f1,18353,0.7092769145965576,0.33876147866249084,0.8067345937993788
lambda_0_7,0.7,2,1,f3,f2,18353,0.12098453938961029,0.12261823564767838,0.027025554405274342
lambda_0_7,0.7,2,1,f3,f3,18353,0.03817106410861015,0.13254065811634064,0.033237072958099495
lambda_0_7,0.7,2,1,f3,f4,18353,0.0375717468559742,0.150664284825325,0.03841333841878712
lambda_0_7,0.7,2,1,f3,f5,18353,0.09399578720331192,0.2778128981590271,0.0945894404184602
lambda_0_7,0.7,2,1,f4,f1,18353,0.7187745571136475,0.32588955760002136,0.8194300659292759
lambda_0_7,0.7,2,1,f4,f2,18353,0.12748540937900543,0.1238635927438736,0.02887811257015202
lambda_0_7,0.7,2,1,f4,f3,18353,0.040765583515167236,0.13390536606311798,0.03269220290960606
lambda_0_7,0.7,2,1,f4,f4,18353,0.03568454459309578,0.13692043721675873,0.035471040156922574
lambda_0_7,0.7,2,1,f4,f5,18353,0.07728984206914902,0.2465212643146515,0.08352857843404347
lambda_0_7,0.7,2,1,f5,f1,18353,0.7231528759002686,0.29897552728652954,0.8387184656459434
lambda_0_7,0.7,2,1,f5,f2,18353,0.14786887168884277,0.12353204935789108,0.035906936195717325
lambda_0_7,0.7,2,1,f5,f3,18353,0.050471507012844086,0.13591986894607544,0.039666539530322016
lambda_0_7,0.7,2,1,f5,f4,18353,0.04337608069181442,0.1452236920595169,0.04511524001525636
lambda_0_7,0.7,2,1,f5,f5,18353,0.035130660980939865,0.14113004505634308,0.04059281861276086
lambda_0_7,0.7,2,2,f1,f1,18353,0.7005254030227661,0.3252240717411041,0.8162153326431646
lambda_0_7,0.7,2,2,f1,f2,18353,0.13745816051959991,0.1339692622423172,0.03258322889990737
lambda_0_7,0.7,2,2,f1,f3,18353,0.029852300882339478,0.10956496000289917,0.01966980875061298
lambda_0_7,0.7,2,2,f1,f4,18353,0.03457816317677498,0.15115898847579956,0.032092845856263284
lambda_0_7,0.7,2,2,f1,f5,18353,0.0975860059261322,0.28505057096481323,0.09943878385005177
lambda_0_7,0.7,2,2,f2,f1,18353,0.712001383304596,0.32603567838668823,0.8187217348662345
lambda_0_7,0.7,2,2,f2,f2,18353,0.1308133602142334,0.13334621489048004,0.03269220290960606
lambda_0_7,0.7,2,2,f2,f3,18353,0.028768187388777733,0.10985896736383438,0.018144172614831363
lambda_0_7,0.7,2,2,f2,f4,18353,0.03512556478381157,0.1518905907869339,0.033945404021140956
lambda_0_7,0.7,2,2,f2,f5,18353,0.09329148381948471,0.27770277857780457,0.09649648558818721
lambda_0_7,0.7,2,2,f3,f1,18353,0.722341775894165,0.32406169176101685,0.8235710782978259
lambda_0_7,0.7,2,2,f3,f2,18353,0.12808026373386383,0.13426536321640015,0.03536206614722389
lambda_0_7,0.7,2,2,f3,f3,18353,0.029293380677700043,0.11279881745576859,0.017926224595433988
lambda_0_7,0.7,2,2,f3,f4,18353,0.03542399778962135,0.15093232691287994,0.039666539530322016
lambda_0_7,0.7,2,2,f3,f5,18353,0.08486064523458481,0.26597562432289124,0.08347409142919414
lambda_0_7,0.7,2,2,f4,f1,18353,0.730779230594635,0.3114497661590576,0.8339780962240506
lambda_0_7,0.7,2,2,f4,f2,18353,0.13504250347614288,0.13564150035381317,0.04162807170489838
lambda_0_7,0.7,2,2,f4,f3,18353,0.03431704640388489,0.11978279054164886,0.020977496866997222
lambda_0_7,0.7,2,2,f4,f4,18353,0.033032406121492386,0.13505570590496063,0.03449027406963439
lambda_0_7,0.7,2,2,f4,f5,18353,0.06682879477739334,0.2309768795967102,0.06892606113441944
lambda_0_7,0.7,2,2,f5,f1,18353,0.7325148582458496,0.2855622470378876,0.8466190813490982
lambda_0_7,0.7,2,2,f5,f2,18353,0.1552387773990631,0.13424186408519745,0.04941971339835449
lambda_0_7,0.7,2,2,f5,f3,18353,0.04319776967167854,0.12337512522935867,0.027733885468315806
lambda_0_7,0.7,2,2,f5,f4,18353,0.037703365087509155,0.1349669247865677,0.036724241268457476
lambda_0_7,0.7,2,2,f5,f5,18353,0.03134521096944809,0.13384686410427094,0.03950307851577399
lambda_0_7,0.7,2,3,f1,f1,18353,0.6765900254249573,0.3288830816745758,0.8017217893532392
lambda_0_7,0.7,2,3,f1,f2,18353,0.1426989585161209,0.12035652250051498,0.028932599575001362
lambda_0_7,0.7,2,3,f1,f3,18353,0.032798584550619125,0.10364098846912384,0.02337492508036833
lambda_0_7,0.7,2,3,f1,f4,18353,0.041363246738910675,0.16665078699588776,0.04053833160791151
lambda_0_7,0.7,2,3,f1,f5,18353,0.10654915869235992,0.29589271545410156,0.10543235438347955
lambda_0_7,0.7,2,3,f2,f1,18353,0.6879205107688904,0.3310934901237488,0.8042826785811584
lambda_0_7,0.7,2,3,f2,f2,18353,0.135820671916008,0.12006261944770813,0.030458235710782978
lambda_0_7,0.7,2,3,f2,f3,18353,0.030741525813937187,0.10184942185878754,0.020432626818503788
lambda_0_7,0.7,2,3,f2,f4,18353,0.041301287710666656,0.16728822886943817,0.04081076663215823
lambda_0_7,0.7,2,3,f2,f5,18353,0.10421599447727203,0.2927025556564331,0.10401569225739661
lambda_0_7,0.7,2,3,f3,f1,18353,0.6971926689147949,0.33097103238105774,0.8070070288236255
lambda_0_7,0.7,2,3,f3,f2,18353,0.132578507065773,0.12171866744756699,0.03192938484171525
lambda_0_7,0.7,2,3,f3,f3,18353,0.029851628467440605,0.10077747702598572,0.020105704789407725
lambda_0_7,0.7,2,3,f3,f4,18353,0.0426705926656723,0.16982747614383698,0.042772298806734596
lambda_0_7,0.7,2,3,f3,f5,18353,0.09770658612251282,0.28284168243408203,0.09818558273851687
lambda_0_7,0.7,2,3,f4,f1,18353,0.7031427621841431,0.32400089502334595,0.8157249495995205
lambda_0_7,0.7,2,3,f4,f2,18353,0.13620536029338837,0.12142830342054367,0.03220181986596197
lambda_0_7,0.7,2,3,f4,f3,18353,0.032955002039670944,0.10489312559366226,0.022448645997929492
lambda_0_7,0.7,2,3,f4,f4,18353,0.043073318898677826,0.16434365510940552,0.04097422764670626
lambda_0_7,0.7,2,3,f4,f5,18353,0.0846235379576683,0.2598821222782135,0.08865035688988177
lambda_0_7,0.7,2,3,f5,f1,18353,0.7036228775978088,0.3002642095088959,0.8295101618264044
lambda_0_7,0.7,2,3,f5,f2,18353,0.15677513182163239,0.11831465363502502,0.031166566773824442
lambda_0_7,0.7,2,3,f5,f3,18353,0.04607173055410385,0.11450226604938507,0.032147332861112626
lambda_0_7,0.7,2,3,f5,f4,18353,0.05340086668729782,0.17034944891929626,0.06102544543126465
lambda_0_7,0.7,2,3,f5,f5,18353,0.040129322558641434,0.1481150984764099,0.046150493107393886
lambda_0_7,0.7,2,ALL,f1,f1,73412,0.6912725567817688,0.33076536655426025,0.807592764125756
lambda_0_7,0.7,2,ALL,f1,f2,73412,0.13546158373355865,0.12521561980247498,0.030580831471694003
lambda_0_7,0.7,2,ALL,f1,f3,73412,0.033417876809835434,0.1132369190454483,0.022952650792785922
lambda_0_7,0.7,2,ALL,f1,f4,73412,0.037250787019729614,0.15458481013774872,0.03549828365934725
lambda_0_7,0.7,2,ALL,f1,f5,73412,0.10259715467691422,0.2909136116504669,0.10337546995041683
lambda_0_7,0.7,2,ALL,f2,f1,73412,0.702426552772522,0.3325650691986084,0.8105214406364082
lambda_0_7,0.7,2,ALL,f2,f2,73412,0.12856097519397736,0.1245919018983841,0.03011769193047458
lambda_0_7,0.7,2,ALL,f2,f3,73412,0.03202354907989502,0.11367069184780121,0.02225794148095679
lambda_0_7,0.7,2,ALL,f2,f4,73412,0.03745916113257408,0.15503816306591034,0.03583882743965564
lambda_0_7,0.7,2,ALL,f2,f5,73412,0.09952974319458008,0.2861098051071167,0.10126409851250477
lambda_0_7,0.7,2,ALL,f3,f1,73412,0.7116631865501404,0.33139100670814514,0.8139813654443415
lambda_0_7,0.7,2,ALL,f3,f2,73412,0.12616512179374695,0.12606456875801086,0.03135727129079714
lambda_0_7,0.7,2,ALL,f3,f3,73412,0.03227279335260391,0.11565463244915009,0.023034381300059935
lambda_0_7,0.7,2,ALL,f3,f4,73412,0.03847223520278931,0.15588118135929108,0.039571187271835666
lambda_0_7,0.7,2,ALL,f3,f5,73412,0.09142664819955826,0.27403900027275085,0.09205579469296572
lambda_0_7,0.7,2,ALL,f4,f1,73412,0.7187963724136353,0.3215388357639313,0.8231215605078189
lambda_0_7,0.7,2,ALL,f4,f2,73412,0.1315993070602417,0.12696309387683868,0.03425870429902468
lambda_0_7,0.7,2,ALL,f4,f3,73412,0.03637085109949112,0.12059950083494186,0.025404566011006376
lambda_0_7,0.7,2,ALL,f4,f4,73412,0.037740133702754974,0.14544686675071716,0.03822263390181442
lambda_0_7,0.7,2,ALL,f4,f5,73412,0.07549335062503815,0.2443140149116516,0.07899253528033565
lambda_0_7,0.7,2,ALL,f5,f1,73412,0.7206879258155823,0.29601800441741943,0.8384324088704844
lambda_0_7,0.7,2,ALL,f5,f2,73412,0.1522381752729416,0.1256241649389267,0.039094425979403914
lambda_0_7,0.7,2,ALL,f5,f3,73412,0.046893298625946045,0.12527143955230713,0.03285566392415409
lambda_0_7,0.7,2,ALL,f5,f4,73412,0.04507657513022423,0.1496448814868927,0.04741731597014112
lambda_0_7,0.7,2,ALL,f5,f5,73412,0.035104043781757355,0.13856373727321625,0.04220018525581649
lambda_1_0,1.0,1,0,f1,f1,18353,0.31626543402671814,0.22998203337192535,0.5675366425107612
lambda_1_0,1.0,1,0,f1,f2,18353,0.17830345034599304,0.0892004668712616,0.030621696725331007
lambda_1_0,1.0,1,0,f1,f3,18353,0.1315152645111084,0.06727585941553116,0.021086470876695906
lambda_1_0,1.0,1,0,f1,f4,18353,0.12672151625156403,0.08126861602067947,0.03154797580776985
lambda_1_0,1.0,1,0,f1,f5,18353,0.2471943199634552,0.28522950410842896,0.34920721407944205
lambda_1_0,1.0,1,0,f2,f1,18353,0.3182808458805084,0.23052377998828888,0.5721680379229553
lambda_1_0,1.0,1,0,f2,f2,18353,0.17830510437488556,0.08892498910427094,0.030839644744728383
lambda_1_0,1.0,1,0,f2,f3,18353,0.13131247460842133,0.06727397441864014,0.01923391271181823
lambda_1_0,1.0,1,0,f2,f4,18353,0.1264183670282364,0.08109956234693527,0.0311120797689751
lambda_1_0,1.0,1,0,f2,f5,18353,0.2456832081079483,0.2841108739376068,0.3466463248515229
lambda_1_0,1.0,1,0,f3,f1,18353,0.3186410665512085,0.23015308380126953,0.5712417588405165
lambda_1_0,1.0,1,0,f3,f2,18353,0.17866301536560059,0.08850055187940598,0.032038358851413935
lambda_1_0,1.0,1,0,f3,f3,18353,0.13171494007110596,0.06727539002895355,0.021849288944586716
lambda_1_0,1.0,1,0,f3,f4,18353,0.1270587295293808,0.08108040690422058,0.02953195662834414
lambda_1_0,1.0,1,0,f3,f5,18353,0.24392221868038177,0.28135401010513306,0.34533863673513865
lambda_1_0,1.0,1,0,f4,f1,18353,0.3164632320404053,0.22818125784397125,0.5645943442488967
lambda_1_0,1.0,1,0,f4,f2,18353,0.1789574921131134,0.08770807832479477,0.03236528088051
lambda_1_0,1.0,1,0,f4,f3,18353,0.13346563279628754,0.06715650111436844,0.025336457254944697
lambda_1_0,1.0,1,0,f4,f4,18353,0.12893259525299072,0.08088516443967819,0.03307361194355146
lambda_1_0,1.0,1,0,f4,f5,18353,0.24218106269836426,0.27654707431793213,0.3446303056720972
lambda_1_0,1.0,1,0,f5,f1,18353,0.31364357471466064,0.2237442433834076,0.5643763962294993
lambda_1_0,1.0,1,0,f5,f2,18353,0.18041129410266876,0.08612784743309021,0.032038358851413935
lambda_1_0,1.0,1,0,f5,f3,18353,0.13657832145690918,0.06608434021472931,0.027842859478014494
lambda_1_0,1.0,1,0,f5,f4,18353,0.13257919251918793,0.08008742332458496,0.03786846837029369
lambda_1_0,1.0,1,0,f5,f5,18353,0.23678764700889587,0.26641035079956055,0.33787391707077863
lambda_1_0,1.0,1,1,f1,f1,18353,0.3377950191497803,0.20510315895080566,0.6664850433171688
lambda_1_0,1.0,1,1,f1,f2,18353,0.20545411109924316,0.0925765261054039,0.0464229281316406
lambda_1_0,1.0,1,1,f1,f3,18353,0.13538366556167603,0.06327172368764877,0.018689042663324797
lambda_1_0,1.0,1,1,f1,f4,18353,0.11166353523731232,0.07110309600830078,0.02081403585244919
lambda_1_0,1.0,1,1,f1,f5,18353,0.20970368385314941,0.28259333968162537,0.24758895003541656
lambda_1_0,1.0,1,1,f2,f1,18353,0.3429548442363739,0.20598462224006653,0.6770555222579415
lambda_1_0,1.0,1,1,f2,f2,18353,0.2061699479818344,0.09223721921443939,0.045660110063749794
lambda_1_0,1.0,1,1,f2,f3,18353,0.13451576232910156,0.06294859945774078,0.016073666430556313
lambda_1_0,1.0,1,1,f2,f4,18353,0.11040598154067993,0.07074686139822006,0.019778782760311666
lambda_1_0,1.0,1,1,f2,f5,18353,0.2059534788131714,0.2809990644454956,0.24143191848744075
lambda_1_0,1.0,1,1,f3,f1,18353,0.34592345356941223,0.20520508289337158,0.6839208848689587
lambda_1_0,1.0,1,1,f3,f2,18353,0.2074967324733734,0.09188098460435867,0.046150493107393886
lambda_1_0,1.0,1,1,f3,f3,18353,0.13421209156513214,0.06233391538262367,0.014983926333569444
lambda_1_0,1.0,1,1,f3,f4,18353,0.10997465997934341,0.07025910913944244,0.019015964692420857
lambda_1_0,1.0,1,1,f3,f5,18353,0.2023930698633194,0.27822476625442505,0.23592873099765707
lambda_1_0,1.0,1,1,f4,f1,18353,0.34665971994400024,0.2025003582239151,0.6863728000871792
lambda_1_0,1.0,1,1,f4,f2,18353,0.20931404829025269,0.09126581251621246,0.04811202528197025
lambda_1_0,1.0,1,1,f4,f3,18353,0.13541167974472046,0.06158433109521866,0.014384569280226666
lambda_1_0,1.0,1,1,f4,f4,18353,0.11043956130743027,0.06956373155117035,0.019724295755462324
lambda_1_0,1.0,1,1,f4,f5,18353,0.19817493855953217,0.2733454406261444,0.23140630959516156
lambda_1_0,1.0,1,1,f5,f1,18353,0.3459237813949585,0.19764862954616547,0.6918215005721136
lambda_1_0,1.0,1,1,f5,f2,18353,0.21135063469409943,0.08974048495292664,0.0464229281316406
lambda_1_0,1.0,1,1,f5,f3,18353,0.13779644668102264,0.060253698378801346,0.015583283386912221
lambda_1_0,1.0,1,1,f5,f4,18353,0.11242473125457764,0.06834308058023453,0.020541600828202472
lambda_1_0,1.0,1,1,f5,f5,18353,0.1925044059753418,0.26460036635398865,0.22563068708113115
lambda_1_0,1.0,1,2,f1,f1,18353,0.30639395117759705,0.22121454775333405,0.563068708113115
lambda_1_0,1.0,1,2,f1,f2,18353,0.1806606948375702,0.09424563497304916,0.026262736337383533
lambda_1_0,1.0,1,2,f1,f3,18353,0.12994126975536346,0.06677533686161041,0.02157685392034
lambda_1_0,1.0,1,2,f1,f4,18353,0.12468016892671585,0.08373816311359406,0.03841333841878712
lambda_1_0,1.0,1,2,f1,f5,18353,0.2583239674568176,0.2986677289009094,0.3506783632103743
lambda_1_0,1.0,1,2,f2,f1,18353,0.3092745840549469,0.22248971462249756,0.5670462594671171
lambda_1_0,1.0,1,2,f2,f2,18353,0.18008480966091156,0.09385840594768524,0.025935814308287473
lambda_1_0,1.0,1,2,f2,f3,18353,0.12929880619049072,0.06651079654693604,0.021031983871846564
lambda_1_0,1.0,1,2,f2,f4,18353,0.12418349087238312,0.08374307304620743,0.03868577344303384
lambda_1_0,1.0,1,2,f2,f5,18353,0.2571583390235901,0.2982254922389984,0.34730016890971505
lambda_1_0,1.0,1,2,f3,f1,18353,0.3101649284362793,0.22191663086414337,0.5696071486950363
lambda_1_0,1.0,1,2,f3,f2,18353,0.1804819107055664,0.0937848687171936,0.026426197351931566
lambda_1_0,1.0,1,2,f3,f3,18353,0.12921561300754547,0.06616634875535965,0.02048711382335313
lambda_1_0,1.0,1,2,f3,f4,18353,0.12429550290107727,0.0835556760430336,0.039993461559418075
lambda_1_0,1.0,1,2,f3,f5,18353,0.25584203004837036,0.296956330537796,0.343486078570261
lambda_1_0,1.0,1,2,f4,f1,18353,0.3087007701396942,0.21910537779331207,0.5712962458453659
lambda_1_0,1.0,1,2,f4,f2,18353,0.18113727867603302,0.0936400294303894,0.02729798942952106
lambda_1_0,1.0,1,2,f4,f3,18353,0.13039052486419678,0.06565137207508087,0.02130441889609328
lambda_1_0,1.0,1,2,f4,f4,18353,0.12511247396469116,0.08276493847370148,0.03977551354002071
lambda_1_0,1.0,1,2,f4,f5,18353,0.25465893745422363,0.2945095896720886,0.3403258322889991
lambda_1_0,1.0,1,2,f5,f1,18353,0.3057929277420044,0.21405014395713806,0.5731488040102436
lambda_1_0,1.0,1,2,f5,f2,18353,0.18239127099514008,0.09322647005319595,0.02778837247316515
lambda_1_0,1.0,1,2,f5,f3,18353,0.13232313096523285,0.06461075693368912,0.02081403585244919
lambda_1_0,1.0,1,2,f5,f4,18353,0.127638578414917,0.08159384876489639,0.04130114967580232
lambda_1_0,1.0,1,2,f5,f5,18353,0.2518540918827057,0.2891372740268707,0.33694763798833977
lambda_1_0,1.0,1,3,f1,f1,18353,0.35514360666275024,0.22404342889785767,0.6610363428322346
lambda_1_0,1.0,1,3,f1,f2,18353,0.19567206501960754,0.08908311277627945,0.03993897455456873
lambda_1_0,1.0,1,3,f1,f3,18353,0.12617921829223633,0.06340963393449783,0.011714706042608838
lambda_1_0,1.0,1,3,f1,f4,18353,0.11258934438228607,0.07656216621398926,0.02397428213371111
lambda_1_0,1.0,1,3,f1,f5,18353,0.21041575074195862,0.2714218199253082,0.2633356944368768
lambda_1_0,1.0,1,3,f2,f1,18353,0.3590766191482544,0.2256106287240982,0.6667574783414155
lambda_1_0,1.0,1,3,f2,f2,18353,0.19561012089252472,0.08896404504776001,0.040102435569116766
lambda_1_0,1.0,1,3,f2,f3,18353,0.12546545267105103,0.06339631974697113,0.012041628071704898
lambda_1_0,1.0,1,3,f2,f4,18353,0.11165555566549301,0.07624582946300507,0.022503133002778838
lambda_1_0,1.0,1,3,f2,f5,18353,0.20819225907325745,0.2703372538089752,0.25859532501498395
lambda_1_0,1.0,1,3,f3,f1,18353,0.36254504323005676,0.22639024257659912,0.6713888737536098
lambda_1_0,1.0,1,3,f3,f2,18353,0.19604654610157013,0.08874883502721786,0.040047948564267424
lambda_1_0,1.0,1,3,f3,f3,18353,0.1250339150428772,0.06341942399740219,0.011714706042608838
lambda_1_0,1.0,1,3,f3,f4,18353,0.11086535453796387,0.07583601027727127,0.022339671988230808
lambda_1_0,1.0,1,3,f3,f5,18353,0.20550914108753204,0.2681359648704529,0.25450879965128315
lambda_1_0,1.0,1,3,f4,f1,18353,0.36337560415267944,0.2255336344242096,0.6685555495014439
lambda_1_0,1.0,1,3,f4,f2,18353,0.19694480299949646,0.08849155902862549,0.043753064894022774
lambda_1_0,1.0,1,3,f4,f3,18353,0.12580972909927368,0.06323998421430588,0.012368550100800959
lambda_1_0,1.0,1,3,f4,f4,18353,0.11114656925201416,0.07552216947078705,0.022830055031874897
lambda_1_0,1.0,1,3,f4,f5,18353,0.20272329449653625,0.2643318474292755,0.25249278047185747
lambda_1_0,1.0,1,3,f5,f1,18353,0.3626173436641693,0.2219686657190323,0.6717702827875551
lambda_1_0,1.0,1,3,f5,f2,18353,0.19829285144805908,0.08717400580644608,0.0447883179861603
lambda_1_0,1.0,1,3,f5,f3,18353,0.12777094542980194,0.06245344132184982,0.013131368168691766
lambda_1_0,1.0,1,3,f5,f4,18353,0.11301705986261368,0.07481289654970169,0.02348389909006702
lambda_1_0,1.0,1,3,f5,f5,18353,0.1983017772436142,0.2568458616733551,0.24682613196752576
lambda_1_0,1.0,1,ALL,f1,f1,73412,0.3288995027542114,0.22108621895313263,0.6145316841933199
lambda_1_0,1.0,1,ALL,f1,f2,73412,0.1900225728750229,0.09197669476270676,0.03581158393723097
lambda_1_0,1.0,1,ALL,f1,f3,73412,0.13075485825538635,0.065291628241539,0.018266768375742384
lambda_1_0,1.0,1,ALL,f1,f4,73412,0.11891364306211472,0.07861274480819702,0.028687408053179316
lambda_1_0,1.0,1,ALL,f1,f5,73412,0.23140941560268402,0.28546422719955444,0.30270255544052743
lambda_1_0,1.0,1,ALL,f2,f1,73412,0.3323966860771179,0.22221717238426208,0.6207568244973574
lambda_1_0,1.0,1,ALL,f2,f2,73412,0.19004251062870026,0.09174151718616486,0.03563450117147061
lambda_1_0,1.0,1,ALL,f2,f3,73412,0.13014811277389526,0.06514116376638412,0.017095297771481503
lambda_1_0,1.0,1,ALL,f2,f4,73412,0.11816584318876266,0.07844506204128265,0.02801994224377486
lambda_1_0,1.0,1,ALL,f2,f5,73412,0.2292468100786209,0.2844829261302948,0.29849343431591563
lambda_1_0,1.0,1,ALL,f3,f1,73412,0.334318608045578,0.22211016714572906,0.6240396665395304
lambda_1_0,1.0,1,ALL,f3,f2,73412,0.19067205488681793,0.0915219858288765,0.0361657494687517
lambda_1_0,1.0,1,ALL,f3,f3,73412,0.1300441473722458,0.06491681188344955,0.017258758786029532
lambda_1_0,1.0,1,ALL,f3,f4,73412,0.11804855614900589,0.07822888344526291,0.027720263717103472
lambda_1_0,1.0,1,ALL,f3,f5,73412,0.2269166111946106,0.2823215126991272,0.29481556148858495
lambda_1_0,1.0,1,ALL,f4,f1,73412,0.3337998688220978,0.22017519176006317,0.6227047349207214
lambda_1_0,1.0,1,ALL,f4,f2,73412,0.1915884166955948,0.09114781767129898,0.03788209012150602
lambda_1_0,1.0,1,ALL,f4,f3,73412,0.13126938045024872,0.06454437971115112,0.0183484988830164
lambda_1_0,1.0,1,ALL,f4,f4,73412,0.11890780180692673,0.07778997719287872,0.028850869067727346
lambda_1_0,1.0,1,ALL,f4,f5,73412,0.22443455457687378,0.2784690856933594,0.2922138070070288
lambda_1_0,1.0,1,ALL,f5,f1,73412,0.3319944143295288,0.21584807336330414,0.6252792458998528
lambda_1_0,1.0,1,ALL,f5,f2,73412,0.19311149418354034,0.08999484032392502,0.037759494360594996
lambda_1_0,1.0,1,ALL,f5,f3,73412,0.13361720740795135,0.06350996345281601,0.01934288672151692
lambda_1_0,1.0,1,ALL,f5,f4,73412,0.12141488492488861,0.07689777761697769,0.030798779491091374
lambda_1_0,1.0,1,ALL,f5,f5,73412,0.2198619842529297,0.27067944407463074,0.2868195935269438
lambda_1_0,1.0,2,0,f1,f1,18353,0.36717596650123596,0.19434675574302673,0.7702827875551681
lambda_1_0,1.0,2,0,f1,f2,18353,0.20810158550739288,0.07947968691587448,0.004903830436440909
lambda_1_0,1.0,2,0,f1,f3,18353,0.13464242219924927,0.05358589068055153,0.0018525581648776766
lambda_1_0,1.0,2,0,f1,f4,18353,0.10896304249763489,0.06266837567090988,0.009753173868032474
lambda_1_0,1.0,2,0,f1,f5,18353,0.1811169981956482,0.24617479741573334,0.21320764997548083
lambda_1_0,1.0,2,0,f2,f1,18353,0.3654203712940216,0.1947953999042511,0.7671770282787556
lambda_1_0,1.0,2,0,f2,f2,18353,0.20772257447242737,0.07973913848400116,0.004576908407344848
lambda_1_0,1.0,2,0,f2,f3,18353,0.1348315328359604,0.053865693509578705,0.0021794801939737374
lambda_1_0,1.0,2,0,f2,f4,18353,0.10948624461889267,0.06303007155656815,0.010189069906827221
lambda_1_0,1.0,2,0,f2,f5,18353,0.18253929913043976,0.2471722960472107,0.21587751321309867
lambda_1_0,1.0,2,0,f3,f1,18353,0.3636567294597626,0.19424153864383698,0.7654334441235765
lambda_1_0,1.0,2,0,f3,f2,18353,0.20803330838680267,0.07973838597536087,0.0051217784558382825
lambda_1_0,1.0,2,0,f3,f3,18353,0.13538037240505219,0.05388090759515762,0.0024519152182204546
lambda_1_0,1.0,2,0,f3,f4,18353,0.11017566174268723,0.06322187930345535,0.010515991935923282
lambda_1_0,1.0,2,0,f3,f5,18353,0.18275392055511475,0.24638618528842926,0.21647687026644144
lambda_1_0,1.0,2,0,f4,f1,18353,0.36093953251838684,0.1924441158771515,0.7655424181332752
lambda_1_0,1.0,2,0,f4,f2,18353,0.20865772664546967,0.079292893409729,0.004958317441290252
lambda_1_0,1.0,2,0,f4,f3,18353,0.13695237040519714,0.05370740965008736,0.002996785266713889
lambda_1_0,1.0,2,0,f4,f4,18353,0.1114787831902504,0.06318077445030212,0.011169835994115404
lambda_1_0,1.0,2,0,f4,f5,18353,0.18197156488895416,0.24325770139694214,0.21533264316460524
lambda_1_0,1.0,2,0,f5,f1,18353,0.3569861948490143,0.18854953348636627,0.7665776712254128
lambda_1_0,1.0,2,0,f5,f2,18353,0.21004456281661987,0.07793805748224258,0.005339726475235656
lambda_1_0,1.0,2,0,f5,f3,18353,0.139857679605484,0.05282878875732422,0.004631395412194192
lambda_1_0,1.0,2,0,f5,f4,18353,0.11444775760173798,0.06309547275304794,0.011878167057156868
lambda_1_0,1.0,2,0,f5,f5,18353,0.17866383492946625,0.23461401462554932,0.21157303983000053
lambda_1_0,1.0,2,1,f1,f1,18353,0.3728349804878235,0.17750416696071625,0.8074974118672696
lambda_1_0,1.0,2,1,f1,f2,18353,0.21880751848220825,0.08006887882947922,0.006647414591619899
lambda_1_0,1.0,2,1,f1,f3,18353,0.1367970108985901,0.0502583272755146,0.0023429412085217674
lambda_1_0,1.0,2,1,f1,f4,18353,0.1025141179561615,0.057803187519311905,0.0022339671988230807
lambda_1_0,1.0,2,1,f1,f5,18353,0.1690463423728943,0.24657104909420013,0.1812782651337656
lambda_1_0,1.0,2,1,f2,f1,18353,0.3712441325187683,0.17758376896381378,0.8064076717702828
lambda_1_0,1.0,2,1,f2,f2,18353,0.21870452165603638,0.08019796013832092,0.006810875606167929
lambda_1_0,1.0,2,1,f2,f3,18353,0.13714450597763062,0.05037457123398781,0.0023429412085217674
lambda_1_0,1.0,2,1,f2,f4,18353,0.10300816595554352,0.0579841248691082,0.0020705061842750502
lambda_1_0,1.0,2,1,f2,f5,18353,0.16989868879318237,0.2467339038848877,0.18236800523075247
lambda_1_0,1.0,2,1,f3,f1,18353,0.3692522943019867,0.1768362820148468,0.8034653735084183
lambda_1_0,1.0,2,1,f3,f2,18353,0.21901525557041168,0.08017098903656006,0.007192284640113333
lambda_1_0,1.0,2,1,f3,f3,18353,0.13768388330936432,0.05020095407962799,0.002397428213371111
lambda_1_0,1.0,2,1,f3,f4,18353,0.10375282168388367,0.05793120339512825,0.0020705061842750502
lambda_1_0,1.0,2,1,f3,f5,18353,0.17029577493667603,0.24573051929473877,0.18487440745382228
lambda_1_0,1.0,2,1,f4,f1,18353,0.36688435077667236,0.17449015378952026,0.80248460742113
lambda_1_0,1.0,2,1,f4,f2,18353,0.21977636218070984,0.07961427420377731,0.00746471966436005
lambda_1_0,1.0,2,1,f4,f3,18353,0.13911287486553192,0.049738477915525436,0.002942298261864545
lambda_1_0,1.0,2,1,f4,f4,18353,0.1048712432384491,0.057561080902814865,0.002288454203672424
lambda_1_0,1.0,2,1,f4,f5,18353,0.16935516893863678,0.24239496886730194,0.1848199204489729
lambda_1_0,1.0,2,1,f5,f1,18353,0.3630862236022949,0.1706649214029312,0.8018852503677872
lambda_1_0,1.0,2,1,f5,f2,18353,0.22091571986675262,0.07840970903635025,0.007410232659510707
lambda_1_0,1.0,2,1,f5,f3,18353,0.1416037380695343,0.048685472458601,0.003432681305508636
lambda_1_0,1.0,2,1,f5,f4,18353,0.10743963718414307,0.05727123096585274,0.002669863237617828
lambda_1_0,1.0,2,1,f5,f5,18353,0.16695468127727509,0.23504386842250824,0.18460197242957554
lambda_1_0,1.0,2,2,f1,f1,18353,0.35575976967811584,0.19156202673912048,0.7551898872119
lambda_1_0,1.0,2,2,f1,f2,18353,0.20565952360630035,0.0816444605588913,0.004849343431591565
lambda_1_0,1.0,2,2,f1,f3,18353,0.13574379682540894,0.055745068937540054,0.005176265460687626
lambda_1_0,1.0,2,2,f1,f4,18353,0.11015478521585464,0.06486915051937103,0.008990355800141667
lambda_1_0,1.0,2,2,f1,f5,18353,0.1926821619272232,0.2598249912261963,0.2257941480956792
lambda_1_0,1.0,2,2,f2,f1,18353,0.3540218770503998,0.1922181248664856,0.7535552770664197
lambda_1_0,1.0,2,2,f2,f2,18353,0.20513877272605896,0.08188875764608383,0.004740369421892879
lambda_1_0,1.0,2,2,f2,f3,18353,0.13588473200798035,0.05606783181428909,0.005012804446139596
lambda_1_0,1.0,2,2,f2,f4,18353,0.11069388687610626,0.06519842147827148,0.009262790824388384
lambda_1_0,1.0,2,2,f2,f5,18353,0.19426077604293823,0.2607711851596832,0.2274287582411595
lambda_1_0,1.0,2,2,f3,f1,18353,0.35199591517448425,0.19175490736961365,0.7509943878385005
lambda_1_0,1.0,2,2,f3,f2,18353,0.20537962019443512,0.08212277293205261,0.005285239470386313
lambda_1_0,1.0,2,2,f3,f3,18353,0.1362859159708023,0.0561063177883625,0.006157031547975807
lambda_1_0,1.0,2,2,f3,f4,18353,0.11127723008394241,0.06518051028251648,0.010134582901977877
lambda_1_0,1.0,2,2,f3,f5,18353,0.19506128132343292,0.2607142925262451,0.2274287582411595
lambda_1_0,1.0,2,2,f4,f1,18353,0.3489578068256378,0.18977300822734833,0.7503405437803083
lambda_1_0,1.0,2,2,f4,f2,18353,0.20596462488174438,0.08213741332292557,0.005176265460687626
lambda_1_0,1.0,2,2,f4,f3,18353,0.13753744959831238,0.055907536298036575,0.006919849615866616
lambda_1_0,1.0,2,2,f4,f4,18353,0.1123618632555008,0.06489156186580658,0.01062496594562197
lambda_1_0,1.0,2,2,f4,f5,18353,0.19517821073532104,0.25905629992485046,0.2269383751975154
lambda_1_0,1.0,2,2,f5,f1,18353,0.3448503315448761,0.1856442093849182,0.750122595760911
lambda_1_0,1.0,2,2,f5,f2,18353,0.20704439282417297,0.08144709467887878,0.006157031547975807
lambda_1_0,1.0,2,2,f5,f3,18353,0.13969562947750092,0.054930735379457474,0.005939083528578434
lambda_1_0,1.0,2,2,f5,f4,18353,0.11496743559837341,0.06424131989479065,0.012477524110499646
lambda_1_0,1.0,2,2,f5,f5,18353,0.1934422105550766,0.2531268298625946,0.2253037650520351
lambda_1_0,1.0,2,3,f1,f1,18353,0.3767445683479309,0.1873043030500412,0.7926224595433989
lambda_1_0,1.0,2,3,f1,f2,18353,0.21480436623096466,0.07789068669080734,0.0077371546886067675
lambda_1_0,1.0,2,3,f1,f3,18353,0.1346113234758377,0.05214378610253334,0.0028878112570152018
lambda_1_0,1.0,2,3,f1,f4,18353,0.10636454075574875,0.0629877895116806,0.009317277829237728
lambda_1_0,1.0,2,3,f1,f5,18353,0.16747519373893738,0.2365499883890152,0.18743529668174141
lambda_1_0,1.0,2,3,f2,f1,18353,0.3739771246910095,0.18698740005493164,0.7895711872718356
lambda_1_0,1.0,2,3,f2,f2,18353,0.21460281312465668,0.0780230239033699,0.007628180678908081
lambda_1_0,1.0,2,3,f2,f3,18353,0.1352335810661316,0.05229029059410095,0.0025608892279191412
lambda_1_0,1.0,2,3,f2,f4,18353,0.1072646975517273,0.06312913447618484,0.00904484280499101
lambda_1_0,1.0,2,3,f2,f5,18353,0.16892178356647491,0.23694363236427307,0.1911949000163461
lambda_1_0,1.0,2,3,f3,f1,18353,0.37116295099258423,0.18574610352516174,0.7884269601699995
lambda_1_0,1.0,2,3,f3,f2,18353,0.21502476930618286,0.07799860090017319,0.0077916416934561104
lambda_1_0,1.0,2,3,f3,f3,18353,0.13607323169708252,0.052231043577194214,0.0021794801939737374
lambda_1_0,1.0,2,3,f3,f4,18353,0.10818435251712799,0.06299305707216263,0.00937176483408707
lambda_1_0,1.0,2,3,f3,f5,18353,0.1695546656847,0.23621241748332977,0.19223015310848363
lambda_1_0,1.0,2,3,f4,f1,18353,0.36744043231010437,0.1832050383090973,0.7860295319566284
lambda_1_0,1.0,2,3,f4,f2,18353,0.21576274931430817,0.07780396938323975,0.008990355800141667
lambda_1_0,1.0,2,3,f4,f3,18353,0.13774903118610382,0.05202215909957886,0.0023429412085217674
lambda_1_0,1.0,2,3,f4,f4,18353,0.10951220989227295,0.06249665841460228,0.00920830381953904
lambda_1_0,1.0,2,3,f4,f5,18353,0.1695355623960495,0.23396126925945282,0.1934288672151692
lambda_1_0,1.0,2,3,f5,f1,18353,0.36229243874549866,0.17887432873249054,0.7864109409905737
lambda_1_0,1.0,2,3,f5,f2,18353,0.21677455306053162,0.0769723653793335,0.008881381790442979
lambda_1_0,1.0,2,3,f5,f3,18353,0.14032751321792603,0.05124003812670708,0.0031057592764125756
lambda_1_0,1.0,2,3,f5,f4,18353,0.11229944974184036,0.06182752549648285,0.009862147877731162
lambda_1_0,1.0,2,3,f5,f5,18353,0.16830605268478394,0.22797328233718872,0.19173977006483953
lambda_1_0,1.0,2,ALL,f1,f1,73412,0.36812883615493774,0.18795067071914673,0.7813981365444341
lambda_1_0,1.0,2,ALL,f1,f2,73412,0.21184323728084564,0.07995200902223587,0.006034435787064785
lambda_1_0,1.0,2,ALL,f1,f3,73412,0.1354486346244812,0.052977897226810455,0.003064894022775568
lambda_1_0,1.0,2,ALL,f1,f4,73412,0.10699912160634995,0.06220471113920212,0.007573693674058737
lambda_1_0,1.0,2,ALL,f1,f5,73412,0.17758017778396606,0.24762359261512756,0.20192883997166675
lambda_1_0,1.0,2,ALL,f2,f1,73412,0.3661658465862274,0.18816375732421875,0.7791777910968234
lambda_1_0,1.0,2,ALL,f2,f2,73412,0.21154214441776276,0.0801539495587349,0.005939083528578434
lambda_1_0,1.0,2,ALL,f2,f3,73412,0.13577358424663544,0.05319679155945778,0.0030240287691385604
lambda_1_0,1.0,2,ALL,f2,f4,73412,0.10761325061321259,0.06245950236916542,0.007641802430120416
lambda_1_0,1.0,2,ALL,f2,f5,73412,0.17890512943267822,0.24826166033744812,0.20421729417533918
lambda_1_0,1.0,2,ALL,f3,f1,73412,0.36401695013046265,0.18740984797477722,0.7770800414101237
lambda_1_0,1.0,2,ALL,f3,f2,73412,0.21186324954032898,0.08020339161157608,0.00634773606494851
lambda_1_0,1.0,2,ALL,f3,f3,73412,0.13635584712028503,0.053154557943344116,0.0032964637933852775
lambda_1_0,1.0,2,ALL,f3,f4,73412,0.10834752023220062,0.06245414912700653,0.008023211464065821
lambda_1_0,1.0,2,ALL,f3,f5,73412,0.17941638827323914,0.24763089418411255,0.20525254726747671
lambda_1_0,1.0,2,ALL,f4,f1,73412,0.36105552315711975,0.18525315821170807,0.7760992753228355
lambda_1_0,1.0,2,ALL,f4,f2,73412,0.212540403008461,0.07991531491279602,0.006647414591619899
lambda_1_0,1.0,2,ALL,f4,f3,73412,0.13783793151378632,0.052897095680236816,0.0038004685882417045
lambda_1_0,1.0,2,ALL,f4,f4,73412,0.10955601930618286,0.06215851753950119,0.00832288999073721
lambda_1_0,1.0,2,ALL,f4,f5,73412,0.17901010811328888,0.24506177008152008,0.20512995150656568
lambda_1_0,1.0,2,ALL,f5,f1,73412,0.3568038046360016,0.1812073290348053,0.7762491145861712
lambda_1_0,1.0,2,ALL,f5,f2,73412,0.21369479596614838,0.07889702916145325,0.006947093118291288
lambda_1_0,1.0,2,ALL,f5,f3,73412,0.14037112891674042,0.05197567492723465,0.004277229880673459
lambda_1_0,1.0,2,ALL,f5,f4,73412,0.11228856444358826,0.06173603981733322,0.009221925570751376
lambda_1_0,1.0,2,ALL,f5,f5,73412,0.17684169113636017,0.23810429871082306,0.20330463684411268
