summary_id,artifact_ids,metric,mean,sample_sd,historical_source,source_row
baseline_five_seed_stage1_accuracy,leaves_screen/baseline_seed42_stage1|leaves_round1/baseline_seed43_stage1_oof|leaves_round1/baseline_seed44_stage1_oof|leaves_round2/baseline_seed45_stage1|leaves_round2/baseline_seed46_stage1,accuracy,0.9783359668719008,0.0005537874329982,records/leaves_round2/statistics/baseline_five_seed_summary.csv,0
baseline_five_seed_stage1_macro_f1,leaves_screen/baseline_seed42_stage1|leaves_round1/baseline_seed43_stage1_oof|leaves_round1/baseline_seed44_stage1_oof|leaves_round2/baseline_seed45_stage1|leaves_round2/baseline_seed46_stage1,macro_f1,0.9809866877338572,0.0005883926824847,records/leaves_round2/statistics/baseline_five_seed_summary.csv,1
baseline_five_seed_stage1_balanced_accuracy,leaves_screen/baseline_seed42_stage1|leaves_round1/baseline_seed43_stage1_oof|leaves_round1/baseline_seed44_stage1_oof|leaves_round2/baseline_seed45_stage1|leaves_round2/baseline_seed46_stage1,balanced_accuracy,0.9812014691433292,0.0006073848843961,records/leaves_round2/statistics/baseline_five_seed_summary.csv,2
baseline_five_seed_stage2_accuracy,leaves_screen/baseline_seed42_stage2|leaves_round1/baseline_seed43_stage2_oof|leaves_round1/baseline_seed44_stage2_oof|leaves_round2/baseline_seed45_stage2|leaves_round2/baseline_seed46_stage2,accuracy,0.9769519969487276,0.0003446060764091,records/leaves_round2/statistics/baseline_five_seed_summary.csv,3
baseline_five_seed_stage2_macro_f1,leaves_screen/baseline_seed42_stage2|leaves_round1/baseline_seed43_stage2_oof|leaves_round1/baseline_seed44_stage2_oof|leaves_round2/baseline_seed45_stage2|leaves_round2/baseline_seed46_stage2,macro_f1,0.9796869676557576,0.0003814649133188,records/leaves_round2/statistics/baseline_five_seed_summary.csv,4
baseline_five_seed_stage2_balanced_accuracy,leaves_screen/baseline_seed42_stage2|leaves_round1/baseline_seed43_stage2_oof|leaves_round1/baseline_seed44_stage2_oof|leaves_round2/baseline_seed45_stage2|leaves_round2/baseline_seed46_stage2,balanced_accuracy,0.9798328333914064,0.0003590956515343,records/leaves_round2/statistics/baseline_five_seed_summary.csv,5
dfag_five_seed_accuracy,dfag/seed42_dfag_oof|dfag/seed43_dfag_oof|dfag/seed44_dfag_oof|dfag_confirmation/seed45_dfag_oof|dfag_confirmation/seed46_dfag_oof,accuracy,0.9789026317223344,0.0004771892125714,records/dfag_confirmation/dfag_five_seed_summary.csv,0
dfag_five_seed_macro_f1,dfag/seed42_dfag_oof|dfag/seed43_dfag_oof|dfag/seed44_dfag_oof|dfag_confirmation/seed45_dfag_oof|dfag_confirmation/seed46_dfag_oof,macro_f1,0.9813574347144188,0.0004940058039707,records/dfag_confirmation/dfag_five_seed_summary.csv,1
dfag_five_seed_balanced_accuracy,dfag/seed42_dfag_oof|dfag/seed43_dfag_oof|dfag/seed44_dfag_oof|dfag_confirmation/seed45_dfag_oof|dfag_confirmation/seed46_dfag_oof,balanced_accuracy,0.9813549964794128,0.0005711114655477,records/dfag_confirmation/dfag_five_seed_summary.csv,2
alpha0.0_accuracy,state_interpolation/seed42_alpha_0_0|state_interpolation/seed43_alpha_0_0|state_interpolation/seed44_alpha_0_0,accuracy,0.9770609709584264,5.448700484939062e-05,records/state_interpolation/curves/checkpoint_interpolation_curve_multiseed_summary.csv,0
alpha0.0_macro_f1,state_interpolation/seed42_alpha_0_0|state_interpolation/seed43_alpha_0_0|state_interpolation/seed44_alpha_0_0,macro_f1,0.979769070657802,0.0002688653620573,records/state_interpolation/curves/checkpoint_interpolation_curve_multiseed_summary.csv,0
alpha0.0_balanced_accuracy,state_interpolation/seed42_alpha_0_0|state_interpolation/seed43_alpha_0_0|state_interpolation/seed44_alpha_0_0,balanced_accuracy,0.979876078583602,0.0003103471727121,records/state_interpolation/curves/checkpoint_interpolation_curve_multiseed_summary.csv,0
alpha0.1_accuracy,state_interpolation/seed42_alpha_0_1|state_interpolation/seed43_alpha_0_1|state_interpolation/seed44_alpha_0_1,accuracy,0.9776421656768194,0.000206284471051,records/state_interpolation/curves/checkpoint_interpolation_curve_multiseed_summary.csv,1
alpha0.1_macro_f1,state_interpolation/seed42_alpha_0_1|state_interpolation/seed43_alpha_0_1|state_interpolation/seed44_alpha_0_1,macro_f1,0.980447988417256,7.556494489504067e-05,records/state_interpolation/curves/checkpoint_interpolation_curve_multiseed_summary.csv,1
alpha0.1_balanced_accuracy,state_interpolation/seed42_alpha_0_1|state_interpolation/seed43_alpha_0_1|state_interpolation/seed44_alpha_0_1,balanced_accuracy,0.9805858983784298,5.899506691667348e-05,records/state_interpolation/curves/checkpoint_interpolation_curve_multiseed_summary.csv,1
alpha0.2_accuracy,state_interpolation/seed42_alpha_0_2|state_interpolation/seed43_alpha_0_2|state_interpolation/seed44_alpha_0_2,accuracy,0.9778964383661164,0.0002742452436575,records/state_interpolation/curves/checkpoint_interpolation_curve_multiseed_summary.csv,2
alpha0.2_macro_f1,state_interpolation/seed42_alpha_0_2|state_interpolation/seed43_alpha_0_2|state_interpolation/seed44_alpha_0_2,macro_f1,0.980699375631876,0.0001658852170142,records/state_interpolation/curves/checkpoint_interpolation_curve_multiseed_summary.csv,2
alpha0.2_balanced_accuracy,state_interpolation/seed42_alpha_0_2|state_interpolation/seed43_alpha_0_2|state_interpolation/seed44_alpha_0_2,balanced_accuracy,0.9808717262789468,0.0001988060190994,records/state_interpolation/curves/checkpoint_interpolation_curve_multiseed_summary.csv,2
alpha0.3_accuracy,state_interpolation/seed42_alpha_0_3|state_interpolation/seed43_alpha_0_3|state_interpolation/seed44_alpha_0_3,accuracy,0.978023574710765,8.323027470450136e-05,records/state_interpolation/curves/checkpoint_interpolation_curve_multiseed_summary.csv,3
alpha0.3_macro_f1,state_interpolation/seed42_alpha_0_3|state_interpolation/seed43_alpha_0_3|state_interpolation/seed44_alpha_0_3,macro_f1,0.9808796587297154,8.087463134946517e-05,records/state_interpolation/curves/checkpoint_interpolation_curve_multiseed_summary.csv,3
alpha0.3_balanced_accuracy,state_interpolation/seed42_alpha_0_3|state_interpolation/seed43_alpha_0_3|state_interpolation/seed44_alpha_0_3,balanced_accuracy,0.98110088108467,0.0002572545416452,records/state_interpolation/curves/checkpoint_interpolation_curve_multiseed_summary.csv,3
alpha0.4_accuracy,state_interpolation/seed42_alpha_0_4|state_interpolation/seed43_alpha_0_4|state_interpolation/seed44_alpha_0_4,accuracy,0.9779872500408654,9.43742607513002e-05,records/state_interpolation/curves/checkpoint_interpolation_curve_multiseed_summary.csv,4
alpha0.4_macro_f1,state_interpolation/seed42_alpha_0_4|state_interpolation/seed43_alpha_0_4|state_interpolation/seed44_alpha_0_4,macro_f1,0.980856778009734,0.0001989464535407,records/state_interpolation/curves/checkpoint_interpolation_curve_multiseed_summary.csv,4
alpha0.4_balanced_accuracy,state_interpolation/seed42_alpha_0_4|state_interpolation/seed43_alpha_0_4|state_interpolation/seed44_alpha_0_4,balanced_accuracy,0.981069031109679,0.0002964036465308,records/state_interpolation/curves/checkpoint_interpolation_curve_multiseed_summary.csv,4
alpha0.5_accuracy,state_interpolation/seed42_alpha_0_5|state_interpolation/seed43_alpha_0_5|state_interpolation/seed44_alpha_0_5,accuracy,0.9781688733903632,0.0001751512152598,records/state_interpolation/curves/checkpoint_interpolation_curve_multiseed_summary.csv,5
alpha0.5_macro_f1,state_interpolation/seed42_alpha_0_5|state_interpolation/seed43_alpha_0_5|state_interpolation/seed44_alpha_0_5,macro_f1,0.981042782716242,0.0003019787931877,records/state_interpolation/curves/checkpoint_interpolation_curve_multiseed_summary.csv,5
alpha0.5_balanced_accuracy,state_interpolation/seed42_alpha_0_5|state_interpolation/seed43_alpha_0_5|state_interpolation/seed44_alpha_0_5,balanced_accuracy,0.9812937594061388,0.0003806167069855,records/state_interpolation/curves/checkpoint_interpolation_curve_multiseed_summary.csv,5
alpha0.6_accuracy,state_interpolation/seed42_alpha_0_6|state_interpolation/seed43_alpha_0_6|state_interpolation/seed44_alpha_0_6,accuracy,0.9781688733903632,0.0002687780124402,records/state_interpolation/curves/checkpoint_interpolation_curve_multiseed_summary.csv,6
alpha0.6_macro_f1,state_interpolation/seed42_alpha_0_6|state_interpolation/seed43_alpha_0_6|state_interpolation/seed44_alpha_0_6,macro_f1,0.981087619168493,0.0004317816595702,records/state_interpolation/curves/checkpoint_interpolation_curve_multiseed_summary.csv,6
alpha0.6_balanced_accuracy,state_interpolation/seed42_alpha_0_6|state_interpolation/seed43_alpha_0_6|state_interpolation/seed44_alpha_0_6,balanced_accuracy,0.9813279598138158,0.0005034478789592,records/state_interpolation/curves/checkpoint_interpolation_curve_multiseed_summary.csv,6
alpha0.7_accuracy,state_interpolation/seed42_alpha_0_7|state_interpolation/seed43_alpha_0_7|state_interpolation/seed44_alpha_0_7,accuracy,0.978277847400062,0.000279605592516,records/state_interpolation/curves/checkpoint_interpolation_curve_multiseed_summary.csv,7
alpha0.7_macro_f1,state_interpolation/seed42_alpha_0_7|state_interpolation/seed43_alpha_0_7|state_interpolation/seed44_alpha_0_7,macro_f1,0.981243043465724,0.0003928587834587,records/state_interpolation/curves/checkpoint_interpolation_curve_multiseed_summary.csv,7
alpha0.7_balanced_accuracy,state_interpolation/seed42_alpha_0_7|state_interpolation/seed43_alpha_0_7|state_interpolation/seed44_alpha_0_7,balanced_accuracy,0.9814977566358604,0.0003798119772198,records/state_interpolation/curves/checkpoint_interpolation_curve_multiseed_summary.csv,7
alpha0.8_accuracy,state_interpolation/seed42_alpha_0_8|state_interpolation/seed43_alpha_0_8|state_interpolation/seed44_alpha_0_8,accuracy,0.9782233603952124,0.0004569551072634,records/state_interpolation/curves/checkpoint_interpolation_curve_multiseed_summary.csv,8
alpha0.8_macro_f1,state_interpolation/seed42_alpha_0_8|state_interpolation/seed43_alpha_0_8|state_interpolation/seed44_alpha_0_8,macro_f1,0.9811488122744852,0.0005968419925546,records/state_interpolation/curves/checkpoint_interpolation_curve_multiseed_summary.csv,8
alpha0.8_balanced_accuracy,state_interpolation/seed42_alpha_0_8|state_interpolation/seed43_alpha_0_8|state_interpolation/seed44_alpha_0_8,balanced_accuracy,0.9814180391504408,0.0006431255182781,records/state_interpolation/curves/checkpoint_interpolation_curve_multiseed_summary.csv,8
alpha0.9_accuracy,state_interpolation/seed42_alpha_0_9|state_interpolation/seed43_alpha_0_9|state_interpolation/seed44_alpha_0_9,accuracy,0.9782960097350116,0.0004944026440297,records/state_interpolation/curves/checkpoint_interpolation_curve_multiseed_summary.csv,9
alpha0.9_macro_f1,state_interpolation/seed42_alpha_0_9|state_interpolation/seed43_alpha_0_9|state_interpolation/seed44_alpha_0_9,macro_f1,0.981104960944931,0.0005725000704046,records/state_interpolation/curves/checkpoint_interpolation_curve_multiseed_summary.csv,9
alpha0.9_balanced_accuracy,state_interpolation/seed42_alpha_0_9|state_interpolation/seed43_alpha_0_9|state_interpolation/seed44_alpha_0_9,balanced_accuracy,0.9813632008915264,0.0006776975625211,records/state_interpolation/curves/checkpoint_interpolation_curve_multiseed_summary.csv,9
alpha1.0_accuracy,state_interpolation/seed42_alpha_1_0|state_interpolation/seed43_alpha_1_0|state_interpolation/seed44_alpha_1_0,accuracy,0.9784776330845094,0.0007083310630414,records/state_interpolation/curves/checkpoint_interpolation_curve_multiseed_summary.csv,10
alpha1.0_macro_f1,state_interpolation/seed42_alpha_1_0|state_interpolation/seed43_alpha_1_0|state_interpolation/seed44_alpha_1_0,macro_f1,0.981131514122026,0.000782129826896,records/state_interpolation/curves/checkpoint_interpolation_curve_multiseed_summary.csv,10
alpha1.0_balanced_accuracy,state_interpolation/seed42_alpha_1_0|state_interpolation/seed43_alpha_1_0|state_interpolation/seed44_alpha_1_0,balanced_accuracy,0.9813356182039812,0.0008178033854383,records/state_interpolation/curves/checkpoint_interpolation_curve_multiseed_summary.csv,10
