path,dataset,pool_id,fold,n,training_n,heldout_n
splits/external/formal_runs/cars__ours_ft__fold_0/split_indices.csv,cars,cars,0,8144,6515,1629
splits/external/formal_runs/cars__ours_ft__fold_1/split_indices.csv,cars,cars,1,8144,6515,1629
splits/external/formal_runs/cars__ours_ft__fold_2/split_indices.csv,cars,cars,2,8144,6515,1629
splits/external/formal_runs/cars__ours_ft__fold_3/split_indices.csv,cars,cars,3,8144,6515,1629
splits/external/formal_runs/cars__ours_ft__fold_4/split_indices.csv,cars,cars,4,8144,6516,1628
splits/external/formal_runs/cars__progressive_lambda_0_7__fold_0/split_indices.csv,cars,cars,0,8144,6515,1629
splits/external/formal_runs/cars__progressive_lambda_0_7__fold_1/split_indices.csv,cars,cars,1,8144,6515,1629
splits/external/formal_runs/cars__progressive_lambda_0_7__fold_2/split_indices.csv,cars,cars,2,8144,6515,1629
splits/external/formal_runs/cars__progressive_lambda_0_7__fold_3/split_indices.csv,cars,cars,3,8144,6515,1629
splits/external/formal_runs/cars__progressive_lambda_0_7__fold_4/split_indices.csv,cars,cars,4,8144,6516,1628
splits/external/formal_runs/cub__ours_ft__fold_0/split_indices.csv,cub,cub,0,5994,4795,1199
splits/external/formal_runs/cub__ours_ft__fold_1/split_indices.csv,cub,cub,1,5994,4795,1199
splits/external/formal_runs/cub__ours_ft__fold_2/split_indices.csv,cub,cub,2,5994,4795,1199
splits/external/formal_runs/cub__ours_ft__fold_3/split_indices.csv,cub,cub,3,5994,4795,1199
splits/external/formal_runs/cub__ours_ft__fold_4/split_indices.csv,cub,cub,4,5994,4796,1198
splits/external/formal_runs/cub__progressive_lambda_0_1__fold_0/split_indices.csv,cub,cub,0,5994,4795,1199
splits/external/formal_runs/cub__progressive_lambda_0_1__fold_1/split_indices.csv,cub,cub,1,5994,4795,1199
splits/external/formal_runs/cub__progressive_lambda_0_1__fold_2/split_indices.csv,cub,cub,2,5994,4795,1199
splits/external/formal_runs/cub__progressive_lambda_0_1__fold_3/split_indices.csv,cub,cub,3,5994,4795,1199
splits/external/formal_runs/cub__progressive_lambda_0_1__fold_4/split_indices.csv,cub,cub,4,5994,4796,1198
splits/external/formal_runs/cub__progressive_lambda_0_7__fold_0/split_indices.csv,cub,cub,0,5994,4795,1199
splits/external/formal_runs/cub__progressive_lambda_0_7__fold_1/split_indices.csv,cub,cub,1,5994,4795,1199
splits/external/formal_runs/cub__progressive_lambda_0_7__fold_2/split_indices.csv,cub,cub,2,5994,4795,1199
splits/external/formal_runs/cub__progressive_lambda_0_7__fold_3/split_indices.csv,cub,cub,3,5994,4795,1199
splits/external/formal_runs/cub__progressive_lambda_0_7__fold_4/split_indices.csv,cub,cub,4,5994,4796,1198
splits/external/formal_runs/cub__progressive_lambda_1_0__fold_0/split_indices.csv,cub,cub,0,5994,4795,1199
splits/external/formal_runs/cub__progressive_lambda_1_0__fold_1/split_indices.csv,cub,cub,1,5994,4795,1199
splits/external/formal_runs/cub__progressive_lambda_1_0__fold_2/split_indices.csv,cub,cub,2,5994,4795,1199
splits/external/formal_runs/cub__progressive_lambda_1_0__fold_3/split_indices.csv,cub,cub,3,5994,4795,1199
splits/external/formal_runs/cub__progressive_lambda_1_0__fold_4/split_indices.csv,cub,cub,4,5994,4796,1198
splits/external/formal_runs/flowers__ours_ft__fold_0/split_indices.csv,flowers,flowers,0,2040,1632,408
splits/external/formal_runs/flowers__ours_ft__fold_1/split_indices.csv,flowers,flowers,1,2040,1632,408
splits/external/formal_runs/flowers__ours_ft__fold_2/split_indices.csv,flowers,flowers,2,2040,1632,408
splits/external/formal_runs/flowers__ours_ft__fold_3/split_indices.csv,flowers,flowers,3,2040,1632,408
splits/external/formal_runs/flowers__ours_ft__fold_4/split_indices.csv,flowers,flowers,4,2040,1632,408
splits/external/formal_runs/flowers__progressive_lambda_0_7__fold_0/split_indices.csv,flowers,flowers,0,2040,1632,408
splits/external/formal_runs/flowers__progressive_lambda_0_7__fold_1/split_indices.csv,flowers,flowers,1,2040,1632,408
splits/external/formal_runs/flowers__progressive_lambda_0_7__fold_2/split_indices.csv,flowers,flowers,2,2040,1632,408
splits/external/formal_runs/flowers__progressive_lambda_0_7__fold_3/split_indices.csv,flowers,flowers,3,2040,1632,408
splits/external/formal_runs/flowers__progressive_lambda_0_7__fold_4/split_indices.csv,flowers,flowers,4,2040,1632,408
splits/cross_backbone/formal/convnext_tiny/dfag/fold_0/split_indices.csv,leaves,leaves,0,18353,14682,3671
splits/cross_backbone/formal/convnext_tiny/dfag/fold_1/split_indices.csv,leaves,leaves,1,18353,14682,3671
splits/cross_backbone/formal/convnext_tiny/dfag/fold_2/split_indices.csv,leaves,leaves,2,18353,14682,3671
splits/cross_backbone/formal/convnext_tiny/dfag/fold_3/split_indices.csv,leaves,leaves,3,18353,14683,3670
splits/cross_backbone/formal/convnext_tiny/dfag/fold_4/split_indices.csv,leaves,leaves,4,18353,14683,3670
splits/cross_backbone/formal/convnext_tiny/ours_ft/fold_0/split_indices.csv,leaves,leaves,0,18353,14682,3671
splits/cross_backbone/formal/convnext_tiny/ours_ft/fold_1/split_indices.csv,leaves,leaves,1,18353,14682,3671
splits/cross_backbone/formal/convnext_tiny/ours_ft/fold_2/split_indices.csv,leaves,leaves,2,18353,14682,3671
splits/cross_backbone/formal/convnext_tiny/ours_ft/fold_3/split_indices.csv,leaves,leaves,3,18353,14683,3670
splits/cross_backbone/formal/convnext_tiny/ours_ft/fold_4/split_indices.csv,leaves,leaves,4,18353,14683,3670
splits/cross_backbone/formal/convnext_tiny/progressive/fold_0/split_indices.csv,leaves,leaves,0,18353,14682,3671
splits/cross_backbone/formal/convnext_tiny/progressive/fold_1/split_indices.csv,leaves,leaves,1,18353,14682,3671
splits/cross_backbone/formal/convnext_tiny/progressive/fold_2/split_indices.csv,leaves,leaves,2,18353,14682,3671
splits/cross_backbone/formal/convnext_tiny/progressive/fold_3/split_indices.csv,leaves,leaves,3,18353,14683,3670
splits/cross_backbone/formal/convnext_tiny/progressive/fold_4/split_indices.csv,leaves,leaves,4,18353,14683,3670
splits/cross_backbone/formal/resnet50/dfag/fold_0/split_indices.csv,leaves,leaves,0,18353,14682,3671
splits/cross_backbone/formal/resnet50/dfag/fold_1/split_indices.csv,leaves,leaves,1,18353,14682,3671
splits/cross_backbone/formal/resnet50/dfag/fold_2/split_indices.csv,leaves,leaves,2,18353,14682,3671
splits/cross_backbone/formal/resnet50/dfag/fold_3/split_indices.csv,leaves,leaves,3,18353,14683,3670
splits/cross_backbone/formal/resnet50/dfag/fold_4/split_indices.csv,leaves,leaves,4,18353,14683,3670
splits/cross_backbone/formal/resnet50/ours_ft/fold_0/split_indices.csv,leaves,leaves,0,18353,14682,3671
splits/cross_backbone/formal/resnet50/ours_ft/fold_1/split_indices.csv,leaves,leaves,1,18353,14682,3671
splits/cross_backbone/formal/resnet50/ours_ft/fold_2/split_indices.csv,leaves,leaves,2,18353,14682,3671
splits/cross_backbone/formal/resnet50/ours_ft/fold_3/split_indices.csv,leaves,leaves,3,18353,14683,3670
splits/cross_backbone/formal/resnet50/ours_ft/fold_4/split_indices.csv,leaves,leaves,4,18353,14683,3670
splits/cross_backbone/formal/resnet50/progressive/fold_0/split_indices.csv,leaves,leaves,0,18353,14682,3671
splits/cross_backbone/formal/resnet50/progressive/fold_1/split_indices.csv,leaves,leaves,1,18353,14682,3671
splits/cross_backbone/formal/resnet50/progressive/fold_2/split_indices.csv,leaves,leaves,2,18353,14682,3671
splits/cross_backbone/formal/resnet50/progressive/fold_3/split_indices.csv,leaves,leaves,3,18353,14683,3670
splits/cross_backbone/formal/resnet50/progressive/fold_4/split_indices.csv,leaves,leaves,4,18353,14683,3670
splits/leaves_round1/baseline_seed43/fold_0/split_indices.csv,leaves,leaves,0,18353,14682,3671
splits/leaves_round1/baseline_seed43/fold_1/split_indices.csv,leaves,leaves,1,18353,14682,3671
splits/leaves_round1/baseline_seed43/fold_2/split_indices.csv,leaves,leaves,2,18353,14682,3671
splits/leaves_round1/baseline_seed43/fold_3/split_indices.csv,leaves,leaves,3,18353,14683,3670
splits/leaves_round1/baseline_seed43/fold_4/split_indices.csv,leaves,leaves,4,18353,14683,3670
splits/leaves_round1/baseline_seed44/fold_0/split_indices.csv,leaves,leaves,0,18353,14682,3671
splits/leaves_round1/baseline_seed44/fold_1/split_indices.csv,leaves,leaves,1,18353,14682,3671
splits/leaves_round1/baseline_seed44/fold_2/split_indices.csv,leaves,leaves,2,18353,14682,3671
splits/leaves_round1/baseline_seed44/fold_3/split_indices.csv,leaves,leaves,3,18353,14683,3670
splits/leaves_round1/baseline_seed44/fold_4/split_indices.csv,leaves,leaves,4,18353,14683,3670
splits/leaves_round1/lambda_0_7_seed42/fold_0/split_indices.csv,leaves,leaves,0,18353,14682,3671
splits/leaves_round1/lambda_0_7_seed42/fold_1/split_indices.csv,leaves,leaves,1,18353,14682,3671
splits/leaves_round1/lambda_0_7_seed42/fold_2/split_indices.csv,leaves,leaves,2,18353,14682,3671
splits/leaves_round1/lambda_0_7_seed42/fold_3/split_indices.csv,leaves,leaves,3,18353,14683,3670
splits/leaves_round1/lambda_0_7_seed42/fold_4/split_indices.csv,leaves,leaves,4,18353,14683,3670
splits/leaves_round1/lambda_0_9_seed42/fold_0/split_indices.csv,leaves,leaves,0,18353,14682,3671
splits/leaves_round1/lambda_0_9_seed42/fold_1/split_indices.csv,leaves,leaves,1,18353,14682,3671
splits/leaves_round1/lambda_0_9_seed42/fold_2/split_indices.csv,leaves,leaves,2,18353,14682,3671
splits/leaves_round1/lambda_0_9_seed42/fold_3/split_indices.csv,leaves,leaves,3,18353,14683,3670
splits/leaves_round1/lambda_0_9_seed42/fold_4/split_indices.csv,leaves,leaves,4,18353,14683,3670
splits/leaves_round2/baseline_seed45/fold_0/split_indices.csv,leaves,leaves,0,18353,14682,3671
splits/leaves_round2/baseline_seed45/fold_1/split_indices.csv,leaves,leaves,1,18353,14682,3671
splits/leaves_round2/baseline_seed45/fold_2/split_indices.csv,leaves,leaves,2,18353,14682,3671
splits/leaves_round2/baseline_seed45/fold_3/split_indices.csv,leaves,leaves,3,18353,14683,3670
splits/leaves_round2/baseline_seed45/fold_4/split_indices.csv,leaves,leaves,4,18353,14683,3670
splits/leaves_round2/baseline_seed46/fold_0/split_indices.csv,leaves,leaves,0,18353,14682,3671
splits/leaves_round2/baseline_seed46/fold_1/split_indices.csv,leaves,leaves,1,18353,14682,3671
splits/leaves_round2/baseline_seed46/fold_2/split_indices.csv,leaves,leaves,2,18353,14682,3671
splits/leaves_round2/baseline_seed46/fold_3/split_indices.csv,leaves,leaves,3,18353,14683,3670
splits/leaves_round2/baseline_seed46/fold_4/split_indices.csv,leaves,leaves,4,18353,14683,3670
splits/leaves_round2/mhsa_lambda_0_1_seed42/fold_0/split_indices.csv,leaves,leaves,0,18353,14682,3671
splits/leaves_round2/mhsa_lambda_0_1_seed42/fold_1/split_indices.csv,leaves,leaves,1,18353,14682,3671
splits/leaves_round2/mhsa_lambda_0_1_seed42/fold_2/split_indices.csv,leaves,leaves,2,18353,14682,3671
splits/leaves_round2/mhsa_lambda_0_1_seed42/fold_3/split_indices.csv,leaves,leaves,3,18353,14683,3670
splits/leaves_round2/mhsa_lambda_0_1_seed42/fold_4/split_indices.csv,leaves,leaves,4,18353,14683,3670
splits/leaves_round2/mhsa_lambda_0_7_seed42/fold_0/split_indices.csv,leaves,leaves,0,18353,14682,3671
splits/leaves_round2/mhsa_lambda_0_7_seed42/fold_1/split_indices.csv,leaves,leaves,1,18353,14682,3671
splits/leaves_round2/mhsa_lambda_0_7_seed42/fold_2/split_indices.csv,leaves,leaves,2,18353,14682,3671
splits/leaves_round2/mhsa_lambda_0_7_seed42/fold_3/split_indices.csv,leaves,leaves,3,18353,14683,3670
splits/leaves_round2/mhsa_lambda_0_7_seed42/fold_4/split_indices.csv,leaves,leaves,4,18353,14683,3670
splits/leaves_round2/mhsa_lambda_1_0_seed42/fold_0/split_indices.csv,leaves,leaves,0,18353,14682,3671
splits/leaves_round2/mhsa_lambda_1_0_seed42/fold_1/split_indices.csv,leaves,leaves,1,18353,14682,3671
splits/leaves_round2/mhsa_lambda_1_0_seed42/fold_2/split_indices.csv,leaves,leaves,2,18353,14682,3671
splits/leaves_round2/mhsa_lambda_1_0_seed42/fold_3/split_indices.csv,leaves,leaves,3,18353,14683,3670
splits/leaves_round2/mhsa_lambda_1_0_seed42/fold_4/split_indices.csv,leaves,leaves,4,18353,14683,3670
splits/leaves_screen/#0/fold_0/split_indices.csv,leaves,leaves,0,18353,14682,3671
splits/leaves_screen/#0/fold_1/split_indices.csv,leaves,leaves,1,18353,14682,3671
splits/leaves_screen/#0/fold_2/split_indices.csv,leaves,leaves,2,18353,14682,3671
splits/leaves_screen/#0/fold_3/split_indices.csv,leaves,leaves,3,18353,14683,3670
splits/leaves_screen/#0/fold_4/split_indices.csv,leaves,leaves,4,18353,14683,3670
splits/leaves_screen/#1/fold_0/split_indices.csv,leaves,leaves,0,18353,14682,3671
splits/leaves_screen/#1/fold_1/split_indices.csv,leaves,leaves,1,18353,14682,3671
splits/leaves_screen/#1/fold_2/split_indices.csv,leaves,leaves,2,18353,14682,3671
splits/leaves_screen/#1/fold_3/split_indices.csv,leaves,leaves,3,18353,14683,3670
splits/leaves_screen/#1/fold_4/split_indices.csv,leaves,leaves,4,18353,14683,3670
splits/leaves_screen/#2/fold_0/split_indices.csv,leaves,leaves,0,18353,14682,3671
splits/leaves_screen/#2/fold_1/split_indices.csv,leaves,leaves,1,18353,14682,3671
splits/leaves_screen/#2/fold_2/split_indices.csv,leaves,leaves,2,18353,14682,3671
splits/leaves_screen/#2/fold_3/split_indices.csv,leaves,leaves,3,18353,14683,3670
splits/leaves_screen/#2/fold_4/split_indices.csv,leaves,leaves,4,18353,14683,3670
