stage,epoch_zero_based,train_loss,val_accuracy,best_val_accuracy,backbone_lr,head_lr,augmentation_scale,cutmix_batches,mixup_batches,plain_batches,amp_overflow_batches,elapsed_seconds
1,0,4.768521167483985,0.3376304481276857,0.3376304481276857,3.3333333333333335e-05,0.0003333333333333333,1.0,110,72,22,0,65.3110743
1,1,3.4634651681956123,0.5825659914057704,0.5825659914057704,6.666666666666667e-05,0.0006666666666666666,1.0,98,89,17,0,46.59838099999999
1,2,2.9265427168677833,0.6642111724984653,0.6642111724984653,0.0001,0.001,1.0,96,85,23,0,46.618863000000005
1,3,2.526197292056738,0.7286678944137508,0.7286678944137508,0.0001,0.001,1.0,110,69,25,0,46.40769739999999
1,4,2.435224699915624,0.7501534683855126,0.7501534683855126,9.998972383511386e-05,0.0009998869621862525,1.0,98,89,17,0,46.44856819999998
1,5,2.159391221170332,0.7691835481890731,0.7691835481890731,9.995890003376942e-05,0.0009995479003714637,1.0,102,81,21,0,46.53825210000002
1,6,2.159551183967029,0.8133824432166974,0.8133824432166974,9.990754267376513e-05,0.0009989829694114166,1.0,111,74,19,0,46.50532420000002
1,7,2.0614294447735246,0.8023327194597912,0.8133824432166974,9.98356752109543e-05,0.0009981924273204975,1.0,101,81,22,0,46.51033940000002
1,8,2.078353874239267,0.7925107427869859,0.8133824432166974,9.97433304685324e-05,0.0009971766351538568,1.0,106,80,18,0,46.33114870000003
1,9,1.9601522590599807,0.8268876611418048,0.8268876611418048,9.963055062204607e-05,0.000995936056842507,1.0,91,88,25,0,46.43313189999998
1,10,2.09306062670315,0.807243707796194,0.8268876611418048,9.949738718013077e-05,0.0009944712589814388,1.0,110,76,18,0,46.32729830000005
1,11,1.8669702922012292,0.8360957642725598,0.8360957642725598,9.93439009609859e-05,0.000992782910570845,1.0,100,85,19,0,46.49990600000001
1,12,1.9024869767474193,0.7968078575813382,0.8360957642725598,9.917016206459792e-05,0.0009908717827105775,1.0,103,87,14,0,46.36036660000002
1,13,1.8466734152798558,0.8397790055248618,0.8397790055248618,9.897624984072445e-05,0.0009887387482479693,1.0,109,77,18,0,46.448701700000015
1,14,1.8679017748902826,0.8232044198895028,0.8397790055248618,9.876225285265377e-05,0.0009863847813791917,1.0,92,95,17,0,46.26958709999997
1,15,1.692852062921898,0.8465316144874155,0.8465316144874155,9.85282688367563e-05,0.0009838109572043194,1.0,93,84,27,0,46.621514700000034
1,16,1.8428817689418793,0.8084714548802947,0.8465316144874155,9.827440465784661e-05,0.0009810184512363126,1.0,101,79,24,0,46.42092260000004
1,17,1.7761275052439933,0.8146101903007981,0.8465316144874155,9.80007762603763e-05,0.0009780085388641391,1.0,98,82,24,0,46.23827189999997
1,18,1.6980226457703347,0.8330263965623081,0.8465316144874155,9.770750861548006e-05,0.0009747825947702805,1.0,102,84,18,0,46.27053119999994
1,19,1.7460115464294659,0.8502148557397177,0.8502148557397177,9.739473566389898e-05,0.0009713420923028886,1.0,99,86,19,0,46.46361300000001
1,20,1.654148785214798,0.8434622467771639,0.8502148557397177,9.706260025480737e-05,0.0009676886028028809,1.0,93,86,25,0,46.37510039999995
1,21,1.7073655896911435,0.8232044198895028,0.8502148557397177,9.671125408057094e-05,0.0009638237948862803,1.0,88,98,18,0,46.18661729999985
1,22,1.6691427832725,0.8348680171884592,0.8502148557397177,9.634085760746608e-05,0.000959749433682127,1.0,89,95,20,0,46.38944379999998
1,23,1.7053785002699084,0.8342541436464088,0.8502148557397177,9.595158000239196e-05,0.0009554673800263115,1.0,98,85,21,0,46.28494019999994
1,24,1.7081597619781308,0.8496009821976673,0.8502148557397177,9.554359905560882e-05,0.0009509795896116969,1.0,101,84,19,0,46.38877699999989
1,25,1.7201128467625262,0.8262737875997545,0.8502148557397177,9.511710109953799e-05,0.0009462881120949178,1.0,99,84,21,0,46.279362699999865
1,26,1.605794341540804,0.8416206261510129,0.8502148557397177,9.467228092366037e-05,0.0009413950901602638,1.0,98,78,28,0,46.17159179999999
1,27,1.6693352671230541,0.8299570288520565,0.8502148557397177,9.420934168555248e-05,0.0009363027585410771,1.0,101,88,15,0,46.38669119999986
1,28,1.723572465134602,0.8471454880294659,0.8502148557397177,9.372849481810069e-05,0.0009310134429991074,1.0,106,80,18,0,46.25932169999987
1,29,1.6266576186114667,0.8379373848987108,0.8502148557397177,9.322995993293589e-05,0.0009255295592622946,1.0,98,89,17,0,46.22450909999998
1,30,1.5522067164089166,0.8287292817679558,0.8502148557397177,9.271396472013279e-05,0.0009198536119214605,1.0,91,94,19,0,46.364151499999934
1,31,1.5762190158460654,0.8471454880294659,0.8502148557397177,9.218074484421972e-05,0.0009139881932864168,1.0,101,80,23,0,46.12449399999991
1,32,1.5820573068716948,0.8256599140577041,0.8502148557397177,9.163054383654627e-05,0.0009079359822020089,1.0,97,88,19,0,46.213417100000015
1,33,1.581655400933004,0.8311847759361571,0.8502148557397177,9.106361298405801e-05,0.000901699742824638,1.0,101,84,19,0,46.3222209999999
1,34,1.5175481076334036,0.8655616942909761,0.8655616942909761,9.04802112145291e-05,0.0008952823233598201,1.0,101,79,24,0,46.4451097000001
1,35,1.4958625614058738,0.8643339472068754,0.8655616942909761,8.988060497830529e-05,0.0008886866547613582,1.0,94,87,23,0,46.32921579999993
1,36,1.4528517761066848,0.8594229588704727,0.8655616942909761,8.926506812661101e-05,0.0008819157493927211,1.0,89,94,21,0,46.305616899999904
1,37,1.4855368023409563,0.8551258440761204,0.8655616942909761,8.863388178647655e-05,0.000874972699651242,1.0,96,89,19,0,46.265259400000105
1,38,1.4555778944609212,0.8557397176181707,0.8655616942909761,8.798733423234214e-05,0.0008678606765557635,1.0,101,79,24,0,46.52386309999997
1,39,1.5297665894031525,0.8514426028238183,0.8655616942909761,8.732572075439772e-05,0.0008605829282983747,1.0,104,76,24,0,46.27230529999997
1,40,1.5261087002707463,0.8385512584407612,0.8655616942909761,8.664934352371835e-05,0.0008531427787609017,1.0,96,84,24,0,46.28439060000005
1,41,1.413500940098482,0.852670349907919,0.8655616942909761,8.59585114542573e-05,0.0008455436259968303,1.0,100,75,29,0,46.05008720000001
1,42,1.4614581237821018,0.8514426028238183,0.8655616942909761,8.525354006175922e-05,0.0008377889406793515,1.0,96,85,23,0,45.771122800000285
1,43,1.4199538002995884,0.8471454880294659,0.8655616942909761,8.453475131965828e-05,0.0008298822645162412,1.0,104,73,27,0,46.007132100000035
1,44,1.433652643479553,0.8729281767955801,0.8729281767955801,8.380247351202703e-05,0.0008218272086322974,1.0,105,75,24,0,46.36960360000012
1,45,1.4901810934390929,0.8778391651319828,0.8778391651319828,8.305704108364296e-05,0.0008136274519200727,1.0,109,73,22,1,46.533148099999835
1,46,1.4900919534996444,0.8704726826273788,0.8778391651319828,8.229879448724145e-05,0.000805286739359656,1.0,91,93,20,0,46.169870100000026
1,47,1.522407240435189,0.8661755678330264,0.8778391651319828,8.152808002802465e-05,0.0007968088803082711,1.0,110,74,20,0,46.2571396999997
1,48,1.3915165139763963,0.8483732351135667,0.8778391651319828,8.074524970549759e-05,0.0007881977467604735,1.0,104,80,20,0,46.41748370000005
1,49,1.3662810974520416,0.858195211786372,0.8778391651319828,7.99506610527035e-05,0.0007794572715797384,1.0,98,82,24,1,46.14666659999966
1,50,1.4332267370294123,0.8790669122160835,0.8790669122160835,7.914467697293179e-05,0.0007705914467022497,1.0,101,85,18,0,46.59320699999989
1,51,1.4824424943711498,0.8692449355432781,0.8790669122160835,7.832766557397359e-05,0.0007616043213137096,1.0,93,88,23,2,46.25694479999993
1,52,1.3956530435996897,0.861878453038674,0.8790669122160835,7.749999999999996e-05,0.0007524999999999996,1.0,105,80,19,0,46.34445559999995
1,53,1.3762868800584007,0.8502148557397177,0.8790669122160835,7.666205826114018e-05,0.000743282640872542,1.0,102,81,21,0,46.327375900000334
1,54,1.4031035023577072,0.8575813382443217,0.8790669122160835,7.581422306083754e-05,0.000733956453669213,1.0,99,83,22,0,46.193372199999885
1,55,1.3429189579827445,0.8588090853284224,0.8790669122160835,7.495688162106156e-05,0.0007245256978316772,1.0,101,82,21,1,46.3318862000001
1,56,1.3694328353101133,0.8692449355432781,0.8790669122160835,7.409042550545662e-05,0.0007149946805600229,1.0,96,89,19,0,46.403095699999994
1,57,1.3318019117794784,0.8624923265807244,0.8790669122160835,7.321525044050768e-05,0.0007053677548455845,1.0,104,77,23,0,46.31638399999974
1,58,1.392106318298508,0.8422344996930632,0.8790669122160835,7.233175613480455e-05,0.0006956493174828499,1.0,107,74,23,0,46.22617809999974
1,59,1.3531874998235236,0.858195211786372,0.8790669122160835,7.144034609648774e-05,0.0006858438070613651,1.0,115,71,18,0,46.250653500000226
1,60,1.2978976247649567,0.8674033149171271,0.8790669122160835,7.054142744895883e-05,0.000675955701938547,1.0,91,89,24,0,46.4141697
1,61,1.3750811070203781,0.8833640270104358,0.8833640270104358,6.96354107449396e-05,0.0006659895181943355,1.0,97,81,26,0,46.58079080000016
1,62,1.30712136304846,0.861878453038674,0.8833640270104358,6.872270977896521e-05,0.0006559498075686172,1.0,109,73,22,0,46.30907079999997
1,63,1.264183280368646,0.8680171884591774,0.8833640270104358,6.780374139839645e-05,0.0006458411553823608,1.0,113,66,25,0,46.35951150000028
1,64,1.3384468191686798,0.8514426028238183,0.8833640270104358,6.687892531303792e-05,0.000635668178443417,1.0,102,82,20,0,46.24454109999988
1,65,1.4045584676604645,0.8624923265807244,0.8833640270104358,6.594868390344887e-05,0.0006254355229379375,1.0,111,79,14,0,46.2946723
1,66,1.2997579704604896,0.8674033149171271,0.8833640270104358,6.501344202803413e-05,0.0006151478623083752,1.0,112,77,15,0,46.42662169999994
1,67,1.2880062079604935,0.8821362799263351,0.8833640270104358,6.407362682900348e-05,0.0006048098951190381,1.0,101,86,17,0,46.43001929999991
1,68,1.2411893898365545,0.8839779005524862,0.8839779005524862,6.312966753728794e-05,0.0005944263429101672,1.0,112,65,27,0,46.54795520000016
1,69,1.2988241200937944,0.8772252915899325,0.8839779005524862,6.218199527650205e-05,0.0005840019480415224,1.0,98,87,19,0,46.179525999999896
1,70,1.305701541696109,0.8790669122160835,0.8839779005524862,6.123104286604181e-05,0.0005735414715264597,1.0,94,87,23,0,46.1707821
1,71,1.2987571637712272,0.8790669122160835,0.8839779005524862,6.027724462340806e-05,0.0005630496908574884,1.0,110,71,23,0,46.277020900000025
1,72,1.254587757528997,0.8864333947206875,0.8864333947206875,5.932103616584567e-05,0.0005525313978243021,1.0,112,72,20,0,46.55554600000005
1,73,1.3221173945303057,0.8809085328422345,0.8864333947206875,5.8362854211389084e-05,0.0005419913963252797,1.0,110,75,19,0,46.286375300000145
1,74,1.2842689152149593,0.8895027624309392,0.8895027624309392,5.7403136379405184e-05,0.0005314345001734568,1.0,103,83,18,0,46.607821400000375
1,75,1.232975168263211,0.8833640270104358,0.8895027624309392,5.6442320990724485e-05,0.0005208655308979692,1.0,101,74,29,0,46.28949519999969
1,76,1.1973689543265922,0.8833640270104358,0.8895027624309392,5.548084686745179e-05,0.0005102893155419695,1.0,93,81,30,0,46.35165929999994
1,77,1.2047102616405954,0.8766114180478821,0.8895027624309392,5.45191531325482e-05,0.0004997106844580301,1.0,105,75,24,0,46.31187039999986
1,78,1.2327391204296374,0.8870472682627378,0.8895027624309392,5.355767900927552e-05,0.0004891344691020306,1.0,94,92,18,0,46.298275399999966
1,79,1.2425031415095515,0.8901166359729895,0.8901166359729895,5.25968636205948e-05,0.00047856549982654265,1.0,111,75,18,0,46.44267860000036
1,80,1.2499797646613682,0.8937998772252916,0.8937998772252916,5.16371457886109e-05,0.00046800860367471976,1.0,106,85,13,0,46.57821989999957
1,81,1.285990672660809,0.8821362799263351,0.8937998772252916,5.067896383415432e-05,0.00045746860217569737,1.0,110,77,17,0,46.40762649999988
1,82,1.1897340367237728,0.8815224063842848,0.8937998772252916,4.972275537659191e-05,0.00044695030914251085,1.0,102,80,22,0,46.459931300000335
1,83,1.1502592138507788,0.8686310620012277,0.8937998772252916,4.8768957133958155e-05,0.0004364585284735396,1.0,97,82,25,0,46.14508230000001
1,84,1.2413071410036554,0.8815224063842848,0.8937998772252916,4.781800472349792e-05,0.000425998051958477,1.0,102,82,20,0,46.198192199999994
1,85,1.2574751523195529,0.8852056476365868,0.8937998772252916,4.687033246271204e-05,0.00041557365708983233,1.0,105,78,21,0,45.86689639999986
1,86,1.2035871314651825,0.8852056476365868,0.8937998772252916,4.5926373170996485e-05,0.0004051901048809612,1.0,100,85,19,0,45.71881119999989
1,87,1.2015578825684154,0.8882750153468385,0.8937998772252916,4.4986557971965844e-05,0.00039485213769162417,1.0,106,76,22,0,46.107592499999555
1,88,1.2011358625456399,0.8796807857581338,0.8937998772252916,4.4051316096551104e-05,0.000384564477062062,1.0,97,85,22,0,46.26469739999993
1,89,1.1971385140045017,0.8772252915899325,0.8937998772252916,4.3121074686962055e-05,0.00037433182155658247,1.0,96,85,23,0,46.15924100000029
1,90,1.2131166662655624,0.8882750153468385,0.8937998772252916,4.219625860160354e-05,0.00036415884461763875,1.0,96,92,16,0,46.1329252000005
1,91,1.177788862848983,0.8637200736648251,0.8937998772252916,4.1277290221034784e-05,0.0003540501924313825,1.0,106,79,19,0,46.21693789999972
1,92,1.1537944814738106,0.860036832412523,0.8937998772252916,4.036458925506037e-05,0.0003440104818056639,1.0,102,78,24,0,46.1518102
1,93,1.173333917616629,0.8870472682627378,0.8937998772252916,3.945857255104115e-05,0.00033404429806145245,1.0,104,79,21,0,46.278824399999394
1,94,1.2166893134514492,0.8766114180478821,0.8937998772252916,3.855965390351224e-05,0.00032415619293863434,1.0,117,75,12,0,46.29965650000031
1,95,1.2102601764833225,0.8729281767955801,0.8937998772252916,3.7668243865195425e-05,0.00031435068251714943,1.0,96,86,22,0,46.38168010000027
1,96,1.2247137130767691,0.8907305095150398,0.8937998772252916,3.6784749559492286e-05,0.00030463224515441494,1.0,111,76,17,0,46.318068499999754
1,97,1.1470170665313215,0.8827501534683855,0.8937998772252916,3.590957449454331e-05,0.00029500531943997625,1.0,89,95,20,0,46.33405479999965
1,98,1.1601635344764765,0.8845917740945365,0.8937998772252916,3.5043118378938396e-05,0.0002854743021683222,1.0,91,94,19,0,46.30411720000029
1,99,1.1798860925961943,0.8913443830570903,0.8937998772252916,3.4185776939162425e-05,0.0002760435463307865,1.0,108,81,15,0,46.44792400000006
1,100,1.2152960294601964,0.892572130141191,0.8937998772252916,3.3337941738859776e-05,0.00026671735912745735,1.0,100,90,14,0,46.26549239999986
1,101,1.1301020139864846,0.894413750767342,0.894413750767342,3.250000000000002e-05,0.00025749999999999997,1.0,103,75,26,0,46.51100399999996
1,102,1.1708142938567143,0.8913443830570903,0.894413750767342,3.167233442602638e-05,0.00024839567868628994,1.0,111,74,19,0,46.385960099999465
1,103,1.1889379998924685,0.8907305095150398,0.894413750767342,3.085532302706817e-05,0.00023940855329774959,1.0,105,87,12,0,46.244667500000105
1,104,1.1617042672108202,0.898096992019644,0.898096992019644,3.0049338947296482e-05,0.00023054272842026102,1.0,100,88,16,0,46.69188159999976
1,105,1.1727372425443985,0.8974831184775937,0.898096992019644,2.925475029450239e-05,0.00022180225323952598,1.0,110,80,14,0,46.34288050000032
1,106,1.153214388033923,0.8821362799263351,0.898096992019644,2.8471919971975328e-05,0.0002131911196917283,0.9777777777777777,100,87,17,0,46.30379439999979
1,107,1.1220601209822822,0.896255371393493,0.898096992019644,2.7701205512758522e-05,0.0002047132606403434,0.9555555555555556,94,85,25,0,46.27887670000018
1,108,1.1774257583653225,0.8907305095150398,0.898096992019644,2.694295891635701e-05,0.00019637254807992676,0.9333333333333333,102,80,22,0,46.51524889999928
1,109,1.1440985379557984,0.8864333947206875,0.898096992019644,2.6197526487972942e-05,0.00018817279136770201,0.9111111111111111,99,88,17,0,46.48547559999952
1,110,1.039018047560612,0.8931860036832413,0.898096992019644,2.5465248680341708e-05,0.0001801177354837584,0.8888888888888888,89,86,29,1,46.26812859999973
1,111,1.061760260778315,0.8913443830570903,0.898096992019644,2.4746459938240776e-05,0.0001722110593206482,0.8666666666666667,106,76,22,0,47.762813299999834
1,112,1.0720194617615026,0.8864333947206875,0.898096992019644,2.4041488545742688e-05,0.0001644563740031692,0.8444444444444444,99,80,25,0,48.18681370000013
1,113,1.075937382876873,0.8907305095150398,0.898096992019644,2.3350656476281635e-05,0.00015685722123909765,0.8222222222222222,109,79,16,0,54.952076300000044
1,114,1.0260220544010985,0.8901166359729895,0.898096992019644,2.2674279245602282e-05,0.0001494170717016248,0.8,105,72,27,0,55.53063170000041
1,115,1.0770167840525435,0.8852056476365868,0.898096992019644,2.2012665767657833e-05,0.0001421393234442359,0.7777777777777778,100,85,19,1,55.27258400000028
1,116,1.0784286992514835,0.8913443830570903,0.898096992019644,2.1366118213523428e-05,0.00013502730034875744,0.7555555555555555,121,66,17,0,55.37133480000011
1,117,1.079263278228395,0.8796807857581338,0.898096992019644,2.0734931873388976e-05,0.0001280842506072785,0.7333333333333334,98,78,28,0,53.37194720000025
1,118,1.0639591984012549,0.8931860036832413,0.898096992019644,2.011939502169467e-05,0.00012131334523864118,0.7111111111111111,97,97,10,0,53.24594350000007
1,119,1.058699474761299,0.8833640270104358,0.898096992019644,1.951978878547086e-05,0.00011471767664017929,0.6888888888888889,107,72,25,0,52.848717699999725
1,120,1.0618752114036505,0.8895027624309392,0.898096992019644,1.8936387015941968e-05,0.00010830025717536147,0.6666666666666667,107,78,19,0,53.10200200000054
1,121,1.0699765727508301,0.8919582565991406,0.898096992019644,1.836945616345369e-05,0.00010206401779799043,0.6444444444444444,107,81,16,0,53.313494199999695
1,122,0.9805446717084623,0.8882750153468385,0.898096992019644,1.7819255155780246e-05,9.601180671358257e-05,0.6222222222222222,100,81,23,0,53.44634320000023
1,123,0.9868635865403157,0.8864333947206875,0.898096992019644,1.728603527986719e-05,9.014638807853895e-05,0.6,94,87,23,0,55.861883900000066
1,124,1.0341405127854908,0.861878453038674,0.898096992019644,1.677004006706408e-05,8.447044073770475e-05,0.5777777777777777,105,80,19,0,53.27768930000002
1,125,0.9935005370016191,0.8937998772252916,0.898096992019644,1.6271505181899277e-05,7.89865570008919e-05,0.5555555555555556,94,95,15,0,53.183586600000126
1,126,0.9937058415483025,0.8858195211786372,0.898096992019644,1.5790658314447493e-05,7.36972414589223e-05,0.5333333333333333,99,90,15,0,53.39359810000042
1,127,0.9519035341998039,0.8821362799263351,0.898096992019644,1.53277190763396e-05,6.860490983973549e-05,0.5111111111111111,91,89,24,1,52.94053100000019
1,128,0.9831448377055281,0.894413750767342,0.898096992019644,1.488289890046198e-05,6.371188790508168e-05,0.48888888888888893,109,73,22,0,53.505709099999876
1,129,0.9880963319949075,0.8864333947206875,0.898096992019644,1.4456400944391149e-05,5.9020410388302545e-05,0.4666666666666667,108,82,14,0,53.0434092000005
1,130,0.9368951757456742,0.8919582565991406,0.898096992019644,1.4048419997608008e-05,5.4532619973688e-05,0.4444444444444444,104,77,23,0,53.282169899999644
1,131,0.9489218087172976,0.8858195211786372,0.898096992019644,1.365914239253388e-05,5.025056631787259e-05,0.4222222222222223,105,81,18,0,53.011103800000456
1,132,0.9416404351884243,0.8919582565991406,0.898096992019644,1.3288745919429031e-05,4.617620511371927e-05,0.4,115,74,15,0,53.49791129999994
1,133,0.9054661806599766,0.8888888888888888,0.898096992019644,1.2937399745192609e-05,4.231139719711862e-05,0.37777777777777777,103,74,27,0,53.32648180000069
1,134,0.9282009027460042,0.8888888888888888,0.898096992019644,1.2605264336101002e-05,3.8657907697110955e-05,0.3555555555555555,99,89,16,0,53.412492600000405
1,135,0.9357195965507451,0.8888888888888888,0.898096992019644,1.2292491384519915e-05,3.521740522971901e-05,0.33333333333333337,102,81,21,0,53.32974659999945
1,136,0.907026351666918,0.8931860036832413,0.898096992019644,1.1999223739623669e-05,3.19914611358603e-05,0.3111111111111111,93,94,17,0,53.47560590000012
1,137,0.9184308599662311,0.8931860036832413,0.898096992019644,1.1725595342153373e-05,2.8981548763687065e-05,0.28888888888888886,104,76,24,1,55.07089569999971
1,138,0.8788058192414396,0.8968692449355433,0.898096992019644,1.1471731163243681e-05,2.6189042795680468e-05,0.2666666666666667,97,85,22,0,53.64811940000072
1,139,0.8836395980096331,0.8950276243093923,0.898096992019644,1.1237747147346198e-05,2.361521862080816e-05,0.24444444444444446,96,97,11,0,53.034365499999694
1,140,0.8588869846334645,0.8901166359729895,0.898096992019644,1.102375015927552e-05,2.1261251752030713e-05,0.2222222222222222,101,87,16,0,53.271533799999816
1,141,0.8365573754497603,0.8931860036832413,0.898096992019644,1.082983793540206e-05,1.9128217289422658e-05,0.19999999999999996,104,85,15,0,53.183653900000536
1,142,0.8461160610119501,0.8901166359729895,0.898096992019644,1.0656099039014087e-05,1.721708942915494e-05,0.1777777777777778,100,79,25,0,53.07455479999953
1,143,0.8093258165845684,0.8919582565991406,0.898096992019644,1.0502612819869217e-05,1.5528741018561377e-05,0.15555555555555556,94,84,26,0,53.208908300000076
1,144,0.7895820123307845,0.898096992019644,0.898096992019644,1.0369449377953928e-05,1.40639431574932e-05,0.1333333333333333,106,80,18,0,52.98416850000012
1,145,0.8269234309886017,0.8937998772252916,0.898096992019644,1.0256669531467587e-05,1.2823364846143442e-05,0.11111111111111116,101,80,23,0,53.142986500000006
1,146,0.8005189302505231,0.8937998772252916,0.898096992019644,1.016432478904569e-05,1.180757267950257e-05,0.0888888888888889,99,82,23,0,53.28419289999965
1,147,0.7219318294642019,0.8987108655616943,0.8987108655616943,1.0092457326234866e-05,1.1017030588583514e-05,0.06666666666666665,104,76,24,0,53.805070700000215
1,148,0.6834078724769985,0.894413750767342,0.8987108655616943,1.0041099966230578e-05,1.045209962853635e-05,0.0444444444444444,97,94,13,0,53.635920599999736
1,149,0.7284144488912002,0.8919582565991406,0.8987108655616943,1.0010276164886146e-05,1.0113037813747594e-05,0.022222222222222254,96,86,22,0,53.483695900000384
