seed,comparison,n,dfag_accuracy,reference_accuracy,delta_accuracy_pp,bootstrap_replicates,bootstrap_seed,ci95_low_pp,ci95_high_pp,n10_dfag_correct_reference_wrong,n01_dfag_wrong_reference_correct,mcnemar_exact_two_sided_p,dfag_macro_f1,reference_macro_f1,delta_macro_f1,dfag_balanced_accuracy,reference_balanced_accuracy,delta_balanced_accuracy,prediction_disagreement_count,prediction_disagreement_rate,both_wrong_count,error_union_count,error_set_jaccard,diagnostic_type
45,dynamic_vs_mean_vector,18353,0.9785866070942081,0.9785866070942081,0.0,100000,20261350,0.0,0.0,0,0,1.0,0.981277737215454,0.981277737215454,0.0,0.9813624588277651,0.9813624588277651,0.0,0,0.0,393,393,1.0,COUNTERFACTUAL_INFERENCE_ONLY
45,dynamic_vs_mean_scalar,18353,0.9785866070942081,0.9783141720699613,0.027243502424678656,100000,20261351,0.0,0.054487004849343434,6,1,0.125,0.981277737215454,0.9811050772758928,0.00017265993956117054,0.9813624588277651,0.9812071694608242,0.00015528936694086948,7,0.00038140903394540403,392,399,0.9824561403508771,COUNTERFACTUAL_INFERENCE_ONLY
45,dynamic_vs_constant_0_5,18353,0.9785866070942081,0.978259685065112,0.03269220290961217,100000,20261352,0.005448700484934343,0.06538440581921212,7,1,0.0703125,0.981277737215454,0.9809926157415294,0.00028512147392456555,0.9813624588277651,0.9810812599472942,0.0002811988804708454,8,0.00043589603879474743,392,400,0.98,COUNTERFACTUAL_INFERENCE_ONLY
45,dynamic_vs_anchor_forced,18353,0.9785866070942081,0.9767340489293304,0.18525581648777267,100000,20261353,0.08173050727401515,0.2942298261864545,66,32,0.0007698826407272644,0.981277737215454,0.9798505964294751,0.001427140785978831,0.9813624588277651,0.9803310686857901,0.0010313901419749527,103,0.005612161499482373,361,459,0.7864923747276689,COUNTERFACTUAL_INFERENCE_ONLY
45,dynamic_vs_plastic_forced,18353,0.9785866070942081,0.9261156214242903,5.247098566991781,100000,20261354,4.903830436440909,5.59581539802757,1037,74,4.700678273426243e-218,0.981277737215454,0.929294178110135,0.05198355910531893,0.9813624588277651,0.9270979008318438,0.054264557995921225,1246,0.06789080804228191,319,1430,0.2230769230769231,COUNTERFACTUAL_INFERENCE_ONLY
46,dynamic_vs_mean_vector,18353,0.9789680161281534,0.9789680161281534,0.0,100000,20261360,-0.02179480193973737,0.02179480193973737,2,2,1.0,0.9813170235440795,0.981356650684647,-3.962714056748862e-05,0.9813172412424371,0.9813685995112924,-5.1358268855272726e-05,4,0.00021794801939737372,384,388,0.9896907216494846,COUNTERFACTUAL_INFERENCE_ONLY
46,dynamic_vs_mean_scalar,18353,0.9789680161281534,0.9785866070942081,0.038140903394534575,100000,20261361,0.005448700484934343,0.07628180678908081,9,2,0.0654296875,0.9813170235440795,0.981005534604593,0.000311488939486404,0.9813172412424371,0.9810003332915685,0.0003169079508685835,12,0.0006538440581921211,384,395,0.9721518987341772,COUNTERFACTUAL_INFERENCE_ONLY
46,dynamic_vs_constant_0_5,18353,0.9789680161281534,0.9786955811039068,0.027243502424667554,100000,20261362,-0.01634610145480303,0.07083310630414646,11,6,0.332305908203125,0.9813170235440795,0.9810127406465625,0.0003042828975169387,0.9813172412424371,0.9809988329353249,0.0003184083071122723,18,0.0009807660872881818,380,397,0.9571788413098237,COUNTERFACTUAL_INFERENCE_ONLY
46,dynamic_vs_anchor_forced,18353,0.9789680161281534,0.9769519969487277,0.2016019179425732,100000,20261363,0.07083310630414646,0.33237072958099495,92,55,0.002857420252791647,0.9813170235440795,0.9796537150305135,0.0016633085135659975,0.9813172412424371,0.9801439660364989,0.00117327520593824,155,0.008445485751648232,331,478,0.6924686192468619,COUNTERFACTUAL_INFERENCE_ONLY
46,dynamic_vs_plastic_forced,18353,0.9789680161281534,0.9562469351059772,2.272108102217618,100000,20261364,2.0269165803955755,2.522748324524601,482,65,1.0779442225690677e-79,0.9813170235440795,0.956661200386807,0.02465582315727244,0.9813172412424371,0.9575024879345387,0.023814753307898395,628,0.03421783904538767,321,868,0.36981566820276496,COUNTERFACTUAL_INFERENCE_ONLY
