best_accuracy,epoch,heldout_accuracy,loss,lr,stage
0.8796807857581338,0,0.8796807857581338,0.3220272907147221,5e-05,2
0.8796807857581338,1,0.8741559238796808,0.32130654492214616,4.996642360148706e-05,2
0.8796807857581338,2,0.8778391651319828,0.32011831449527367,4.98657864365227e-05,2
0.8833640270104358,3,0.8833640270104358,0.32065699234897016,4.9698364344580884e-05,2
0.8870472682627378,4,0.8870472682627378,0.31947817989424165,4.946461621797825e-05,2
0.8870472682627378,5,0.8858195211786372,0.3192500597706028,4.916518274408218e-05,2
0.8870472682627378,6,0.8827501534683855,0.3187432458587721,4.880088464923128e-05,2
0.8870472682627378,7,0.8833640270104358,0.31895934103750717,4.837272044918145e-05,2
0.8870472682627378,8,0.8858195211786372,0.3184774196615406,4.7881863712243726e-05,2
0.8870472682627378,9,0.8870472682627378,0.31795185263834747,4.7329659842615016e-05,2
0.8870472682627378,10,0.8864333947206875,0.3176266201863102,4.671762239271876e-05,2
0.8876611418047882,11,0.8876611418047882,0.3177439102939531,4.6047428914662896e-05,2
0.8876611418047882,12,0.8852056476365868,0.31655939390846327,4.532091636218622e-05,2
0.8907305095150398,13,0.8907305095150398,0.31609055414503695,4.4540076055695796e-05,2
0.8907305095150398,14,0.8907305095150398,0.3161918833559635,4.370704822419617e-05,2
0.8907305095150398,15,0.8882750153468385,0.31617023401400624,4.282411613907042e-05,2
0.8919582565991406,16,0.8919582565991406,0.3163483543138878,4.189369985579203e-05,2
0.8919582565991406,17,0.8858195211786372,0.31559961026205735,4.091834958072102e-05,2
0.8919582565991406,18,0.8852056476365868,0.31525638071345347,3.990073868116559e-05,2
0.892572130141191,19,0.892572130141191,0.3151937281968547,3.884365635786816e-05,2
0.8937998772252916,20,0.8937998772252916,0.31384791214676466,3.7749999999999996e-05,2
0.8937998772252916,21,0.8888888888888888,0.314306124022194,3.6622767243618894e-05,2
0.8937998772252916,22,0.8919582565991406,0.3142963587945583,3.546504775535711e-05,2
0.8937998772252916,23,0.8907305095150398,0.31461530953061345,3.4280014763859864e-05,2
0.8937998772252916,24,0.8901166359729895,0.313616506755352,3.307091636218621e-05,2
0.8937998772252916,25,0.8913443830570903,0.3148887611779512,3.184106660501176e-05,2
0.8937998772252916,26,0.8888888888888888,0.31356048788510116,3.05938364250351e-05,2
0.8937998772252916,27,0.8913443830570903,0.31410807385748507,2.9332644393485657e-05,2
0.8937998772252916,28,0.8901166359729895,0.31419044294778037,2.806094735005751e-05,2
0.8937998772252916,29,0.892572130141191,0.3137213473810869,2.678223092795212e-05,2
0.8937998772252916,30,0.8937998772252916,0.31318923100536944,2.5500000000000007e-05,2
0.8937998772252916,31,0.8913443830570903,0.3128502364544308,2.4217769072047883e-05,2
0.8937998772252916,32,0.8913443830570903,0.31332746688641755,2.2939052649942496e-05,2
0.8937998772252916,33,0.8913443830570903,0.3130900845223782,2.1667355606514346e-05,2
0.8937998772252916,34,0.8888888888888888,0.31306659035822926,2.0406163574964897e-05,2
0.894413750767342,35,0.894413750767342,0.312553312848596,1.915893339498825e-05,2
0.894413750767342,36,0.892572130141191,0.31314271045666114,1.7929083637813794e-05,2
0.894413750767342,37,0.8907305095150398,0.312486267703421,1.671998523614015e-05,2
0.894413750767342,38,0.8931860036832413,0.31221650876835283,1.5534952244642903e-05,2
0.894413750767342,39,0.8907305095150398,0.3122524801714748,1.4377232756381109e-05,2
0.894413750767342,40,0.8931860036832413,0.3127434297519572,1.3250000000000009e-05,2
0.894413750767342,41,0.8913443830570903,0.31228544592273,1.2156343642131847e-05,2
0.894413750767342,42,0.8919582565991406,0.3118565008044243,1.1099261318834413e-05,2
0.894413750767342,43,0.8919582565991406,0.3119156042150423,1.0081650419278988e-05,2
0.894413750767342,44,0.8913443830570903,0.3121887316890791,9.106300144207984e-06,2
0.894413750767342,45,0.8919582565991406,0.31190284414618624,8.17588386092959e-06,2
0.894413750767342,46,0.8901166359729895,0.31158994956343783,7.292951775803848e-06,2
0.894413750767342,47,0.8907305095150398,0.3121245896407202,6.459923944304215e-06,2
0.894413750767342,48,0.8907305095150398,0.3126595588583572,5.679083637813791e-06,2
0.894413750767342,49,0.8937998772252916,0.3122948730985324,4.952571085337114e-06,2
0.894413750767342,50,0.8937998772252916,0.31188808250076633,4.282377607281252e-06,2
0.894413750767342,51,0.8919582565991406,0.3119710818225262,3.6703401573849893e-06,2
0.894413750767342,52,0.8882750153468385,0.311810461183389,3.1181362877562766e-06,2
0.894413750767342,53,0.8937998772252916,0.31185197275058896,2.6272795508185578e-06,2
0.894413750767342,54,0.892572130141191,0.31189365904120836,2.199115350768739e-06,2
0.894413750767342,55,0.8919582565991406,0.31200280478771997,1.8348172559178267e-06,2
0.894413750767342,56,0.892572130141191,0.31223652570271027,1.535383782021761e-06,2
0.894413750767342,57,0.8919582565991406,0.31247464728121666,1.3016356554191274e-06,2
0.894413750767342,58,0.892572130141191,0.31183602646285413,1.1342135634773016e-06,2
0.894413750767342,59,0.8919582565991406,0.31158075671569974,1.033576398512941e-06,2
