scope,fold,metric,n,mean,std,median,min,max,p01,p05,p25,p75,p95,p99
fold,0,cosine_similarity,3671,0.9704812644048768,0.012217465749769334,0.9727810903922105,0.8584153269750201,0.9906835573631223,0.9264722031869638,0.9483047578725956,0.9656137322561071,0.9786131528802133,0.9843696934046724,0.9869316968864159
fold,0,cosine_distance,3671,0.029518735595123188,0.012217465749769334,0.0272189096077895,0.009316442636877698,0.1415846730249799,0.013068303113584102,0.015630306595327603,0.021386847119786667,0.03438626774389292,0.05169524212740445,0.07352779681303628
fold,1,cosine_similarity,3671,0.9424546139757942,0.03700752961999932,0.9544126051694162,0.7049536585485602,0.9836872429121943,0.8023477905401928,0.860951117961362,0.9333868095012059,0.9662558410669659,0.9757461829082915,0.9806452901434546
fold,1,cosine_distance,3671,0.05754538602420573,0.03700752961999932,0.04558739483058383,0.016312757087805663,0.2950463414514398,0.019354709856545405,0.024253817091708485,0.03374415893303401,0.06661319049879405,0.13904888203863797,0.19765220945980805
fold,2,cosine_similarity,3671,0.9496006825613101,0.018728664837203576,0.9534727462931876,0.7882672738478592,0.9806874706061746,0.8854925513553081,0.9156595203508284,0.9408801643178875,0.9627978026653917,0.9710359929396659,0.9754546610861327
fold,2,cosine_distance,3671,0.05039931743868994,0.018728664837203576,0.04652725370681243,0.01931252939382544,0.21173272615214078,0.0245453389138674,0.028964007060334085,0.03720219733460828,0.05911983568211249,0.08434047964917163,0.11450744864469195
fold,3,cosine_similarity,3670,0.9473754393287229,0.030142929246944707,0.9576384387566929,0.7667794502684104,0.9807258999132328,0.8470480494806247,0.8798984679147379,0.9368504836273985,0.9682099492966885,0.9760693785733565,0.9786549284219643
fold,3,cosine_distance,3670,0.05262456067127721,0.030142929246944707,0.042361561243307144,0.01927410008676722,0.23322054973158957,0.021345071578035706,0.023930621426643445,0.03179005070331148,0.06314951637260144,0.12010153208526209,0.15295195051937527
fold,4,cosine_similarity,3670,0.9571432132992113,0.013915759360458184,0.9596217124575565,0.842426804144274,0.9837152288180899,0.9127039447521387,0.9314532784523708,0.9504201785392029,0.9667246883654634,0.9745029981739762,0.9788730125696367
fold,4,cosine_distance,3670,0.042856786700788865,0.013915759360458184,0.04037828754244355,0.016284771181910074,0.15757319585572604,0.021126987430363304,0.025497001826023796,0.03327531163453659,0.04957982146079706,0.06854672154762917,0.08729605524786134
pooled_oof,ALL,cosine_similarity,18353,0.9534111682211371,0.02625864947889137,0.9601463874327856,0.7049536585485602,0.9906835573631223,0.8483013452711572,0.9022713466384171,0.9459874893781517,0.9695847190697109,0.9792516504518745,0.9843696038136421
pooled_oof,ALL,cosine_distance,18353,0.046588831778862846,0.026258649478891373,0.039853612567214425,0.009316442636877698,0.2950463414514398,0.015630396186357833,0.02074834954812559,0.030415280930289113,0.05401251062184831,0.09772865336158276,0.15169865472884267
