stage,epoch,train_loss,val_accuracy,best_val_accuracy,backbone_lr,head_lr,amp_overflow_batches,elapsed_seconds,lr
1,0,4.131644923790642,0.5728684282211931,0.5728684282211931,3.3333333333333335e-05,0.0003333333333333333,2,80.40408679999999,
1,1,2.828755708362745,0.7330427676382457,0.7330427676382457,6.666666666666667e-05,0.0006666666666666666,0,58.0780556,
1,2,2.5378295872522436,0.7423045491691637,0.7423045491691637,0.0001,0.001,0,57.76720979999999,
1,3,2.255850520341293,0.82239171887769,0.82239171887769,0.0001,0.001,0,57.62692759999999,
1,4,2.1096300472383915,0.845546172704985,0.845546172704985,9.998972383511386e-05,0.0009998869621862525,0,57.471802000000025,
1,5,1.9485929921917293,0.8855897575592482,0.8855897575592482,9.995890003376942e-05,0.0009995479003714637,0,57.73453429999995,
1,6,1.8937842353530552,0.88804140561155,0.88804140561155,9.990754267376513e-05,0.0009989829694114166,0,57.77559819999999,
1,7,1.8515000791653342,0.8992100245164806,0.8992100245164806,9.98356752109543e-05,0.0009981924273204975,0,57.77685450000001,
1,8,1.7935251088246056,0.9060201579950967,0.9060201579950967,9.97433304685324e-05,0.0009971766351538568,0,57.70517139999998,
1,9,1.7316585095032402,0.9182783982566058,0.9182783982566058,9.963055062204607e-05,0.000995936056842507,0,57.97350389999997,
1,10,1.7581301253774893,0.9125578861345682,0.9182783982566058,9.949738718013077e-05,0.0009944712589814388,0,57.53127749999999,
1,11,1.6340447910453961,0.9316262598746935,0.9316262598746935,9.93439009609859e-05,0.000992782910570845,0,58.0060696999999,
1,12,1.631518760971401,0.930536638518115,0.9316262598746935,9.917016206459792e-05,0.0009908717827105775,0,57.777517399999965,
1,13,1.592483603436014,0.9373467719967311,0.9373467719967311,9.897624984072445e-05,0.0009887387482479693,0,57.85303419999991,
1,14,1.563953401731408,0.9400708253881777,0.9400708253881777,9.876225285265377e-05,0.0009863847813791917,0,57.673146599999995,
1,15,1.4763108015060424,0.9496050122582402,0.9496050122582402,9.85282688367563e-05,0.0009838109572043194,0,57.579719299999965,
1,16,1.5405736376409944,0.9400708253881777,0.9496050122582402,9.827440465784661e-05,0.0009810184512363126,0,57.83030289999999,
1,17,1.521854314337606,0.9455189321710705,0.9496050122582402,9.80007762603763e-05,0.0009780085388641391,0,57.806235600000036,
1,18,1.4700868329276209,0.9441569054753474,0.9496050122582402,9.770750861548006e-05,0.0009747825947702805,0,58.05110500000001,
1,19,1.4837667690671008,0.9438845001362026,0.9496050122582402,9.739473566389898e-05,0.0009713420923028886,0,57.584791300000006,
1,20,1.4125150745329649,0.9422500681013348,0.9496050122582402,9.706260025480737e-05,0.0009676886028028809,0,57.697411500000044,
1,21,1.4337697425614233,0.9550531190411332,0.9550531190411332,9.671125408057094e-05,0.0009638237948862803,1,57.68041870000002,
1,22,1.4302710688632467,0.9539634976845546,0.9550531190411332,9.634085760746608e-05,0.000959749433682127,0,57.77146909999988,
1,23,1.4278407597023508,0.9572323617542904,0.9572323617542904,9.595158000239196e-05,0.0009554673800263115,0,58.02853419999997,
1,24,1.4346077110456383,0.9605012258240262,0.9605012258240262,9.554359905560882e-05,0.0009509795896116969,0,57.81869040000015,
1,25,1.4446965717751048,0.9512394442931081,0.9605012258240262,9.511710109953799e-05,0.0009462881120949178,0,57.36624569999981,
1,26,1.3929394157036492,0.9564151457368565,0.9605012258240262,9.467228092366037e-05,0.0009413950901602638,0,57.63350379999997,
1,27,1.4112761468990989,0.9566875510760011,0.9605012258240262,9.420934168555248e-05,0.0009363027585410771,0,57.395446799999945,
1,28,1.4506688167219577,0.9626804685371834,0.9626804685371834,9.372849481810069e-05,0.0009310134429991074,0,57.609605999999985,
1,29,1.347328449850497,0.952873876327976,0.9626804685371834,9.322995993293589e-05,0.0009255295592622946,0,57.471598300000096,
1,30,1.300161403676738,0.9588667937891583,0.9626804685371834,9.271396472013279e-05,0.0009198536119214605,0,57.28533079999988,
1,31,1.3393020987510682,0.9615908471806047,0.9626804685371834,9.218074484421972e-05,0.0009139881932864168,0,57.12049200000001,
1,32,1.322976556290751,0.9716698447289567,0.9716698447289567,9.163054383654627e-05,0.0009079359822020089,0,57.55020609999997,
1,33,1.3416651451069377,0.9667665486243531,0.9716698447289567,9.106361298405801e-05,0.000901699742824638,0,55.38654850000012,
1,34,1.291326372001482,0.9607736311631708,0.9716698447289567,9.04802112145291e-05,0.0008952823233598201,0,44.903344899999865,
1,35,1.3015436042910036,0.9607736311631708,0.9716698447289567,8.988060497830529e-05,0.0008886866547613582,0,44.81579090000014,
1,36,1.262738953984302,0.9667665486243531,0.9716698447289567,8.926506812661101e-05,0.0008819157493927211,0,44.6689523,
1,37,1.2950224224639975,0.962952873876328,0.9716698447289567,8.863388178647655e-05,0.000874972699651242,0,44.61804230000007,
1,38,1.2691211741903554,0.9667665486243531,0.9716698447289567,8.798733423234214e-05,0.0008678606765557635,0,44.72282989999985,
1,39,1.2965708009574723,0.9692181966766549,0.9716698447289567,8.732572075439772e-05,0.0008605829282983747,0,44.695816599999944,
1,40,1.29784008420032,0.9667665486243531,0.9716698447289567,8.664934352371835e-05,0.0008531427787609017,1,44.6531329999998,
1,41,1.2715925791989202,0.9662217379460637,0.9716698447289567,8.59585114542573e-05,0.0008455436259968303,0,44.666144799999984,
1,42,1.2729471927103788,0.9678561699809316,0.9716698447289567,8.525354006175922e-05,0.0008377889406793515,0,44.62659040000017,
1,43,1.2385874139226,0.9703078180332334,0.9716698447289567,8.453475131965828e-05,0.0008298822645162412,0,44.62997079999968,
1,44,1.2609932482242585,0.9681285753200762,0.9716698447289567,8.380247351202703e-05,0.0008218272086322974,0,44.6554543000002,
1,45,1.3028685168079708,0.9692181966766549,0.9716698447289567,8.305704108364296e-05,0.0008136274519200727,0,44.6408750999999,
1,46,1.2620499811742616,0.9667665486243531,0.9716698447289567,8.229879448724145e-05,0.000805286739359656,0,44.69103660000019,
1,47,1.2853437519591788,0.9591391991283029,0.9716698447289567,8.152808002802465e-05,0.0007968088803082711,0,44.65629499999977,
1,48,1.2460629167764083,0.9664941432852084,0.9716698447289567,8.074524970549759e-05,0.0007881977467604735,0,44.61412259999997,
1,49,1.2152168450148209,0.9719422500681013,0.9719422500681013,7.99506610527035e-05,0.0007794572715797384,0,44.72512460000007,
1,50,1.2522937352242678,0.9626804685371834,0.9719422500681013,7.914467697293179e-05,0.0007705914467022497,0,44.69761319999998,
1,51,1.277092566697494,0.9673113593026423,0.9719422500681013,7.832766557397359e-05,0.0007616043213137096,1,44.692873699999836,
1,52,1.2039367081030556,0.9716698447289567,0.9719422500681013,7.749999999999996e-05,0.0007524999999999996,0,44.07796409999992,
1,53,1.1976187726725702,0.9705802233723781,0.9719422500681013,7.666205826114018e-05,0.000743282640872542,0,43.299583600000005,
1,54,1.2041069958520971,0.9700354126940888,0.9719422500681013,7.581422306083754e-05,0.000733956453669213,0,43.31068030000006,
1,55,1.2334419234939245,0.9722146554072459,0.9722146554072459,7.495688162106156e-05,0.0007245256978316772,0,43.38169220000009,
1,56,1.208834080722021,0.9746663034595479,0.9746663034595479,7.409042550545662e-05,0.0007149946805600229,0,43.29779589999998,
1,57,1.1769601133854493,0.9711250340506674,0.9746663034595479,7.321525044050768e-05,0.0007053677548455845,0,43.3125657999999,
1,58,1.2138393096301867,0.9763007354944157,0.9763007354944157,7.233175613480455e-05,0.0006956493174828499,0,43.39402549999977,
1,59,1.2018557085939077,0.9694906020157995,0.9763007354944157,7.144034609648774e-05,0.0006858438070613651,0,43.31929319999972,
1,60,1.1738563068535017,0.9741214927812585,0.9763007354944157,7.054142744895883e-05,0.000675955701938547,0,43.271852299999864,
1,61,1.1990965048904005,0.97303187142468,0.9763007354944157,6.96354107449396e-05,0.0006659895181943355,0,43.282641199999944,
1,62,1.1961039661065391,0.9724870607463906,0.9763007354944157,6.872270977896521e-05,0.0006559498075686172,0,43.291470899999695,
1,63,1.1888240428074546,0.9694906020157995,0.9763007354944157,6.780374139839645e-05,0.0006458411553823608,0,43.208756099999846,
1,64,1.2107893701480783,0.9700354126940888,0.9763007354944157,6.687892531303792e-05,0.000635668178443417,1,43.33108029999994,
1,65,1.2286707690228587,0.9724870607463906,0.9763007354944157,6.594868390344887e-05,0.0006254355229379375,0,43.261175399999956,
1,66,1.1944652725820957,0.9738490874421138,0.9763007354944157,6.501344202803413e-05,0.0006151478623083752,0,43.31097540000019,
1,67,1.1723413639742395,0.9694906020157995,0.9763007354944157,6.407362682900348e-05,0.0006048098951190381,0,43.24492270000019,
1,68,1.16535095118958,0.9711250340506674,0.9763007354944157,6.312966753728794e-05,0.0005944263429101672,0,43.35327159999997,
1,69,1.1702080560767132,0.9689457913375102,0.9763007354944157,6.218199527650205e-05,0.0005840019480415224,0,43.35930700000017,
1,70,1.1705944640480954,0.9711250340506674,0.9763007354944157,6.123104286604181e-05,0.0005735414715264597,0,43.335842400000274,
1,71,1.1779186150302057,0.9735766821029692,0.9763007354944157,6.027724462340806e-05,0.0005630496908574884,0,43.2678820000001,
1,72,1.153422241884729,0.9743938981204031,0.9763007354944157,5.932103616584567e-05,0.0005525313978243021,0,43.38820200000009,
1,73,1.1920840882736703,0.9722146554072459,0.9763007354944157,5.8362854211389084e-05,0.0005419913963252797,0,43.25790980000011,
1,74,1.1651743264301964,0.9746663034595479,0.9763007354944157,5.7403136379405184e-05,0.0005314345001734568,0,43.27629960000013,
1,75,1.1239197352658148,0.9743938981204031,0.9763007354944157,5.6442320990724485e-05,0.0005208655308979692,0,43.23112869999977,
1,76,1.083218740121178,0.9741214927812585,0.9763007354944157,5.548084686745179e-05,0.0005102893155419695,1,43.217978799999855,
1,77,1.132411555233209,0.9741214927812585,0.9763007354944157,5.45191531325482e-05,0.0004997106844580301,0,43.25028079999993,
1,78,1.1323316152976908,0.9741214927812585,0.9763007354944157,5.355767900927552e-05,0.0004891344691020306,0,43.23734590000004,
1,79,1.1590817930905715,0.9700354126940888,0.9763007354944157,5.25968636205948e-05,0.00047856549982654265,0,43.30603399999973,
1,80,1.1521766732568326,0.9741214927812585,0.9763007354944157,5.16371457886109e-05,0.00046800860367471976,0,43.323658499999965,
1,81,1.180181281203809,0.9771179515118497,0.9771179515118497,5.067896383415432e-05,0.00045746860217569737,0,43.40261199999986,
1,82,1.0969219167595323,0.9763007354944157,0.9771179515118497,4.972275537659191e-05,0.00044695030914251085,0,43.21279149999964,
1,83,1.0898985525836116,0.9757559248161264,0.9771179515118497,4.8768957133958155e-05,0.0004364585284735396,0,43.28835749999962,
1,84,1.1332263055055039,0.97303187142468,0.9771179515118497,4.781800472349792e-05,0.000425998051958477,0,43.326837599999635,
1,85,1.1509751603655194,0.9752111141378371,0.9771179515118497,4.687033246271204e-05,0.00041557365708983233,0,43.37718020000011,
1,86,1.1149221004351326,0.9754835194769818,0.9771179515118497,4.5926373170996485e-05,0.0004051901048809612,1,43.23082290000002,
1,87,1.1081268751102946,0.9765731408335603,0.9771179515118497,4.4986557971965844e-05,0.00039485213769162417,0,43.213885299999674,
1,88,1.110908413969952,0.9738490874421138,0.9771179515118497,4.4051316096551104e-05,0.000384564477062062,0,43.39153080000051,
1,89,1.1046475467474564,0.9738490874421138,0.9771179515118497,4.3121074686962055e-05,0.00037433182155658247,0,43.29628500000035,
1,90,1.1037209247765334,0.9752111141378371,0.9771179515118497,4.219625860160354e-05,0.00036415884461763875,0,43.230880199999774,
1,91,1.1077283552159434,0.9749387087986925,0.9771179515118497,4.1277290221034784e-05,0.0003540501924313825,0,43.223048599999856,
1,92,1.081638571749563,0.9773903568509943,0.9773903568509943,4.036458925506037e-05,0.0003440104818056639,0,43.37595969999984,
1,93,1.0839630803336269,0.9773903568509943,0.9773903568509943,3.945857255104115e-05,0.00033404429806145245,0,43.290548599999966,
1,94,1.1416114687919616,0.9790247888858622,0.9790247888858622,3.855965390351224e-05,0.00032415619293863434,0,43.360876599999756,
1,95,1.0873065189174984,0.9773903568509943,0.9790247888858622,3.7668243865195425e-05,0.00031435068251714943,0,43.23962780000056,
1,96,1.128355477815089,0.9790247888858622,0.9790247888858622,3.6784749559492286e-05,0.00030463224515441494,1,43.33076329999949,
1,97,1.0664707634759987,0.9784799782075728,0.9790247888858622,3.590957449454331e-05,0.00029500531943997625,0,44.15490799999952,
1,98,1.0665509392385897,0.9765731408335603,0.9790247888858622,3.5043118378938396e-05,0.0002854743021683222,0,44.522207799999705,
1,99,1.1225331585044447,0.9779351675292836,0.9790247888858622,3.4185776939162425e-05,0.0002760435463307865,0,44.667382599999655,
1,100,1.0895759393339572,0.9782075728684282,0.9790247888858622,3.3337941738859776e-05,0.00026671735912745735,0,45.057645000000775,
1,101,1.0928541456875593,0.9754835194769818,0.9790247888858622,3.250000000000002e-05,0.00025749999999999997,0,58.293421399999716,
1,102,1.1080706210240074,0.9763007354944157,0.9790247888858622,3.167233442602638e-05,0.00024839567868628994,0,57.956059999999525,
1,103,1.0926739727673322,0.9776627621901389,0.9790247888858622,3.085532302706817e-05,0.00023940855329774959,0,57.654663600000276,
1,104,1.0687355861715648,0.9763007354944157,0.9790247888858622,3.0049338947296482e-05,0.00023054272842026102,0,57.44884290000027,
1,105,1.11999143867389,0.9757559248161264,0.9790247888858622,2.925475029450239e-05,0.00022180225323952598,0,57.87199359999977,
1,106,1.0875435544096905,0.9779351675292836,0.9790247888858622,2.8471919971975328e-05,0.0002131911196917283,1,57.9371215000001,
1,107,1.0619370535663937,0.9784799782075728,0.9790247888858622,2.7701205512758522e-05,0.0002047132606403434,0,57.72622390000015,
1,108,1.073726358750592,0.9771179515118497,0.9790247888858622,2.694295891635701e-05,0.00019637254807992676,0,57.429044800000156,
1,109,1.0614809203407038,0.9784799782075728,0.9790247888858622,2.6197526487972942e-05,0.00018817279136770201,0,57.520509400000265,
1,110,0.9926935720702876,0.976028330155271,0.9790247888858622,2.5465248680341708e-05,0.0001801177354837584,0,57.58820039999955,
1,111,1.0512998728648475,0.976845546172705,0.9790247888858622,2.4746459938240776e-05,0.0001722110593206482,0,57.36874010000065,
1,112,1.0432574246240698,0.9798420049032961,0.9798420049032961,2.4041488545742688e-05,0.0001644563740031692,0,57.879937300000165,
1,113,1.0568483249000882,0.9765731408335603,0.9798420049032961,2.3350656476281635e-05,0.00015685722123909765,2,57.77070559999993,
1,114,0.9988800942897796,0.9779351675292836,0.9798420049032961,2.2674279245602282e-05,0.0001494170717016248,0,57.48014390000026,
1,115,1.015549360410027,0.9776627621901389,0.9798420049032961,2.2012665767657833e-05,0.0001421393234442359,0,57.56430670000009,
1,116,1.0687127726233523,0.9776627621901389,0.9798420049032961,2.1366118213523428e-05,0.00013502730034875744,0,57.825550399999884,
1,117,1.0398556170256241,0.9773903568509943,0.9798420049032961,2.0734931873388976e-05,0.0001280842506072785,0,57.393649199999345,
1,118,1.0215907156467439,0.9790247888858622,0.9798420049032961,2.011939502169467e-05,0.00012131334523864118,0,57.58572530000038,
1,119,1.03129472343818,0.9776627621901389,0.9798420049032961,1.951978878547086e-05,0.00011471767664017929,0,57.552718099999765,
1,120,1.0346945909054384,0.9787523835467176,0.9798420049032961,1.8936387015941968e-05,0.00010830025717536147,0,57.79143130000011,
1,121,1.0309232694947201,0.9784799782075728,0.9798420049032961,1.836945616345369e-05,0.00010206401779799043,0,57.267790999999306,
1,122,0.973421313451684,0.9782075728684282,0.9798420049032961,1.7819255155780246e-05,9.601180671358257e-05,0,57.327792000000045,
1,123,0.9665390267320301,0.9787523835467176,0.9798420049032961,1.728603527986719e-05,9.014638807853895e-05,0,57.65734220000013,
1,124,1.0034006740735926,0.9798420049032961,0.9798420049032961,1.677004006706408e-05,8.447044073770475e-05,0,57.49244639999961,
1,125,0.9603930250458096,0.9795695995641515,0.9798420049032961,1.6271505181899277e-05,7.89865570008919e-05,0,57.87566719999995,
1,126,0.9714816527522129,0.9787523835467176,0.9798420049032961,1.5790658314447493e-05,7.36972414589223e-05,0,57.729175999999825,
1,127,0.928539753737657,0.9784799782075728,0.9798420049032961,1.53277190763396e-05,6.860490983973549e-05,0,57.66743849999966,
1,128,0.9497338006029958,0.9784799782075728,0.9798420049032961,1.488289890046198e-05,6.371188790508168e-05,0,57.48672280000028,
1,129,0.9715745662865432,0.9779351675292836,0.9798420049032961,1.4456400944391149e-05,5.9020410388302545e-05,0,57.3746871000003,
1,130,0.9433045120342918,0.9792971942250068,0.9798420049032961,1.4048419997608008e-05,5.4532619973688e-05,0,57.42341729999953,
1,131,0.9269641566535701,0.9784799782075728,0.9798420049032961,1.365914239253388e-05,5.025056631787259e-05,0,57.58159930000056,
1,132,0.9309669481671374,0.9773903568509943,0.9798420049032961,1.3288745919429031e-05,4.617620511371927e-05,1,57.56782780000049,
1,133,0.8873050750597663,0.9790247888858622,0.9798420049032961,1.2937399745192609e-05,4.231139719711862e-05,0,57.795511299999816,
1,134,0.9272476376398749,0.9776627621901389,0.9798420049032961,1.2605264336101002e-05,3.8657907697110955e-05,0,57.53210030000082,
1,135,0.921848926336869,0.9773903568509943,0.9798420049032961,1.2292491384519915e-05,3.521740522971901e-05,0,57.32755499999985,
1,136,0.8959376834009005,0.9790247888858622,0.9798420049032961,1.1999223739623669e-05,3.19914611358603e-05,0,57.81885340000008,
1,137,0.9265351338231045,0.9790247888858622,0.9798420049032961,1.1725595342153373e-05,2.8981548763687065e-05,0,57.611047499999586,
1,138,0.8804814875125885,0.9771179515118497,0.9798420049032961,1.1471731163243681e-05,2.6189042795680468e-05,0,57.262109400000554,
1,139,0.855550960354183,0.9776627621901389,0.9798420049032961,1.1237747147346198e-05,2.361521862080816e-05,0,57.43349049999961,
1,140,0.8672351414742677,0.9782075728684282,0.9798420049032961,1.102375015927552e-05,2.1261251752030713e-05,0,57.6987766000002,
1,141,0.8556136367113694,0.9771179515118497,0.9798420049032961,1.082983793540206e-05,1.9128217289422658e-05,0,57.363164599999436,
1,142,0.8524165297332017,0.9776627621901389,0.9798420049032961,1.0656099039014087e-05,1.721708942915494e-05,0,57.581432300000415,
1,143,0.8189208208218864,0.9771179515118497,0.9798420049032961,1.0502612819869217e-05,1.5528741018561377e-05,0,57.6602625000005,
1,144,0.8459916692713033,0.9773903568509943,0.9798420049032961,1.0369449377953928e-05,1.40639431574932e-05,0,57.99329020000005,
1,145,0.8466368217831073,0.9773903568509943,0.9798420049032961,1.0256669531467587e-05,1.2823364846143442e-05,0,57.873878100000184,
1,146,0.8158772986868154,0.9771179515118497,0.9798420049032961,1.016432478904569e-05,1.180757267950257e-05,0,57.649338300000636,
1,147,0.7511231760615887,0.9773903568509943,0.9798420049032961,1.0092457326234866e-05,1.1017030588583514e-05,0,57.67031059999954,
1,148,0.7142954857453055,0.9782075728684282,0.9798420049032961,1.0041099966230578e-05,1.045209962853635e-05,0,57.60083880000002,
1,149,0.7643905488045319,0.9773903568509943,0.9798420049032961,1.0010276164886146e-05,1.0113037813747594e-05,0,57.938347899999826,
2,0,0.34259751607542455,0.9667665486243531,0.9667665486243531,,,0,67.38950690000001,5e-05
2,1,0.34956585376159005,0.9719422500681013,0.9719422500681013,,,0,57.44006499999978,4.996642360148706e-05
2,2,0.3448840601288754,0.9673113593026423,0.9719422500681013,,,0,57.35421380000025,4.98657864365227e-05
2,3,0.3418832548286604,0.9727594660855353,0.9727594660855353,,,0,57.87939660000029,4.9698364344580884e-05
2,4,0.34171461074248605,0.9705802233723781,0.9727594660855353,,,0,57.69393190000028,4.946461621797825e-05
2,5,0.340291059276332,0.9784799782075728,0.9784799782075728,,,0,57.54598350000015,4.916518274408218e-05
2,6,0.3373448925173801,0.9735766821029692,0.9784799782075728,,,0,57.69124439999996,4.880088464923128e-05
2,7,0.3397599432779395,0.9686733859983656,0.9784799782075728,,,0,57.42126940000071,4.837272044918145e-05
2,8,0.3393711196339649,0.9708526287115228,0.9784799782075728,,,0,57.120027500001015,4.7881863712243726e-05
2,9,0.3394884439914123,0.9703078180332334,0.9784799782075728,,,0,57.361797300000035,4.7329659842615016e-05
2,10,0.33879288655260337,0.9741214927812585,0.9784799782075728,,,0,57.4327873000002,4.671762239271876e-05
2,11,0.33659026687559873,0.9727594660855353,0.9784799782075728,,,3,57.49161670000103,4.6047428914662896e-05
2,12,0.3398440060408219,0.9741214927812585,0.9784799782075728,,,0,51.832239800000025,4.532091636218622e-05
2,13,0.33530792270017706,0.9724870607463906,0.9784799782075728,,,0,43.645129700000325,4.4540076055695796e-05
2,14,0.33772826985172605,0.9735766821029692,0.9784799782075728,,,0,43.72490309999921,4.370704822419617e-05
2,15,0.33306551497915515,0.9722146554072459,0.9784799782075728,,,0,43.96334070000012,4.282411613907043e-05
2,16,0.3389083179442779,0.9746663034595479,0.9784799782075728,,,0,43.62378820000049,4.189369985579204e-05
2,17,0.33385112389274263,0.9757559248161264,0.9784799782075728,,,1,43.679915199998504,4.091834958072103e-05
2,18,0.3337199821420338,0.9738490874421138,0.9784799782075728,,,0,43.650894000000335,3.99007386811656e-05
2,19,0.3323852720467941,0.9724870607463906,0.9784799782075728,,,0,43.64703030000055,3.884365635786817e-05
2,20,0.3339324669993442,0.9754835194769818,0.9784799782075728,,,0,43.71394099999998,3.775e-05
2,21,0.32972760822462,0.9722146554072459,0.9784799782075728,,,0,43.63150549999955,3.66227672436189e-05
2,22,0.3316886269527933,0.9757559248161264,0.9784799782075728,,,0,43.60061630000018,3.5465047755357117e-05
2,23,0.33215114603871887,0.9752111141378371,0.9784799782075728,,,0,44.07126210000024,3.428001476385987e-05
2,24,0.33078409848005874,0.9763007354944157,0.9784799782075728,,,0,44.090189599999576,3.307091636218622e-05
2,25,0.3309387372887653,0.9743938981204031,0.9784799782075728,,,0,44.07903900000019,3.1841066605011764e-05
2,26,0.3299520589735197,0.9722146554072459,0.9784799782075728,,,0,44.0965784,3.0593836425035106e-05
2,27,0.32848329906878265,0.97303187142468,0.9784799782075728,,,0,44.01604380000026,2.9332644393485664e-05
2,28,0.329446737403455,0.9746663034595479,0.9784799782075728,,,0,43.51459860000068,2.8060947350057517e-05
2,29,0.32784586082334105,0.9754835194769818,0.9784799782075728,,,0,43.572687800000494,2.6782230927952127e-05
2,30,0.32854761481285094,0.9749387087986925,0.9784799782075728,,,0,43.57093720000012,2.5500000000000013e-05
2,31,0.32778339619221897,0.9705802233723781,0.9784799782075728,,,0,43.485600899999554,2.421776907204789e-05
2,32,0.32959560713042385,0.9765731408335603,0.9784799782075728,,,0,43.56705519999923,2.2939052649942503e-05
2,33,0.3291186151297196,0.9752111141378371,0.9784799782075728,,,0,43.49900780000098,2.1667355606514353e-05
2,34,0.32747765649919924,0.9754835194769818,0.9784799782075728,,,0,43.77598840000064,2.0406163574964904e-05
2,35,0.3280200385529062,0.976028330155271,0.9784799782075728,,,0,44.03157590000046,1.9158933394988252e-05
2,36,0.32750213301700093,0.976028330155271,0.9784799782075728,,,0,44.15392420000171,1.7929083637813798e-05
2,37,0.3266557969476866,0.9763007354944157,0.9784799782075728,,,0,44.26273179999953,1.671998523614015e-05
2,38,0.3259155071300009,0.9754835194769818,0.9784799782075728,,,0,44.34408340000118,1.55349522446429e-05
2,39,0.3265476404324822,0.9757559248161264,0.9784799782075728,,,0,44.12514039999951,1.4377232756381109e-05
2,40,0.32567182520161503,0.9752111141378371,0.9784799782075728,,,0,43.9978689999989,1.3250000000000009e-05
2,41,0.3261377963035003,0.9738490874421138,0.9784799782075728,,,0,44.11545589999878,1.2156343642131847e-05
2,42,0.32663723035998965,0.9754835194769818,0.9784799782075728,,,0,44.01232060000075,1.1099261318834413e-05
2,43,0.3252999864194704,0.9754835194769818,0.9784799782075728,,,0,44.13553719999982,1.0081650419278988e-05
2,44,0.3253011457298113,0.9765731408335603,0.9784799782075728,,,0,44.151941899999656,9.106300144207984e-06
2,45,0.32546993753184444,0.976845546172705,0.9784799782075728,,,0,44.08587970000008,8.17588386092959e-06
2,46,0.32534300944079525,0.9765731408335603,0.9784799782075728,,,0,43.98224359999949,7.292951775803846e-06
2,47,0.32483024039994113,0.976028330155271,0.9784799782075728,,,0,44.13137429999915,6.459923944304215e-06
2,48,0.32495152509730796,0.9771179515118497,0.9784799782075728,,,1,44.1209590999988,5.679083637813791e-06
2,49,0.32506872791311014,0.976845546172705,0.9784799782075728,,,0,44.08959010000035,4.952571085337114e-06
2,50,0.3253736742164778,0.9771179515118497,0.9784799782075728,,,0,43.96715079999922,4.282377607281252e-06
2,51,0.32539866799893585,0.9763007354944157,0.9784799782075728,,,0,44.08326599999964,3.6703401573849893e-06
2,52,0.32443853163200875,0.9763007354944157,0.9784799782075728,,,0,43.58135120000043,3.1181362877562766e-06
2,53,0.3245169853386672,0.9763007354944157,0.9784799782075728,,,0,43.61749530000088,2.6272795508185578e-06
2,54,0.324911453542502,0.9765731408335603,0.9784799782075728,,,0,43.58484150000004,2.199115350768739e-06
2,55,0.3244519066551457,0.9757559248161264,0.9784799782075728,,,0,43.625862300001245,1.8348172559178267e-06
2,56,0.32471196988354556,0.9763007354944157,0.9784799782075728,,,0,43.530393099999856,1.535383782021761e-06
2,57,0.3240541614916014,0.9765731408335603,0.9784799782075728,,,0,43.66484390000005,1.3016356554191274e-06
2,58,0.3244549711113391,0.9771179515118497,0.9784799782075728,,,0,43.629192200000034,1.1342135634773016e-06
2,59,0.324077045528785,0.9765731408335603,0.9784799782075728,,,0,43.65659869999945,1.033576398512941e-06
