variant,fold,transition,metric,n,mean,std,median,p05,p25,p75,p95
#1,0,f1-f2,raw_change,3671,2.4862666015098207,0.321978383601485,2.4285071029274903,2.1075184820201938,2.27881357183072,2.625055568179146,3.0688301145687147
#1,0,f1-f2,normalized_change,3671,0.24821453719348774,0.01797511047226982,0.24655709853219823,0.2231501488654522,0.23560724484392814,0.2581612300752431,0.28133620419717253
#1,0,f1-f2,adjacent_cosine_distance,3671,0.030710488972998173,0.004485824078884785,0.03025041939816142,0.024846470804269605,0.027551666482767745,0.03289468130848755,0.03909301769774287
#1,0,f2-f3,raw_change,3671,2.8781062476470316,0.4131461300028146,2.7926138108262832,2.3822333180028914,2.6318426490795197,3.014018118769374,3.6801705625097005
#1,0,f2-f3,normalized_change,3671,0.2862286064616176,0.026265948732229667,0.2827576471510691,0.2503587092918829,0.2679877190877381,0.3007044222951455,0.3294149054664332
#1,0,f2-f3,adjacent_cosine_distance,3671,0.041157493183979425,0.007962784647122738,0.03986487579344955,0.031235161895573293,0.03577335921025443,0.04515470369708441,0.05398538416373205
#1,0,f3-f4,raw_change,3671,3.5854131998530683,0.5821281114302588,3.487755931869447,2.8875182063306015,3.2044675525494486,3.813797627709712,4.637665501182218
#1,0,f3-f4,normalized_change,3671,0.3558219208380557,0.03703864282092748,0.35162104064476635,0.30344463036069835,0.3302576478799776,0.3759191346671654,0.41905178695089734
#1,0,f3-f4,adjacent_cosine_distance,3671,0.06487491175632677,0.014439953835750958,0.06262190062154604,0.046059351041903174,0.054906561896651884,0.07211453881399543,0.089360813732831
#1,0,f4-f5,raw_change,3671,5.779015456354672,1.3197559081377874,5.4568985282506635,4.380934657601105,4.944715358490495,6.226699230421919,8.124846425681618
#1,0,f4-f5,normalized_change,3671,0.5819792997336467,0.08816477852093772,0.567785369065675,0.47215952349121953,0.5219509884550004,0.6250251673423428,0.7384186005135038
#1,0,f4-f5,adjacent_cosine_distance,3671,0.17920465036969832,0.05560828306015953,0.16643965473798894,0.11437613249000317,0.14116256415646788,0.2043328926260815,0.28705118659435785
#2,0,f1-f2,raw_change,3671,12.414301804735421,2.675680669190659,12.163314843272307,8.254041144252174,10.383692745560694,14.191382657247086,17.106528343486474
#2,0,f1-f2,normalized_change,3671,0.7745174076731686,0.039097969193912174,0.7698731021099289,0.7154634093240876,0.7472298108985844,0.8012908595069969,0.842628139973683
#2,0,f1-f2,adjacent_cosine_distance,3671,0.28168513448970606,0.05734495198373955,0.2673233835239165,0.21259135506417987,0.24393569210133054,0.3048903051754128,0.39510412585832205
#2,0,f2-f3,raw_change,3671,5.808551326542801,1.395608738675845,5.369592899628722,4.2018027195838465,4.764866006449999,6.592797316494128,8.494374426285258
#2,0,f2-f3,normalized_change,3671,0.9674805806039256,0.08338444475546881,0.9438736702120429,0.8648526016523796,0.9100956636657782,1.011398471167067,1.1227578934262838
#2,0,f2-f3,adjacent_cosine_distance,3671,0.6519755337233236,0.12612928547224153,0.6286893609750404,0.4811801456640301,0.5521192115752154,0.744334012105888,0.8779002240035398
#2,0,f3-f4,raw_change,3671,3.6972502798126254,1.0980042560711076,3.4434458498570377,2.4221798225333053,2.922864004447442,4.186184152599351,5.716619410166683
#2,0,f3-f4,normalized_change,3671,1.0530431641744973,0.15718735170351045,1.0489834230134043,0.7985062104335379,0.9278092693294019,1.182718536012973,1.2970698026392382
#2,0,f3-f4,adjacent_cosine_distance,3671,0.69469299149265,0.21853249637343364,0.6848026063538042,0.37285057108787106,0.4999462025989934,0.8894365376308984,1.0485822356820922
#2,0,f4-f5,raw_change,3671,3.3801027734283497,1.1963117340010516,3.0357490919632277,1.8675582434686655,2.393161460847129,4.320947360185224,5.552455432337572
#2,0,f4-f5,normalized_change,3671,1.2268865687906922,0.29611888831222927,1.1682283777981213,0.8257854528846267,1.0278936308670765,1.3585134191327117,1.8630245881791208
#2,0,f4-f5,adjacent_cosine_distance,3671,0.8421760357006984,0.2996619400098104,0.7985353123730567,0.38511721723979336,0.6270624113535492,1.0491297661790702,1.363673683917578
#1,1,f1-f2,raw_change,3671,2.439153505905849,0.3137799639627126,2.4014452726943203,1.9393166461719487,2.246808641147977,2.585409149097014,3.0693605703984232
#1,1,f1-f2,normalized_change,3671,0.260328923588813,0.01603323546154836,0.2590948776698362,0.23601269749325143,0.24827514649078636,0.27148713326456186,0.2871335716896316
#1,1,f1-f2,adjacent_cosine_distance,3671,0.033158603149221984,0.004098511563815864,0.03290790108309272,0.02701948983105268,0.030151513959592924,0.03603360974432268,0.04018704558233316
#1,1,f2-f3,raw_change,3671,2.80049979107902,0.3366135509160306,2.7393711039223994,2.3488376861261777,2.593770657873416,2.9345077245531312,3.457181341928553
#1,1,f2-f3,normalized_change,3671,0.29441336755848635,0.019499491033546944,0.2917459699325458,0.264447106712115,0.28134494192165116,0.3069899132824373,0.32851377247690994
#1,1,f2-f3,adjacent_cosine_distance,3671,0.042951532734694875,0.005850768219979582,0.04197559684830976,0.0347037670851697,0.03895354264827794,0.04655388706883801,0.053346808927412614
#1,1,f3-f4,raw_change,3671,3.5176896854637425,0.5216889397049558,3.400223355809103,2.924900366840033,3.1536885405923307,3.727068444597557,4.560559930447303
#1,1,f3-f4,normalized_change,3671,0.3660907541956028,0.03490262193460891,0.3650262560816866,0.31042030591806336,0.34243524183678115,0.3875498351957445,0.4265151050221455
#1,1,f3-f4,adjacent_cosine_distance,3671,0.06820856941075384,0.013527780262878743,0.06702536540086579,0.04796185942220477,0.05870917972658496,0.07576582567456253,0.09206538040437828
#1,1,f4-f5,raw_change,3671,5.482805955135586,1.2909504609189342,5.155783744035406,4.103706415221314,4.680753289776616,5.888681045451898,8.022192238131293
#1,1,f4-f5,normalized_change,3671,0.5739410764674996,0.09078956875609402,0.5549578384965577,0.464702899490833,0.5133480148850784,0.6124350019511086,0.7554176400323669
#1,1,f4-f5,adjacent_cosine_distance,3671,0.17305745351187263,0.05748955856832011,0.15811106957855547,0.11140561161217727,0.13532737945580187,0.19463257333757333,0.29321497803029484
#2,1,f1-f2,raw_change,3671,12.425261217509057,2.494530693822258,12.285556711705006,8.575565599096535,10.556325211858345,14.058675902843712,16.90540105645261
#2,1,f1-f2,normalized_change,3671,0.7814362364276264,0.03750485361963674,0.7816441324352165,0.7181995059151902,0.7566658256523185,0.8065283234536287,0.8426683936213645
#2,1,f1-f2,adjacent_cosine_distance,3671,0.2877095676469439,0.055981532419463624,0.2702686573089045,0.22375706504026532,0.24746435396986194,0.31691092899519363,0.3974912131245108
#2,1,f2-f3,raw_change,3671,5.789896328410069,1.5542447330542841,5.341834439451115,4.097190653206465,4.625373486905772,6.524114807144191,9.295717220169857
#2,1,f2-f3,normalized_change,3671,0.9875510907973366,0.09014518504410153,0.9705711766430314,0.8758353709272387,0.9221032602131334,1.0297956348498598,1.1824577735664916
#2,1,f2-f3,adjacent_cosine_distance,3671,0.6844935438552937,0.1309715515082843,0.6633461178913216,0.5045925872821304,0.5794639012884384,0.7750499436137505,0.9297799780153491
#2,1,f3-f4,raw_change,3671,3.3904278215578203,1.2527109717455787,2.9357318673166275,2.2551675819294523,2.563399300067207,3.7592854188034837,6.103834955800894
#2,1,f3-f4,normalized_change,3671,0.9855477768344589,0.16807682652903824,0.984884480509452,0.7331718818206236,0.8500080556992443,1.0999695346024785,1.2745684797987025
#2,1,f3-f4,adjacent_cosine_distance,3671,0.6136626364872763,0.23159993597181244,0.5861156107018067,0.29994666494788724,0.41162652165740643,0.8015560408456578,1.0161739316926142
#2,1,f4-f5,raw_change,3671,3.290622893544186,1.1403537123989946,2.9562094056576806,1.862618622837422,2.4708747027529907,4.142346925827226,5.34429867844796
#2,1,f4-f5,normalized_change,3671,1.2423593842691287,0.3027396136364373,1.1923114741273917,0.8276902496005697,1.0367560714185096,1.3477492516028082,1.9070723436584565
#2,1,f4-f5,adjacent_cosine_distance,3671,0.9439006039726758,0.33063483679093714,0.9608234097893978,0.398893281194997,0.6838638701090801,1.188635993295461,1.475700794400939
#1,2,f1-f2,raw_change,3671,2.493669561813082,0.28863310486273014,2.4806871873003775,2.073222332288002,2.291807931713423,2.6425208264705216,2.9922590746344015
#1,2,f1-f2,normalized_change,3671,0.2639786378332064,0.017378926571670446,0.2619745304949809,0.23931959841581013,0.2514529424579659,0.27527080987110675,0.2955578698818335
#1,2,f1-f2,adjacent_cosine_distance,3671,0.034317095311156925,0.004647229067687724,0.03375043921520937,0.028106375810567796,0.03080869869366687,0.037239833307412096,0.04251557574967113
#1,2,f2-f3,raw_change,3671,2.831637287102101,0.321947606066804,2.789411714645711,2.4134308787150873,2.6099211347724114,2.983400986428216,3.423929604871743
#1,2,f2-f3,normalized_change,3671,0.2964566417399323,0.023283774041348137,0.2954795882243545,0.2636999605747502,0.27761637816929385,0.30939997470594216,0.34030058722252404
#1,2,f2-f3,adjacent_cosine_distance,3671,0.043778115491569694,0.00713432032431039,0.0431885851712297,0.03439920825199683,0.03823432823352363,0.04731845548766456,0.05750608384397221
#1,2,f3-f4,raw_change,3671,3.5098841029120207,0.444294187546369,3.4050799406332026,2.961505245906541,3.2074335035482617,3.7469999713078206,4.336996643630363
#1,2,f3-f4,normalized_change,3671,0.3650118025668659,0.03417721407808005,0.3631684622507672,0.31366217764950105,0.3413247429576327,0.38522894172008826,0.4243621036566996
#1,2,f3-f4,adjacent_cosine_distance,3671,0.06775134089687603,0.01328392658407393,0.06617449947205756,0.04879758439429721,0.05853514206227517,0.07479045178812616,0.09096858959508969
#1,2,f4-f5,raw_change,3671,5.703869224101922,1.0777727218975588,5.563908012328831,4.255960586864694,5.097108366027019,6.146409992367746,7.540386233973452
#1,2,f4-f5,normalized_change,3671,0.5974919256156068,0.07678364535157123,0.5889341475802933,0.48787939551250253,0.5490919625357801,0.6405739356992097,0.7262617731876293
#1,2,f4-f5,adjacent_cosine_distance,3671,0.18808040246037583,0.04981760885382035,0.18085008367782596,0.12234893500696925,0.15570460769131295,0.21633977335734683,0.27561305191042124
#2,2,f1-f2,raw_change,3671,12.328942766889744,2.5095983101026995,12.127666098437544,8.512665975102717,10.501299389695834,13.910097112284838,16.789893967339516
#2,2,f1-f2,normalized_change,3671,0.7745703186901133,0.03818103989539927,0.7735935692682726,0.7159590547510513,0.7490189854309233,0.7993850080344657,0.8359685914187064
#2,2,f1-f2,adjacent_cosine_distance,3671,0.281077016028944,0.058710278828482225,0.265167988843807,0.2207686565569586,0.24248860857345744,0.300713833143992,0.39949624689171276
#2,2,f2-f3,raw_change,3671,5.814969438274445,1.4656746225174975,5.423709780281698,4.102169298889093,4.741954241242354,6.598069806793054,8.747025953118637
#2,2,f2-f3,normalized_change,3671,0.9682262085815387,0.08285642717462668,0.9487078449852931,0.8688767372903308,0.9032733956926573,1.0200710520364908,1.1283539443092003
#2,2,f2-f3,adjacent_cosine_distance,3671,0.6570626654221668,0.13185105048541237,0.6351748561571913,0.48362566137513485,0.5500927879607802,0.757063120083827,0.8891849562737719
#2,2,f3-f4,raw_change,3671,3.466692950233739,1.0878637548517396,3.0947214679947646,2.3948766337282237,2.691657741724161,3.960908275940997,5.751678885400492
#2,2,f3-f4,normalized_change,3671,0.998410534189614,0.15936208622781273,0.984921178258587,0.7535359974807814,0.8778559617824244,1.1100284810211258,1.2523994611477325
#2,2,f3-f4,adjacent_cosine_distance,3671,0.6263730883483649,0.21565788318301696,0.6005638468181398,0.3175211488324875,0.4354966951171379,0.8250493697931696,0.9629145017460944
#2,2,f4-f5,raw_change,3671,3.449105571375428,1.3731175964913007,3.167556159974447,1.7490365142337079,2.2652476437774083,4.508708148652591,5.744652095306689
#2,2,f4-f5,normalized_change,3671,1.2589870261297142,0.3408283356439088,1.2097163555867372,0.7940999851001291,1.0263356021394956,1.376354194464223,1.966336557677029
#2,2,f4-f5,adjacent_cosine_distance,3671,0.974305576719541,0.4009167707038164,0.9459355510142156,0.344552544362946,0.6470673658076782,1.2983920398756141,1.613399612338366
#1,3,f1-f2,raw_change,3670,2.496111368028521,0.32967501410404737,2.4239840409022806,2.1005243517302614,2.2848087762639375,2.6215749816213743,3.170562529807979
#1,3,f1-f2,normalized_change,3670,0.25747668993740824,0.017093879902582113,0.255556195283029,0.2329647986467505,0.2456263349513711,0.2677396910415537,0.28847848802678605
#1,3,f1-f2,adjacent_cosine_distance,3670,0.03251571460514908,0.004363508755480316,0.03195148448425961,0.02636439028103123,0.029490704161907605,0.034919300893371114,0.040735257972219
#1,3,f2-f3,raw_change,3670,2.8823239715093263,0.4187928724866844,2.802395813706875,2.395253679039753,2.628224934171066,3.0084247829945228,3.67594861914595
#1,3,f2-f3,normalized_change,3670,0.29240107697962797,0.021633786659283165,0.29078469684798197,0.26176207812372243,0.27655645517795274,0.30531271034217194,0.3299808709757284
#1,3,f2-f3,adjacent_cosine_distance,3670,0.04237969001842838,0.0066534064167113926,0.04154165889457678,0.03367953516632364,0.03755958595419431,0.04609573310739001,0.0539972604365602
#1,3,f3-f4,raw_change,3670,3.5676809335265633,0.6721547882495613,3.40238053667336,2.8651512116432363,3.1562687017726287,3.7924668575887717,4.787832633432101
#1,3,f3-f4,normalized_change,3670,0.35772692323710753,0.0419137287298799,0.3498015313148221,0.30462646200717414,0.3264197268071239,0.3815594538408088,0.4356554395479417
#1,3,f3-f4,adjacent_cosine_distance,3670,0.0651652041689703,0.016592379248696065,0.06159004829289916,0.04597401294935839,0.052774419581775506,0.07371488644662971,0.09664271239841692
#1,3,f4-f5,raw_change,3670,5.8081493560177515,1.5774057505504575,5.497204939108644,4.293056092049341,4.827975655911351,6.229221973429681,8.517930173424576
#1,3,f4-f5,normalized_change,3670,0.5826629342342132,0.09910505742983924,0.5720043403046693,0.4560521851023182,0.5167930786752354,0.6274393498869433,0.7556800201292575
#1,3,f4-f5,adjacent_cosine_distance,3670,0.17910195031747883,0.06087812110237766,0.16978625635932693,0.10671848268743556,0.13664984001920302,0.20514908936213583,0.2931106072583681
#2,3,f1-f2,raw_change,3670,12.296619819452625,2.4304958817068067,12.0158246151161,8.723615008460476,10.534556693923541,13.949578756139555,16.65035710212103
#2,3,f1-f2,normalized_change,3670,0.7793860345145599,0.0346269073747398,0.7801238945728419,0.7252199251854279,0.7545471755785181,0.8023774138981751,0.8382427108499705
#2,3,f1-f2,adjacent_cosine_distance,3670,0.28190883191777333,0.05423582511879939,0.26829627964519487,0.2183834865148894,0.2440394903133244,0.30663105146821723,0.390032738910087
#2,3,f2-f3,raw_change,3670,5.671858627421931,1.5793549608343902,5.322719485852953,3.97560514179897,4.44468156090935,6.382079496394997,9.026520259082693
#2,3,f2-f3,normalized_change,3670,0.9723888910570617,0.09185345268169581,0.9454464490991243,0.8675482381474047,0.9050955421495693,1.0241760323049227,1.1663996910724672
#2,3,f2-f3,adjacent_cosine_distance,3670,0.6606385849784674,0.1380283713013253,0.6220151920414919,0.4793314809792487,0.55117486405218,0.759294923769228,0.9213077486864
#2,3,f3-f4,raw_change,3670,3.4211387772439097,1.219974848941266,3.0658294528685817,2.3325208850465002,2.629066728792095,3.7886350842097727,5.700784286912342
#2,3,f3-f4,normalized_change,3670,1.0082785202910163,0.1676542072290236,1.0207533888516673,0.747621265434759,0.8553339673996129,1.1559010160566092,1.2559527634193515
#2,3,f3-f4,adjacent_cosine_distance,3670,0.6557078293193696,0.24473157726220718,0.6369095124094458,0.32495897420178255,0.4286303351147315,0.8606935770641151,1.052096346793887
#2,3,f4-f5,raw_change,3670,2.929423979179582,1.035357386819416,2.6404062033023923,1.7511629329371665,2.2047992321561845,3.440027623018361,4.751273936088943
#2,3,f4-f5,normalized_change,3670,1.1386024743387133,0.25529725349810206,1.0981771308602237,0.7595591169112801,0.9737333233279034,1.2851837109015245,1.6591191465081767
#2,3,f4-f5,adjacent_cosine_distance,3670,0.7757706538182859,0.26012082631677264,0.7980153033135962,0.31967524781054335,0.5977200194005713,0.9765553691127122,1.1602695180540905
#1,4,f1-f2,raw_change,3670,2.475281872125715,0.3149978226808511,2.438348184080856,2.0760556828603636,2.2601309219735644,2.6367366155049803,3.072084020820901
#1,4,f1-f2,normalized_change,3670,0.26068651384366653,0.01767629713321476,0.2587529853933376,0.23438868843859115,0.2489809278061741,0.2706152760975438,0.29039794430533494
#1,4,f1-f2,adjacent_cosine_distance,3670,0.03333165029151755,0.004583671153204125,0.032706462512985646,0.02668868335609271,0.03026184174806626,0.03573684230992527,0.041670308738906724
#1,4,f2-f3,raw_change,3670,2.8430017616115055,0.3510471561369165,2.792435258524034,2.415020829166305,2.595689163229581,2.991078515351737,3.5202925962884257
#1,4,f2-f3,normalized_change,3670,0.29544099629745163,0.02426367841368709,0.29309481231849943,0.25873458634806074,0.2769404041035813,0.3135862466960281,0.33785196799648876
#1,4,f2-f3,adjacent_cosine_distance,3670,0.04319289678588864,0.00710550706091589,0.04218917130711741,0.03302517765497263,0.03786792566895428,0.04843280400999367,0.055609296163557434
#1,4,f3-f4,raw_change,3670,3.529227433692972,0.5524668182409244,3.417027808111421,2.894349968143555,3.176291825197313,3.7415969002383482,4.564472879329452
#1,4,f3-f4,normalized_change,3670,0.3618603551139018,0.03928787301744797,0.3571985051813125,0.3100914520503507,0.3330882902037119,0.3860615569604571,0.42444240967917624
#1,4,f3-f4,adjacent_cosine_distance,3670,0.06657990789474849,0.01563048885672793,0.06391270340142258,0.047768748659266745,0.055744769697540636,0.07505562332744714,0.0918183060460218
#1,4,f4-f5,raw_change,3670,5.559679371737252,1.1551194231004582,5.350271762186706,4.231023648651407,4.885374650873482,5.974050810642453,7.327624462727655
#1,4,f4-f5,normalized_change,3670,0.5726270348086406,0.07917467706038633,0.5667496206278174,0.45662131389758076,0.5176604096668628,0.6190342567056026,0.705890160547952
#1,4,f4-f5,adjacent_cosine_distance,3670,0.17047313311396625,0.04635609754972948,0.16527485174481188,0.106254358187566,0.13850402905157783,0.19621303321397335,0.25365664754348727
#2,4,f1-f2,raw_change,3670,12.361840709657045,2.508286845143462,12.077035249974141,8.528742305735559,10.659988981203066,13.743440992153788,16.975826289886154
#2,4,f1-f2,normalized_change,3670,0.7815101209406111,0.038175368492743104,0.7811755519602774,0.7240639575603295,0.7548670791344101,0.8060143283741021,0.8490708931287327
#2,4,f1-f2,adjacent_cosine_distance,3670,0.2883147423436667,0.060731456989243024,0.2735509487144935,0.2159184106324343,0.24836488292084186,0.3110039341700566,0.41781237420032824
#2,4,f2-f3,raw_change,3670,5.707997115459466,1.405850181864706,5.50894650433967,3.9182776104863613,4.5406818818389825,6.553110776569255,8.323230833732666
#2,4,f2-f3,normalized_change,3670,0.9799921702161785,0.08575231092136926,0.958501994778492,0.8720048764035142,0.9130904215691087,1.0370236758686115,1.1404841428782082
#2,4,f2-f3,adjacent_cosine_distance,3670,0.667618507544393,0.1333298200793461,0.6523562099378746,0.47130155012787256,0.5541695892799168,0.779056268004941,0.8870301222945628
#2,4,f3-f4,raw_change,3670,3.5936121543259962,1.1742901905555134,3.1883657316516234,2.454500272489331,2.800990701110088,4.005047436026037,6.220956020681264
#2,4,f3-f4,normalized_change,3670,1.0343874869389527,0.17330801427484915,0.9953369233877013,0.8034279701784998,0.8906949986982713,1.1673116345211494,1.3457952714356267
#2,4,f3-f4,adjacent_cosine_distance,3670,0.6734700720325397,0.24355867547773558,0.5975956660048517,0.37493307620738187,0.46363981162422485,0.8877121015305713,1.1035352596319774
#2,4,f4-f5,raw_change,3670,3.2670537953506487,1.1928194240844976,2.9981557416604425,1.7621039440985673,2.3199783212360527,4.099902825213037,5.372264220889957
#2,4,f4-f5,normalized_change,3670,1.1947959336585674,0.2699002019213395,1.1848551988168172,0.8021740695184257,0.9942624508547024,1.3117280068700556,1.7163665974036157
#2,4,f4-f5,adjacent_cosine_distance,3670,0.8823606915728968,0.3377266977114689,0.8643847391916919,0.35642384640713154,0.6103882963156191,1.1790986086299222,1.4196158820082099
