augmentation_scale,backbone_lr,best_accuracy,epoch,head_lr,heldout_accuracy,loss,lr,stage
1.0,3.3333333333333335e-05,0.043369474562135114,0,0.0003333333333333333,0.043369474562135114,5.473750143051148,,1
1.0,6.666666666666667e-05,0.2018348623853211,1,0.0006666666666666666,0.2018348623853211,4.86796877861023,,1
1.0,0.0001,0.34445371142618847,2,0.001,0.34445371142618847,4.2421424150466915,,1
1.0,0.0001,0.4645537948290242,3,0.001,0.4645537948290242,3.7009654744466145,,1
1.0,9.998972383511386e-05,0.5754795663052544,4,0.0009998869621862525,0.5754795663052544,3.399115613301595,,1
1.0,9.995890003376942e-05,0.6146788990825688,5,0.0009995479003714637,0.6146788990825688,3.034758564631144,,1
1.0,9.990754267376513e-05,0.6547122602168474,6,0.0009989829694114166,0.6547122602168474,2.952349749406179,,1
1.0,9.98356752109543e-05,0.677231025854879,7,0.0009981924273204975,0.677231025854879,2.804732859929403,,1
1.0,9.97433304685324e-05,0.6939115929941618,8,0.0009971766351538568,0.6939115929941618,2.6733001041412354,,1
1.0,9.963055062204607e-05,0.6964136780650542,9,0.000995936056842507,0.6964136780650542,2.625594846010208,,1
1.0,9.949738718013077e-05,0.718932443703086,10,0.0009944712589814388,0.718932443703086,2.6760294342041018,,1
1.0,9.93439009609859e-05,0.725604670558799,11,0.000992782910570845,0.725604670558799,2.4182674809296927,,1
1.0,9.917016206459792e-05,0.7322768974145121,12,0.0009908717827105775,0.7322768974145121,2.473194669485092,,1
1.0,9.897624984072445e-05,0.7322768974145121,13,0.0009887387482479693,0.7164303586321935,2.368391057650248,,1
1.0,9.876225285265377e-05,0.7322768974145121,14,0.0009863847813791917,0.7272727272727273,2.364548804759979,,1
1.0,9.85282688367563e-05,0.749791492910759,15,0.0009838109572043194,0.749791492910759,2.149029007355372,,1
1.0,9.827440465784661e-05,0.749791492910759,16,0.0009810184512363126,0.7264386989157632,2.183897023598353,,1
1.0,9.80007762603763e-05,0.749791492910759,17,0.0009780085388641391,0.7389491242702252,2.1093280911445618,,1
1.0,9.770750861548006e-05,0.749791492910759,18,0.0009747825947702805,0.7464553794829024,2.0106006491184236,,1
1.0,9.739473566389898e-05,0.749791492910759,19,0.0009713420923028886,0.7356130108423686,2.130389595031738,,1
1.0,9.706260025480737e-05,0.7522935779816514,20,0.0009676886028028809,0.7522935779816514,1.991227076848348,,1
1.0,9.671125408057094e-05,0.7522935779816514,21,0.0009638237948862803,0.7364470391993327,2.035711927016576,,1
1.0,9.634085760746608e-05,0.7522935779816514,22,0.000959749433682127,0.7514595496246872,2.0136655044555662,,1
1.0,9.595158000239196e-05,0.7522935779816514,23,0.0009554673800263115,0.7422852376980817,2.0596898321310677,,1
1.0,9.554359905560882e-05,0.7522935779816514,24,0.0009509795896116969,0.7489574645537949,2.03195165514946,,1
1.0,9.511710109953799e-05,0.7522935779816514,25,0.0009462881120949178,0.7522935779816514,2.105538151661555,,1
1.0,9.467228092366037e-05,0.7564637197664721,26,0.0009413950901602638,0.7564637197664721,1.9029765582084657,,1
1.0,9.420934168555248e-05,0.7564637197664721,27,0.0009363027585410771,0.7389491242702252,2.0599231731891634,,1
1.0,9.372849481810069e-05,0.7564637197664721,28,0.0009310134429991074,0.7522935779816514,2.1261226602395378,,1
1.0,9.322995993293589e-05,0.7606338615512928,29,0.0009255295592622946,0.7606338615512928,1.898476438919703,,1
1.0,9.271396472013279e-05,0.7606338615512928,30,0.0009198536119214605,0.7531276063386155,1.7448715849717458,,1
1.0,9.218074484421972e-05,0.7606338615512928,31,0.0009139881932864168,0.7531276063386155,1.8905339427789052,,1
1.0,9.163054383654627e-05,0.7606338615512928,32,0.0009079359822020089,0.7506255212677231,1.8116161974271139,,1
1.0,9.106361298405801e-05,0.7606338615512928,33,0.000901699742824638,0.7422852376980817,1.9304802306493123,,1
1.0,9.04802112145291e-05,0.7606338615512928,34,0.0008952823233598201,0.7572977481234362,1.8801016700267792,,1
1.0,8.988060497830529e-05,0.7606338615512928,35,0.0008886866547613582,0.7447873227689742,1.8385987170537312,,1
1.0,8.926506812661101e-05,0.7606338615512928,36,0.0008819157493927211,0.7547956630525438,1.7508677971363067,,1
1.0,8.863388178647655e-05,0.7606338615512928,37,0.000874972699651242,0.7514595496246872,1.7946392110983531,,1
1.0,8.798733423234214e-05,0.7606338615512928,38,0.0008678606765557635,0.7489574645537949,1.7080669029553732,,1
1.0,8.732572075439772e-05,0.7639699749791493,39,0.0008605829282983747,0.7639699749791493,1.8346095661322275,,1
1.0,8.664934352371835e-05,0.7639699749791493,40,0.0008531427787609017,0.74395329441201,1.9071954969565075,,1
1.0,8.59585114542573e-05,0.7639699749791493,41,0.0008455436259968303,0.755629691409508,1.7028775942325591,,1
1.0,8.525354006175922e-05,0.7639699749791493,42,0.0008377889406793515,0.7581317764804003,1.811836432615916,,1
1.0,8.453475131965828e-05,0.7639699749791493,43,0.0008298822645162412,0.749791492910759,1.7288737424214682,,1
1.0,8.380247351202703e-05,0.7639699749791493,44,0.0008218272086322974,0.755629691409508,1.6844171742598215,,1
1.0,8.305704108364296e-05,0.7639699749791493,45,0.0008136274519200727,0.7572977481234362,1.8379366711775462,,1
1.0,8.229879448724145e-05,0.7698081734778982,46,0.000805286739359656,0.7698081734778982,1.8046685834725698,,1
1.0,8.152808002802465e-05,0.7698081734778982,47,0.0007968088803082711,0.7614678899082569,1.857031542857488,,1
1.0,8.074524970549759e-05,0.7698081734778982,48,0.0007881977467604735,0.7506255212677231,1.75831720550855,,1
1.0,7.99506610527035e-05,0.7698081734778982,49,0.0007794572715797384,0.7614678899082569,1.684989957412084,,1
1.0,7.914467697293179e-05,0.7698081734778982,50,0.0007705914467022497,0.7656380316930775,1.742971488237381,,1
1.0,7.832766557397359e-05,0.7698081734778982,51,0.0007616043213137096,0.7572977481234362,1.7946625324090322,,1
1.0,7.749999999999996e-05,0.7698081734778982,52,0.0007524999999999996,0.7547956630525438,1.6708586537837982,,1
1.0,7.666205826114018e-05,0.7698081734778982,53,0.000743282640872542,0.7572977481234362,1.6196815693378448,,1
1.0,7.581422306083754e-05,0.7698081734778982,54,0.0007339564536692131,0.7664720600500416,1.7283641107877095,,1
1.0,7.495688162106155e-05,0.7698081734778982,55,0.0007245256978316772,0.7648040033361134,1.7364662953217824,,1
1.0,7.409042550545661e-05,0.7698081734778982,56,0.0007149946805600229,0.7631359466221852,1.676815720796585,,1
1.0,7.321525044050767e-05,0.7698081734778982,57,0.0007053677548455845,0.7648040033361134,1.732348204056422,,1
1.0,7.233175613480453e-05,0.7698081734778982,58,0.0006956493174828499,0.7464553794829024,1.8126235099633534,,1
1.0,7.144034609648773e-05,0.7698081734778982,59,0.0006858438070613651,0.7522935779816514,1.7588111031055451,,1
1.0,7.054142744895881e-05,0.7698081734778982,60,0.000675955701938547,0.7597998331943286,1.618534981807073,,1
1.0,6.963541074493959e-05,0.7698081734778982,61,0.0006659895181943355,0.7581317764804003,1.7605970875422159,,1
1.0,6.87227097789652e-05,0.7714762301918265,62,0.0006559498075686172,0.7714762301918265,1.6310963984330495,,1
1.0,6.780374139839644e-05,0.7714762301918265,63,0.0006458411553823608,0.7639699749791493,1.6389866701761882,,1
1.0,6.687892531303791e-05,0.7714762301918265,64,0.000635668178443417,0.7639699749791493,1.6835420374075571,,1
1.0,6.594868390344886e-05,0.7714762301918265,65,0.0006254355229379375,0.7639699749791493,1.807357390721639,,1
1.0,6.501344202803411e-05,0.7714762301918265,66,0.0006151478623083752,0.76814011676397,1.6064114916324614,,1
1.0,6.407362682900347e-05,0.7714762301918265,67,0.0006048098951190381,0.7606338615512928,1.658690911134084,,1
1.0,6.312966753728792e-05,0.7714762301918265,68,0.0005944263429101672,0.7589658048373644,1.6101665536562602,,1
1.0,6.218199527650204e-05,0.7731442869057548,69,0.0005840019480415224,0.7731442869057548,1.6275858052571615,,1
1.0,6.12310428660418e-05,0.7731442869057548,70,0.0005735414715264597,0.7656380316930775,1.6071583545207977,,1
1.0,6.027724462340805e-05,0.773978315262719,71,0.0005630496908574884,0.773978315262719,1.6885489547252654,,1
1.0,5.932103616584566e-05,0.773978315262719,72,0.0005525313978243021,0.7689741451209341,1.6109098947048188,,1
1.0,5.836285421138907e-05,0.773978315262719,73,0.0005419913963252797,0.7714762301918265,1.699754403034846,,1
1.0,5.740313637940517e-05,0.773978315262719,74,0.0005314345001734568,0.76814011676397,1.6099304767449696,,1
1.0,5.644232099072447e-05,0.773978315262719,75,0.0005208655308979692,0.7698081734778982,1.5762587908903758,,1
1.0,5.548084686745178e-05,0.773978315262719,76,0.0005102893155419695,0.7723102585487907,1.5068674965699513,,1
1.0,5.4519153132548184e-05,0.7748123436196831,77,0.0004997106844580301,0.7748123436196831,1.5659057426452636,,1
1.0,5.3557679009275505e-05,0.7748123436196831,78,0.0004891344691020306,0.7648040033361134,1.5098174210389455,,1
1.0,5.2596863620594786e-05,0.7748123436196831,79,0.00047856549982654265,0.7698081734778982,1.6035949409008026,,1
1.0,5.1637145788610886e-05,0.7756463719766472,80,0.00046800860367471976,0.7756463719766472,1.5978739146391552,,1
1.0,5.0678963834154305e-05,0.7756463719766472,81,0.00045746860217569737,0.7698081734778982,1.6103236210346221,,1
1.0,4.972275537659189e-05,0.7756463719766472,82,0.00044695030914251085,0.7706422018348624,1.51109011332194,,1
1.0,4.876895713395814e-05,0.7764804003336113,83,0.0004364585284735396,0.7764804003336113,1.455336343050003,,1
1.0,4.781800472349791e-05,0.7764804003336113,84,0.000425998051958477,0.7673060884070059,1.5597590641180674,,1
1.0,4.687033246271203e-05,0.7764804003336113,85,0.00041557365708983233,0.7673060884070059,1.6548678704102835,,1
1.0,4.592637317099647e-05,0.7764804003336113,86,0.0004051901048809612,0.7706422018348624,1.5878380668163299,,1
1.0,4.498655797196583e-05,0.7764804003336113,87,0.00039485213769162417,0.7723102585487907,1.5442160073916118,,1
1.0,4.405131609655109e-05,0.7764804003336113,88,0.000384564477062062,0.7639699749791493,1.5684564658006033,,1
1.0,4.312107468696204e-05,0.7764804003336113,89,0.00037433182155658247,0.76814011676397,1.5524894253412882,,1
1.0,4.2196258601603524e-05,0.7764804003336113,90,0.00036415884461763875,0.7656380316930775,1.5701464354991912,,1
1.0,4.127729022103477e-05,0.7764804003336113,91,0.0003540501924313825,0.7698081734778982,1.5189152006308237,,1
1.0,4.0364589255060356e-05,0.7764804003336113,92,0.0003440104818056639,0.7589658048373644,1.427067724863688,,1
1.0,3.945857255104114e-05,0.7764804003336113,93,0.00033404429806145245,0.7756463719766472,1.5295098531246185,,1
1.0,3.8559653903512224e-05,0.7764804003336113,94,0.00032415619293863434,0.7656380316930775,1.6040926734606424,,1
1.0,3.766824386519541e-05,0.7764804003336113,95,0.00031435068251714943,0.7698081734778982,1.5393751911322275,,1
1.0,3.678474955949227e-05,0.7764804003336113,96,0.00030463224515441494,0.7664720600500416,1.6281939884026846,,1
1.0,3.59095744945433e-05,0.7764804003336113,97,0.00029500531943997625,0.7714762301918265,1.4732708688577016,,1
1.0,3.504311837893838e-05,0.7764804003336113,98,0.0002854743021683222,0.76814011676397,1.4889773261547088,,1
1.0,3.418577693916241e-05,0.7764804003336113,99,0.0002760435463307865,0.7639699749791493,1.521545982758204,,1
1.0,3.333794173885976e-05,0.7764804003336113,100,0.00026671735912745735,0.7664720600500416,1.6021337401866913,,1
1.0,3.2500000000000004e-05,0.7764804003336113,101,0.00025749999999999997,0.7673060884070059,1.5294144328435262,,1
1.0,3.1672334426026366e-05,0.7764804003336113,102,0.00024839567868628994,0.773978315262719,1.4737059394518535,,1
1.0,3.0855323027068156e-05,0.7764804003336113,103,0.00023940855329774959,0.7731442869057548,1.5405211822191873,,1
1.0,3.004933894729647e-05,0.7764804003336113,104,0.00023054272842026102,0.7706422018348624,1.5121100191275278,,1
1.0,2.9254750294502378e-05,0.7764804003336113,105,0.00022180225323952598,0.7698081734778982,1.550393094221751,,1
0.9777777777777777,2.8471919971975314e-05,0.7764804003336113,106,0.0002131911196917283,0.7714762301918265,1.4936939585208893,,1
0.9555555555555556,2.770120551275851e-05,0.7764804003336113,107,0.0002047132606403434,0.7764804003336113,1.5095250634352366,,1
0.9333333333333333,2.6942958916356998e-05,0.7764804003336113,108,0.00019637254807992676,0.773978315262719,1.5810249189535777,,1
0.9111111111111111,2.619752648797293e-05,0.7781484570475397,109,0.00018817279136770201,0.7781484570475397,1.5200581860542297,,1
0.8888888888888888,2.5465248680341694e-05,0.7781484570475397,110,0.0001801177354837584,0.7689741451209341,1.3827650288740794,,1
0.8666666666666667,2.4746459938240766e-05,0.7781484570475397,111,0.0001722110593206482,0.7748123436196831,1.4209520880381266,,1
0.8444444444444444,2.4041488545742675e-05,0.7789824854045038,112,0.0001644563740031692,0.7789824854045038,1.4088698820273082,,1
0.8222222222222222,2.3350656476281625e-05,0.7789824854045038,113,0.00015685722123909765,0.7689741451209341,1.4241302061080932,,1
0.8,2.2674279245602275e-05,0.7789824854045038,114,0.0001494170717016248,0.7698081734778982,1.3733002452055614,,1
0.7777777777777778,2.2012665767657826e-05,0.7789824854045038,115,0.0001421393234442359,0.7764804003336113,1.4043694619337719,,1
0.7555555555555555,2.1366118213523428e-05,0.7789824854045038,116,0.0001350273003487575,0.7723102585487907,1.426123651266098,,1
0.7333333333333334,2.0734931873388972e-05,0.7789824854045038,117,0.00012808425060727852,0.7714762301918265,1.424353569348653,,1
0.7111111111111111,2.011939502169467e-05,0.7789824854045038,118,0.00012131334523864119,0.76814011676397,1.3858420598506926,,1
0.6888888888888889,1.951978878547086e-05,0.7789824854045038,119,0.0001147176766401793,0.7773144286905754,1.347863032023112,,1
0.6666666666666667,1.8936387015941968e-05,0.7789824854045038,120,0.00010830025717536148,0.7764804003336113,1.4118820655345916,,1
0.6444444444444444,1.836945616345369e-05,0.7789824854045038,121,0.00010206401779799045,0.7723102585487907,1.40577273050944,,1
0.6222222222222222,1.7819255155780246e-05,0.7789824854045038,122,9.601180671358259e-05,0.7723102585487907,1.3114063103993734,,1
0.6,1.728603527986719e-05,0.7789824854045038,123,9.014638807853896e-05,0.7764804003336113,1.270216344197591,,1
0.5777777777777777,1.677004006706408e-05,0.7789824854045038,124,8.447044073770476e-05,0.7748123436196831,1.3884751598040264,,1
0.5555555555555556,1.6271505181899277e-05,0.7789824854045038,125,7.898655700089191e-05,0.7764804003336113,1.2946169833342234,,1
0.5333333333333333,1.5790658314447493e-05,0.7789824854045038,126,7.369724145892231e-05,0.773978315262719,1.2809605475266774,,1
0.5111111111111111,1.53277190763396e-05,0.7789824854045038,127,6.860490983973549e-05,0.7789824854045038,1.2286432298024494,,1
0.48888888888888893,1.488289890046198e-05,0.7798165137614679,128,6.371188790508168e-05,0.7798165137614679,1.2797112377484638,,1
0.4666666666666667,1.4456400944391149e-05,0.7798165137614679,129,5.9020410388302545e-05,0.7789824854045038,1.3147420871257782,,1
0.4444444444444444,1.4048419997608008e-05,0.7814845704753962,130,5.4532619973688e-05,0.7814845704753962,1.2407866020997365,,1
0.4222222222222223,1.365914239253388e-05,0.7814845704753962,131,5.025056631787259e-05,0.780650542118432,1.269235655069351,,1
0.4,1.3288745919429031e-05,0.7814845704753962,132,4.617620511371927e-05,0.7706422018348624,1.284687093893687,,1
0.37777777777777777,1.2937399745192609e-05,0.7814845704753962,133,4.231139719711862e-05,0.7764804003336113,1.1242375036080678,,1
0.3555555555555555,1.2605264336101002e-05,0.7823185988323603,134,3.8657907697110955e-05,0.7823185988323603,1.2034397617975872,,1
0.33333333333333337,1.2292491384519915e-05,0.7823185988323603,135,3.521740522971901e-05,0.7773144286905754,1.2522307368119558,,1
0.3111111111111111,1.1999223739623669e-05,0.7823185988323603,136,3.19914611358603e-05,0.7764804003336113,1.1891690095265706,,1
0.28888888888888886,1.1725595342153373e-05,0.7823185988323603,137,2.8981548763687065e-05,0.7798165137614679,1.2517952334880829,,1
0.2666666666666667,1.1471731163243681e-05,0.7823185988323603,138,2.6189042795680468e-05,0.7814845704753962,1.1398808356126149,,1
0.24444444444444446,1.1237747147346198e-05,0.7823185988323603,139,2.361521862080816e-05,0.7789824854045038,1.1804793572425842,,1
0.2222222222222222,1.102375015927552e-05,0.7823185988323603,140,2.1261251752030713e-05,0.773978315262719,1.0935130842526755,,1
0.19999999999999996,1.082983793540206e-05,0.7823185988323603,141,1.9128217289422658e-05,0.7781484570475397,1.0581646354993184,,1
0.1777777777777778,1.0656099039014087e-05,0.7848206839032527,142,1.721708942915494e-05,0.7848206839032527,1.113453162908554,,1
0.15555555555555556,1.0502612819869217e-05,0.7848206839032527,143,1.5528741018561377e-05,0.7798165137614679,1.041808353662491,,1
0.1333333333333333,1.0369449377953928e-05,0.7848206839032527,144,1.40639431574932e-05,0.7764804003336113,1.089708331823349,,1
0.11111111111111116,1.0256669531467587e-05,0.7848206839032527,145,1.2823364846143442e-05,0.780650542118432,1.0815358074506123,,1
0.0888888888888889,1.016432478904569e-05,0.7848206839032527,146,1.180757267950257e-05,0.7781484570475397,1.034025530020396,,1
0.06666666666666665,1.0092457326234866e-05,0.7848206839032527,147,1.1017030588583514e-05,0.7781484570475397,0.885456835826238,,1
0.0444444444444444,1.0041099966230578e-05,0.7881567973311092,148,1.045209962853635e-05,0.7881567973311092,0.8577550725142161,,1
0.022222222222222254,1.0010276164886146e-05,0.7881567973311092,149,1.0113037813747594e-05,0.7731442869057548,0.9444491072495779,,1
,,0.7848206839032527,0,,0.7848206839032527,0.33420609494050346,5e-05,2
,,0.786488740617181,1,,0.786488740617181,0.3331509699424108,4.996642360148706e-05,2
,,0.786488740617181,2,,0.7789824854045038,0.33228149274984997,4.98657864365227e-05,2
,,0.7906588824020017,3,,0.7906588824020017,0.3323335951566696,4.9698364344580884e-05,2
,,0.7906588824020017,4,,0.7789824854045038,0.3313661613066991,4.946461621797825e-05,2
,,0.7906588824020017,5,,0.7873227689741451,0.33103574832280475,4.916518274408218e-05,2
,,0.7906588824020017,6,,0.7848206839032527,0.3311933263142904,4.880088464923128e-05,2
,,0.7906588824020017,7,,0.7881567973311092,0.3304024563233058,4.837272044918145e-05,2
,,0.7906588824020017,8,,0.7881567973311092,0.32983822643756866,4.7881863712243726e-05,2
,,0.7939949958298582,9,,0.7939949958298582,0.3296151423454285,4.7329659842615016e-05,2
,,0.7939949958298582,10,,0.7881567973311092,0.3295475900173187,4.671762239271876e-05,2
,,0.7939949958298582,11,,0.786488740617181,0.32930596013863883,4.6047428914662896e-05,2
,,0.7939949958298582,12,,0.7939949958298582,0.3283841915925344,4.532091636218622e-05,2
,,0.7939949958298582,13,,0.7906588824020017,0.3278762129942576,4.4540076055695796e-05,2
,,0.7964970809007507,14,,0.7964970809007507,0.32783303141593934,4.370704822419617e-05,2
,,0.7964970809007507,15,,0.7889908256880734,0.3275071583191554,4.282411613907042e-05,2
,,0.7973311092577148,16,,0.7973311092577148,0.327507710258166,4.189369985579203e-05,2
,,0.7973311092577148,17,,0.7939949958298582,0.32715570052464804,4.091834958072102e-05,2
,,0.7973311092577148,18,,0.7823185988323603,0.32709641913572945,3.990073868116559e-05,2
,,0.7973311092577148,19,,0.786488740617181,0.32677223563194274,3.884365635786816e-05,2
,,0.7973311092577148,20,,0.780650542118432,0.3265594905614853,3.7749999999999996e-05,2
,,0.7973311092577148,21,,0.7889908256880734,0.32640330294768016,3.6622767243618894e-05,2
,,0.7973311092577148,22,,0.7964970809007507,0.3262094110250473,3.546504775535711e-05,2
,,0.7973311092577148,23,,0.7931609674728941,0.32563458661238354,3.4280014763859864e-05,2
,,0.7973311092577148,24,,0.7914929107589658,0.32557014564673104,3.307091636218621e-05,2
,,0.7973311092577148,25,,0.786488740617181,0.3254401612281799,3.184106660501176e-05,2
,,0.7973311092577148,26,,0.79232693911593,0.325427375237147,3.05938364250351e-05,2
,,0.7973311092577148,27,,0.7898248540450375,0.32478390316168465,2.9332644393485657e-05,2
,,0.8015012510425354,28,,0.8015012510425354,0.32491151432196297,2.806094735005751e-05,2
,,0.8015012510425354,29,,0.7881567973311092,0.32481411476929983,2.678223092795212e-05,2
,,0.8015012510425354,30,,0.7956630525437864,0.3251193819443385,2.5500000000000007e-05,2
,,0.8015012510425354,31,,0.7856547122602169,0.32469317416350046,2.4217769072047883e-05,2
,,0.8015012510425354,32,,0.7906588824020017,0.32458872536818184,2.2939052649942496e-05,2
,,0.8015012510425354,33,,0.7906588824020017,0.3244067837794622,2.1667355606514346e-05,2
,,0.8015012510425354,34,,0.7906588824020017,0.3239156913757324,2.0406163574964897e-05,2
,,0.8015012510425354,35,,0.79232693911593,0.3240189325809479,1.915893339498825e-05,2
,,0.8015012510425354,36,,0.7889908256880734,0.32385280529658,1.7929083637813794e-05,2
,,0.8015012510425354,37,,0.7906588824020017,0.32405011375745135,1.671998523614015e-05,2
,,0.8015012510425354,38,,0.7914929107589658,0.32395744979381563,1.5534952244642903e-05,2
,,0.8015012510425354,39,,0.79232693911593,0.3232442506154378,1.4377232756381109e-05,2
,,0.8015012510425354,40,,0.7906588824020017,0.32303564508756,1.3250000000000009e-05,2
,,0.8015012510425354,41,,0.7948290241868223,0.3236603146791458,1.2156343642131847e-05,2
,,0.8015012510425354,42,,0.7914929107589658,0.3234224625428518,1.1099261318834413e-05,2
,,0.8015012510425354,43,,0.7914929107589658,0.3229226189851761,1.0081650419278988e-05,2
,,0.8015012510425354,44,,0.7898248540450375,0.3231479273239772,9.106300144207984e-06,2
,,0.8015012510425354,45,,0.7881567973311092,0.3232600931326548,8.17588386092959e-06,2
,,0.8015012510425354,46,,0.7931609674728941,0.32291641950607297,7.292951775803848e-06,2
,,0.8015012510425354,47,,0.7898248540450375,0.3228969955444336,6.459923944304215e-06,2
,,0.8015012510425354,48,,0.79232693911593,0.3229452246427536,5.679083637813791e-06,2
,,0.8015012510425354,49,,0.786488740617181,0.3226513151327769,4.952571085337114e-06,2
,,0.8015012510425354,50,,0.7906588824020017,0.32295988241831464,4.282377607281252e-06,2
,,0.8015012510425354,51,,0.7948290241868223,0.3228145921230316,3.6703401573849893e-06,2
,,0.8015012510425354,52,,0.7956630525437864,0.3229807478189468,3.1181362877562766e-06,2
,,0.8015012510425354,53,,0.786488740617181,0.3231018304824829,2.6272795508185578e-06,2
,,0.8015012510425354,54,,0.7856547122602169,0.32274836242198945,2.199115350768739e-06,2
,,0.8015012510425354,55,,0.7906588824020017,0.32323493738969167,1.8348172559178267e-06,2
,,0.8015012510425354,56,,0.7881567973311092,0.3224614868561427,1.535383782021761e-06,2
,,0.8015012510425354,57,,0.7856547122602169,0.3228736452261607,1.3016356554191274e-06,2
,,0.8015012510425354,58,,0.7931609674728941,0.3228591440121333,1.1342135634773016e-06,2
,,0.8015012510425354,59,,0.7898248540450375,0.32258883357048035,1.033576398512941e-06,2
