stage,epoch,train_loss,val_accuracy,best_val_accuracy,lr,gate_gradient_norm_mean,gate_gradient_norm_max,amp_overflow_batches,elapsed_seconds
2,0,0.33487634477408035,0.9782016348773842,0.9782016348773842,5e-05,0.0018666666755785353,0.011822267811987072,0,116.26166649999999
2,1,0.3328778704871302,0.976566757493188,0.9782016348773842,4.996642360148706e-05,0.0027382417283086597,0.014634319793952966,0,115.64096840000002
2,2,0.33276930943779326,0.9790190735694823,0.9790190735694823,4.98657864365227e-05,0.0038513385122933815,0.053914717427333045,0,115.73278599999998
2,3,0.33158289803111035,0.9787465940054496,0.9790190735694823,4.9698364344580884e-05,0.004163814679440324,0.02170389542264526,0,115.62787550000002
2,4,0.3311213862636815,0.9782016348773842,0.9790190735694823,4.946461621797825e-05,0.004941236355455233,0.027037886267450177,0,115.53721729999995
2,5,0.330706799030304,0.9776566757493188,0.9790190735694823,4.916518274408218e-05,0.005192573178445627,0.037874598668612265,0,115.48419439999998
2,6,0.3312252938747406,0.9771117166212534,0.9790190735694823,4.880088464923128e-05,0.0059040033600767,0.03928006963012166,0,115.29826990000004
2,7,0.33041185049907024,0.9782016348773842,0.9790190735694823,4.837272044918145e-05,0.0052564974160217316,0.04220415313456366,0,115.25645259999999
2,8,0.3301603536243024,0.9768392370572208,0.9790190735694823,4.7881863712243726e-05,0.0060419234488022075,0.04312724345021688,0,115.55322849999993
2,9,0.3302566835413808,0.9762942779291554,0.9790190735694823,4.7329659842615016e-05,0.006121367882082357,0.03898370187932357,0,115.61607490000006
2,10,0.3306554263052733,0.9771117166212534,0.9790190735694823,4.671762239271876e-05,0.006559130028378406,0.04171748325258852,0,115.52761399999986
2,11,0.3307089573663214,0.976566757493188,0.9790190735694823,4.6047428914662896e-05,0.006474721645480644,0.03995394090331076,0,115.4922160000001
2,12,0.3296838984541271,0.9787465940054496,0.9790190735694823,4.532091636218622e-05,0.006317177485603942,0.05841552032401787,0,115.69398739999997
2,13,0.32943237061085906,0.976566757493188,0.9790190735694823,4.4540076055695796e-05,0.006296701741889303,0.03717680619243248,0,115.59946689999992
2,14,0.3294291956269223,0.9779291553133515,0.9790190735694823,4.370704822419617e-05,0.0065439438639448115,0.039676926293560316,0,115.52403649999997
2,15,0.3297541430462962,0.9782016348773842,0.9790190735694823,4.282411613907043e-05,0.006620784194533558,0.04230557123997658,0,115.56353110000009
2,16,0.3288214898627737,0.9779291553133515,0.9790190735694823,4.189369985579204e-05,0.006532453426530234,0.04135844487720333,0,115.64281170000004
2,17,0.32973693622195205,0.9776566757493188,0.9790190735694823,4.091834958072103e-05,0.007024031166736872,0.03762679607996925,0,115.73487509999995
2,18,0.329444803232732,0.9768392370572208,0.9790190735694823,3.99007386811656e-05,0.006502729521045399,0.048392772747387375,0,115.58835340000041
2,19,0.3287015147831129,0.9768392370572208,0.9790190735694823,3.884365635786817e-05,0.006198695207261137,0.04723695371109845,0,115.47818419999976
2,20,0.32851905110089674,0.9784741144414169,0.9790190735694823,3.775e-05,0.006675456408975328,0.03898709850446907,0,115.67752510000037
2,21,0.3284346371889114,0.9776566757493188,0.9790190735694823,3.66227672436189e-05,0.006170561057024847,0.05843191559253936,0,115.70221010000023
2,22,0.32921337459398353,0.9762942779291554,0.9790190735694823,3.5465047755357117e-05,0.00745980504709157,0.05691175782276967,0,115.71974640000008
2,23,0.32815396448840267,0.9776566757493188,0.9790190735694823,3.428001476385987e-05,0.006674431616484114,0.039729921118147056,0,115.7688764999998
2,24,0.328275182713633,0.9779291553133515,0.9790190735694823,3.307091636218622e-05,0.006626558341555907,0.04608470885346846,0,115.617796
2,25,0.3285805932853533,0.9784741144414169,0.9790190735694823,3.1841066605011764e-05,0.006777112623185583,0.044120109139939474,0,115.56070880000016
2,26,0.32796742112740224,0.9782016348773842,0.9790190735694823,3.0593836425035106e-05,0.0070798950230143215,0.038777699709010044,0,115.61101819999976
2,27,0.3277697116136551,0.9779291553133515,0.9790190735694823,2.9332644393485664e-05,0.006794316255813767,0.037042826543956096,0,115.58450740000035
2,28,0.32887821003146794,0.9754768392370572,0.9790190735694823,2.8060947350057517e-05,0.007503462699261636,0.054593583152296114,0,115.50121739999986
2,29,0.3288591001344764,0.9776566757493188,0.9790190735694823,2.6782230927952127e-05,0.007395374464529753,0.0480419736399655,0,115.66103490000023
2,30,0.3282881455576938,0.9779291553133515,0.9790190735694823,2.5500000000000013e-05,0.0067572955560854225,0.040667698194749115,0,115.71122100000002
2,31,0.3284593282834343,0.976566757493188,0.9790190735694823,2.421776907204789e-05,0.007770644313401749,0.04786651363158408,0,115.71091819999992
2,32,0.32774549696756444,0.9773841961852862,0.9790190735694823,2.2939052649942503e-05,0.007023824857136706,0.042465591960097616,0,115.78003560000025
2,33,0.32797114278959194,0.9771117166212534,0.9790190735694823,2.1667355606514353e-05,0.0070508049169230105,0.04485721711368199,0,115.92489079999996
2,34,0.3278229039648305,0.9771117166212534,0.9790190735694823,2.0406163574964904e-05,0.006980018646731578,0.055170260950773035,0,119.09226959999978
2,35,0.3277672733949578,0.9782016348773842,0.9790190735694823,1.9158933394988252e-05,0.00726081191364419,0.0523643650664337,0,116.21145230000047
2,36,0.3275312250075133,0.9773841961852862,0.9790190735694823,1.7929083637813798e-05,0.006974291355862569,0.05914530107687525,0,116.51587090000066
2,37,0.32695188250230706,0.9771117166212534,0.9790190735694823,1.671998523614015e-05,0.006176823016754152,0.029014395061921668,0,118.96706600000016
2,38,0.32810798753862797,0.9771117166212534,0.9790190735694823,1.55349522446429e-05,0.007352237865886779,0.053436863426009215,0,116.51828370000021
2,39,0.32714781981447466,0.9760217983651226,0.9790190735694823,1.4377232756381109e-05,0.005731553867654539,0.04856560799255166,0,116.46176670000023
2,40,0.32636836145235143,0.9771117166212534,0.9790190735694823,1.3250000000000009e-05,0.005444579208633432,0.03018128353017623,0,120.6598899999999
2,41,0.3268215985401817,0.9762942779291554,0.9790190735694823,1.2156343642131847e-05,0.005736866137157526,0.043367016716024484,0,119.28594429999976
2,42,0.32723982010198677,0.9760217983651226,0.9790190735694823,1.1099261318834413e-05,0.006003260655512851,0.04844177461805078,0,116.10672810000051
2,43,0.32654303623282394,0.9776566757493188,0.9790190735694823,1.0081650419278988e-05,0.005631263775246364,0.03323961038838457,0,116.06162550000045
2,44,0.32651788423890654,0.9771117166212534,0.9790190735694823,9.106300144207984e-06,0.005453779222643845,0.02924269251708771,0,116.37542499999927
2,45,0.32651087395522904,0.9779291553133515,0.9790190735694823,8.17588386092959e-06,0.005785707547097803,0.042903974086493914,0,115.99966529999983
2,46,0.32654239794482354,0.9771117166212534,0.9790190735694823,7.292951775803846e-06,0.0057851618108251774,0.04444132465138119,0,117.58954710000035
2,47,0.3272236239650975,0.9771117166212534,0.9790190735694823,6.459923944304215e-06,0.006140891794458876,0.06501170011855163,0,116.1764678999998
2,48,0.32685354183549464,0.976566757493188,0.9790190735694823,5.679083637813791e-06,0.005692512608080258,0.05200342629029492,0,118.36358440000004
2,49,0.326849660018216,0.9776566757493188,0.9790190735694823,4.952571085337114e-06,0.005581475681328404,0.06458101647465539,0,115.95288870000059
2,50,0.3264475678620131,0.9768392370572208,0.9790190735694823,4.282377607281252e-06,0.005521072714119571,0.04697170300592076,0,115.78509969999959
2,51,0.3263310801723729,0.9773841961852862,0.9790190735694823,3.6703401573849893e-06,0.005354592574232465,0.030197021815192897,0,117.21858390000034
2,52,0.32588466004185057,0.9773841961852862,0.9790190735694823,3.1181362877562766e-06,0.004852848722631613,0.026016525926952902,0,115.73665619999974
2,53,0.3260974072891733,0.9776566757493188,0.9790190735694823,2.6272795508185578e-06,0.005268608383642295,0.034176738220083006,0,116.40508930000033
2,54,0.3263217050096263,0.9776566757493188,0.9790190735694823,2.199115350768739e-06,0.005253373563329335,0.03200563628402152,0,116.32334489999994
2,55,0.3267158104025799,0.9771117166212534,0.9790190735694823,1.8348172559178267e-06,0.005586495319012662,0.05429588538235416,0,118.07808839999961
2,56,0.3263675710429316,0.9779291553133515,0.9790190735694823,1.535383782021761e-06,0.0051032206640006786,0.04103543414855194,0,116.4918215000007
2,57,0.3267755479916282,0.9776566757493188,0.9790190735694823,1.3016356554191274e-06,0.00529947985859781,0.03768226640673563,0,118.18286569999964
2,58,0.32653157063152477,0.9779291553133515,0.9790190735694823,1.1342135634773016e-06,0.005530071040306366,0.042254209867530784,0,116.86943189999965
2,59,0.32604196538095886,0.9776566757493188,0.9790190735694823,1.033576398512941e-06,0.004980311676497993,0.036683093179700976,0,116.11304010000003
