method,dataset,backbone,pretrained_initialization,batch_size,epochs_or_iterations,optimizer_lr_momentum_weight_decay,lr_schedule,input_resolution,augmentation,label_smoothing,method_specific_coefficients,checkpoint_selection,training_seed,inference_protocol,config_sha256
cal,cars,timm/resnet50.a1_in1k,ImageNet artifact 773525d5821de224f8f30c33377b7a795d7863e08522698200d3217d3f2a41bb; loaded state 45179af731d5ea5470ba5906fadf0b55b884338ca64d2b7f53f46096665ec6c6,16 global (2 x 8),160 epochs,SGD; lr=0.001; momentum=0.9; WD=1e-05,1e-3*0.9^((epoch+fraction)/2),299x299,"Resize341; random crop299; random horizontal flip; ColorJitter(brightness=.126,saturation=.5); ImageNet normalize",0.0,"beta=0.05; crop=[0.4, 0.6]; drop=[0.2, 0.5]; p-p_cf; 32 attentions; SyncBN",strict maximum deterministic original-view held-out accuracy; exact tie keeps earlier checkpoint,42,deterministic original-view pooled 5-fold OOF; no TTA; no cross-fold ensemble,7226d2fbb83b8c267fc186401ae691d0f2c02baa3611c5c74cdb7b1239d4f61f
cal,cub,timm/resnet50.a1_in1k,ImageNet artifact 773525d5821de224f8f30c33377b7a795d7863e08522698200d3217d3f2a41bb; loaded state 45179af731d5ea5470ba5906fadf0b55b884338ca64d2b7f53f46096665ec6c6,16 global (2 x 8),160 epochs,SGD; lr=0.001; momentum=0.9; WD=1e-05,1e-3*0.9^((epoch+fraction)/2),299x299,"Resize341; random crop299; random horizontal flip; ColorJitter(brightness=.126,saturation=.5); ImageNet normalize",0.0,"beta=0.05; crop=[0.4, 0.6]; drop=[0.2, 0.5]; p-p_cf; 32 attentions; SyncBN",strict maximum deterministic original-view held-out accuracy; exact tie keeps earlier checkpoint,42,deterministic original-view pooled 5-fold OOF; no TTA; no cross-fold ensemble,fd35c96a75309e92220955172adb644b8e1bcfccf716d6344abca5292376d1ac
dfag,cars,timm/resnet50.a1_in1k,ImageNet artifact 773525d5821de224f8f30c33377b7a795d7863e08522698200d3217d3f2a41bb; loaded state 45179af731d5ea5470ba5906fadf0b55b884338ca64d2b7f53f46096665ec6c6,32,reuse same-fold Ours Stage1; Stage2 60 epochs,AdamW; Stage1 backbone/head lr=1e-4/1e-3 WD=1e-3; Stage2 lr=5e-5 WD=5e-4,"Stage1 3-epoch warmup + cosine(T_max147,eta_min1e-5); Stage2 cosine(T_max60,eta_min1e-6)",299x299,Resize299; horizontal flip; ColorJitter(.1/.1/.1/.1); shear5; ImageNet normalize,Stage2=0.03,frozen anchor plus plastic Ours-FT; feature-wise gate 2048->128->2048; g*f_anchor+(1-g)*f_plastic,strict maximum deterministic original-view held-out accuracy; exact tie keeps earlier checkpoint,42,deterministic original-view pooled 5-fold OOF; no TTA; no cross-fold ensemble,b4d919e739d25245992b4ed0e9b809e836adac69d7e726c4a89542a788154914
dfag,cub,timm/resnet50.a1_in1k,ImageNet artifact 773525d5821de224f8f30c33377b7a795d7863e08522698200d3217d3f2a41bb; loaded state 45179af731d5ea5470ba5906fadf0b55b884338ca64d2b7f53f46096665ec6c6,32,reuse same-fold Ours Stage1; Stage2 60 epochs,AdamW; Stage1 backbone/head lr=1e-4/1e-3 WD=1e-3; Stage2 lr=5e-5 WD=5e-4,"Stage1 3-epoch warmup + cosine(T_max147,eta_min1e-5); Stage2 cosine(T_max60,eta_min1e-6)",299x299,Resize299; horizontal flip; ColorJitter(.1/.1/.1/.1); shear5; ImageNet normalize,Stage2=0.03,frozen anchor plus plastic Ours-FT; feature-wise gate 2048->128->2048; g*f_anchor+(1-g)*f_plastic,strict maximum deterministic original-view held-out accuracy; exact tie keeps earlier checkpoint,42,deterministic original-view pooled 5-fold OOF; no TTA; no cross-fold ensemble,b9afde9c8408eba229b15f978bd45938e89c387371e2f055d66f8e81f5a155fe
l2_sp,cars,timm/resnet50.a1_in1k,ImageNet artifact 773525d5821de224f8f30c33377b7a795d7863e08522698200d3217d3f2a41bb; loaded state 45179af731d5ea5470ba5906fadf0b55b884338ca64d2b7f53f46096665ec6c6,64,9000 optimizer iterations,SGD; lr=0.01; momentum=0.9; global WD=0.0,"step at iteration 6000, x0.1",299x299,Resize342; official-style brightness/saturation/contrast perturbation; random horizontal flip; random crop299; ImageNet normalize,0.0,alpha_SP=0.1; beta_classifier_L2=0.01; biases and BN affine excluded,strict maximum deterministic original-view held-out accuracy; exact tie keeps earlier checkpoint,42,deterministic original-view pooled 5-fold OOF; no TTA; no cross-fold ensemble,5af7842381f758cfaf57a25e8c586339aa0e35c855d326b5339fd85cd1341d60
l2_sp,cub,timm/resnet50.a1_in1k,ImageNet artifact 773525d5821de224f8f30c33377b7a795d7863e08522698200d3217d3f2a41bb; loaded state 45179af731d5ea5470ba5906fadf0b55b884338ca64d2b7f53f46096665ec6c6,64,9000 optimizer iterations,SGD; lr=0.01; momentum=0.9; global WD=0.0,"step at iteration 6000, x0.1",299x299,Resize342; official-style brightness/saturation/contrast perturbation; random horizontal flip; random crop299; ImageNet normalize,0.0,alpha_SP=0.1; beta_classifier_L2=0.01; biases and BN affine excluded,strict maximum deterministic original-view held-out accuracy; exact tie keeps earlier checkpoint,42,deterministic original-view pooled 5-fold OOF; no TTA; no cross-fold ensemble,067c2c4a04c9183642a4c94527341176226ef896c9f5ba7dffc560dd8fa31d2f
mc_loss,cars,timm/resnet50.a1_in1k,ImageNet artifact 773525d5821de224f8f30c33377b7a795d7863e08522698200d3217d3f2a41bb; loaded state 45179af731d5ea5470ba5906fadf0b55b884338ca64d2b7f53f46096665ec6c6,32,300 epochs,SGD; backbone lr=0.0001; classifier lr=0.01; momentum=0.9; WD=0.0005,"lr x0.1 at epochs [150, 225]",299x299,Resize299; random crop299 with padding4; random horizontal flip; ImageNet normalize,0.0,"CE + 0.005*(L_dis - 10*L_div); groups=0-107:10,108-195:11; CWA training-only",strict maximum deterministic original-view held-out accuracy; exact tie keeps earlier checkpoint,42,deterministic original-view pooled 5-fold OOF; no TTA; no cross-fold ensemble,af666e9a64aafed6f249251397c477ca5dd634fce6e2317d74b8f6cf71f58691
mc_loss,cub,timm/resnet50.a1_in1k,ImageNet artifact 773525d5821de224f8f30c33377b7a795d7863e08522698200d3217d3f2a41bb; loaded state 45179af731d5ea5470ba5906fadf0b55b884338ca64d2b7f53f46096665ec6c6,32,300 epochs,SGD; backbone lr=0.0001; classifier lr=0.01; momentum=0.9; WD=0.0005,"lr x0.1 at epochs [150, 225]",299x299,Resize299; random crop299 with padding4; random horizontal flip; ImageNet normalize,0.0,"CE + 0.005*(L_dis - 10*L_div); groups=0-151:10,152-199:11; CWA training-only",strict maximum deterministic original-view held-out accuracy; exact tie keeps earlier checkpoint,42,deterministic original-view pooled 5-fold OOF; no TTA; no cross-fold ensemble,9f38209114009fe341a1b53c3323ec2629a36815021cff9bb2fe55b059bba59b
ours_ft,cars,timm/resnet50.a1_in1k,ImageNet artifact 773525d5821de224f8f30c33377b7a795d7863e08522698200d3217d3f2a41bb; loaded state 45179af731d5ea5470ba5906fadf0b55b884338ca64d2b7f53f46096665ec6c6,Stage1=32; Stage2=32,Stage1 150 + Stage2 60 epochs,AdamW; Stage1 backbone/head lr=1e-4/1e-3 WD=1e-3; Stage2 lr=5e-5 WD=5e-4,"Stage1 3-epoch warmup + cosine(T_max147,eta_min1e-5); Stage2 cosine(T_max60,eta_min1e-6)",299x299,Resize299; horizontal flip; ColorJitter(.1/.1/.1/.1); shear5; ImageNet normalize,Stage1=0.05; Stage2=0.03,2048->1024 BN SiLU Drop0.2->1024 BN SiLU Drop0.2->classes,strict maximum deterministic original-view held-out accuracy; exact tie keeps earlier checkpoint,42,deterministic original-view pooled 5-fold OOF; no TTA; no cross-fold ensemble,012e845433ff36e49e1508aab3a0b0c6e478891d1473a69ee3fb3bf965d280cb
ours_ft,cub,timm/resnet50.a1_in1k,ImageNet artifact 773525d5821de224f8f30c33377b7a795d7863e08522698200d3217d3f2a41bb; loaded state 45179af731d5ea5470ba5906fadf0b55b884338ca64d2b7f53f46096665ec6c6,Stage1=32; Stage2=32,Stage1 150 + Stage2 60 epochs,AdamW; Stage1 backbone/head lr=1e-4/1e-3 WD=1e-3; Stage2 lr=5e-5 WD=5e-4,"Stage1 3-epoch warmup + cosine(T_max147,eta_min1e-5); Stage2 cosine(T_max60,eta_min1e-6)",299x299,Resize299; horizontal flip; ColorJitter(.1/.1/.1/.1); shear5; ImageNet normalize,Stage1=0.05; Stage2=0.03,2048->1024 BN SiLU Drop0.2->1024 BN SiLU Drop0.2->classes,strict maximum deterministic original-view held-out accuracy; exact tie keeps earlier checkpoint,42,deterministic original-view pooled 5-fold OOF; no TTA; no cross-fold ensemble,e36a0d032a4dab44e6842025eb0f5473708656a3d3a985fbeb8f24c64012fdef
progressive,cars,timm/resnet50.a1_in1k,ImageNet artifact 773525d5821de224f8f30c33377b7a795d7863e08522698200d3217d3f2a41bb; loaded state 45179af731d5ea5470ba5906fadf0b55b884338ca64d2b7f53f46096665ec6c6,Stage1=32; Stage2=32,Stage1 150 + Stage2 60 epochs,AdamW; Stage1 backbone/head lr=1e-4/1e-3 WD=1e-3; Stage2 lr=5e-5 WD=5e-4,"Stage1 3-epoch warmup + cosine(T_max147,eta_min1e-5); Stage2 cosine(T_max60,eta_min1e-6)",299x299,Resize299; horizontal flip; ColorJitter(.1/.1/.1/.1); shear5; ImageNet normalize,Stage1=0.05; Stage2=0.03,2048->256; five fixed shortcut blocks f_i=F_i(f_(i-1))+0.7*f_(i-1); mean f1..f5; no learnable lambda/MHSA/terminal residual,strict maximum deterministic original-view held-out accuracy; exact tie keeps earlier checkpoint,42,deterministic original-view pooled 5-fold OOF; no TTA; no cross-fold ensemble,55cfdd60c0c32bb7b91ab461925689506c44aa1f09db1b8e1840bed6cb8c532d
progressive,cub,timm/resnet50.a1_in1k,ImageNet artifact 773525d5821de224f8f30c33377b7a795d7863e08522698200d3217d3f2a41bb; loaded state 45179af731d5ea5470ba5906fadf0b55b884338ca64d2b7f53f46096665ec6c6,Stage1=32; Stage2=32,Stage1 150 + Stage2 60 epochs,AdamW; Stage1 backbone/head lr=1e-4/1e-3 WD=1e-3; Stage2 lr=5e-5 WD=5e-4,"Stage1 3-epoch warmup + cosine(T_max147,eta_min1e-5); Stage2 cosine(T_max60,eta_min1e-6)",299x299,Resize299; horizontal flip; ColorJitter(.1/.1/.1/.1); shear5; ImageNet normalize,Stage1=0.05; Stage2=0.03,2048->256; five fixed shortcut blocks f_i=F_i(f_(i-1))+0.7*f_(i-1); mean f1..f5; no learnable lambda/MHSA/terminal residual,strict maximum deterministic original-view held-out accuracy; exact tie keeps earlier checkpoint,42,deterministic original-view pooled 5-fold OOF; no TTA; no cross-fold ensemble,932cece71e92718b0752c34fa6a5bb8faa7120c2336432b90d3780c393f10e87
