sample_id,fold,y_true,y_pred
flowers_development:1010,2,45,45
flowers_development:1019,1,45,45
flowers_development:1024,4,45,45
flowers_development:1028,4,45,45
flowers_development:1035,0,45,45
flowers_development:1049,1,45,45
flowers_development:1052,2,45,45
flowers_development:1087,2,45,45
flowers_development:1089,4,45,45
flowers_development:1101,3,45,45
flowers_development:1111,4,45,45
flowers_development:1122,0,45,45
flowers_development:1126,3,45,45
flowers_development:1131,3,45,45
flowers_development:1142,1,45,45
flowers_development:1147,0,73,73
flowers_development:1152,3,73,73
flowers_development:1159,0,73,73
flowers_development:116,1,76,76
flowers_development:1162,0,73,73
flowers_development:1176,2,73,73
flowers_development:118,4,76,76
flowers_development:1190,2,73,73
flowers_development:1196,3,73,87
flowers_development:1212,0,73,73
flowers_development:1213,2,73,73
flowers_development:1221,1,73,73
flowers_development:1234,1,73,73
flowers_development:1236,4,73,73
flowers_development:1251,4,73,73
flowers_development:1254,1,73,73
flowers_development:126,0,76,76
flowers_development:1261,4,73,73
flowers_development:1270,3,73,73
flowers_development:1271,3,73,73
flowers_development:1285,1,73,73
flowers_development:1295,4,73,73
flowers_development:1304,2,73,73
flowers_development:1314,3,50,50
flowers_development:1317,2,50,50
flowers_development:1324,0,50,50
flowers_development:1335,4,50,50
flowers_development:1385,3,50,50
flowers_development:1413,2,50,50
flowers_development:1417,4,50,50
flowers_development:144,4,76,76
flowers_development:1445,0,50,50
flowers_development:1446,1,50,50
flowers_development:1448,4,50,50
flowers_development:1452,1,50,50
flowers_development:1455,1,50,50
flowers_development:1456,3,50,50
flowers_development:1459,0,50,50
flowers_development:1486,2,50,50
flowers_development:1498,4,43,43
flowers_development:1500,3,43,43
flowers_development:1521,0,43,43
flowers_development:1522,4,43,43
flowers_development:1525,3,43,43
flowers_development:1528,0,43,43
flowers_development:1533,1,43,43
flowers_development:1534,2,43,43
flowers_development:1539,2,43,43
flowers_development:1542,2,43,43
flowers_development:1545,3,43,43
flowers_development:1546,4,43,43
flowers_development:1552,4,43,43
flowers_development:1553,0,43,43
flowers_development:1556,0,43,43
flowers_development:1558,1,43,43
flowers_development:1566,1,43,43
flowers_development:1571,2,43,43
flowers_development:1580,1,43,43
flowers_development:1582,3,43,43
flowers_development:1587,2,81,81
flowers_development:1602,0,81,81
flowers_development:1608,3,81,81
flowers_development:1613,0,81,81
flowers_development:1618,1,81,81
flowers_development:1627,3,81,81
flowers_development:1637,4,81,81
flowers_development:1638,0,81,81
flowers_development:1639,3,81,81
flowers_development:1640,2,81,81
flowers_development:1644,2,81,81
flowers_development:1654,4,81,81
flowers_development:1655,3,81,81
flowers_development:1656,1,81,81
flowers_development:1657,1,81,81
flowers_development:1683,4,81,81
flowers_development:1688,2,81,81
flowers_development:169,2,76,76
flowers_development:1690,0,81,81
flowers_development:1691,4,81,81
flowers_development:1695,1,81,81
flowers_development:17,2,76,76
flowers_development:1705,0,82,82
flowers_development:1715,2,82,82
flowers_development:1716,0,82,82
flowers_development:1719,4,82,82
flowers_development:1742,3,82,82
flowers_development:1747,2,82,82
flowers_development:1751,4,82,82
flowers_development:1759,3,82,82
flowers_development:1760,1,82,82
flowers_development:1763,0,82,82
flowers_development:177,1,76,76
flowers_development:1776,3,82,82
flowers_development:1779,1,82,82
flowers_development:1781,2,82,82
flowers_development:1785,3,82,82
flowers_development:1789,2,82,82
flowers_development:1796,4,82,82
flowers_development:1797,0,82,82
flowers_development:1816,4,82,82
flowers_development:1819,1,82,82
flowers_development:1821,1,82,82
flowers_development:1831,4,77,77
flowers_development:1832,0,77,77
flowers_development:1835,2,77,77
flowers_development:1847,1,77,77
flowers_development:1852,3,77,77
flowers_development:1855,3,77,77
flowers_development:1864,0,77,77
flowers_development:1886,2,77,77
flowers_development:1900,4,77,77
flowers_development:1904,3,77,77
flowers_development:1907,0,77,77
flowers_development:1918,2,77,77
flowers_development:1923,1,77,77
flowers_development:1929,4,77,77
flowers_development:1932,1,77,77
flowers_development:1934,1,77,77
flowers_development:1937,0,77,77
flowers_development:1942,2,77,77
flowers_development:1948,4,77,77
flowers_development:1963,3,77,77
flowers_development:1966,3,79,79
flowers_development:1972,2,79,79
flowers_development:1973,4,79,79
flowers_development:1975,3,79,79
flowers_development:1987,1,79,79
flowers_development:1988,4,79,79
flowers_development:1990,1,79,79
flowers_development:1993,2,79,79
flowers_development:1997,1,79,79
flowers_development:200,1,76,76
flowers_development:2003,3,79,79
flowers_development:2006,2,79,79
flowers_development:2007,0,79,79
flowers_development:2011,0,79,79
flowers_development:2014,0,79,79
flowers_development:2019,3,79,79
flowers_development:2020,4,79,79
flowers_development:2055,4,79,79
flowers_development:2058,2,79,79
flowers_development:2060,1,79,79
flowers_development:2066,0,79,79
flowers_development:2075,4,74,74
flowers_development:2080,2,74,74
flowers_development:2081,1,74,74
flowers_development:2087,3,74,74
flowers_development:2095,2,74,74
flowers_development:2098,3,74,74
flowers_development:2110,0,74,74
flowers_development:212,0,76,76
flowers_development:2125,4,74,74
flowers_development:2144,0,74,74
flowers_development:2146,4,74,74
flowers_development:2158,3,74,74
flowers_development:2159,1,74,74
flowers_development:216,0,76,76
flowers_development:2160,2,74,74
flowers_development:2163,2,74,74
flowers_development:2166,3,74,74
flowers_development:2179,1,74,74
flowers_development:2182,0,74,74
flowers_development:2183,4,74,74
flowers_development:2184,0,74,74
flowers_development:2185,1,74,74
flowers_development:2191,0,40,40
flowers_development:2197,2,40,40
flowers_development:2201,4,40,40
flowers_development:2204,1,40,40
flowers_development:2205,3,40,40
flowers_development:2209,1,40,40
flowers_development:2211,4,40,40
flowers_development:2215,2,40,40
flowers_development:222,3,76,76
flowers_development:2227,0,40,40
flowers_development:2231,1,40,40
flowers_development:2239,4,40,40
flowers_development:2242,0,40,40
flowers_development:2250,3,40,40
flowers_development:2257,1,40,40
flowers_development:2259,0,40,40
flowers_development:2275,3,40,40
flowers_development:2277,2,40,40
flowers_development:2279,2,40,40
flowers_development:23,3,76,76
flowers_development:2307,3,40,40
flowers_development:2310,4,40,40
flowers_development:2326,4,42,42
flowers_development:2327,4,42,44
flowers_development:2334,0,42,42
flowers_development:2340,2,42,42
flowers_development:2350,0,42,90
flowers_development:2353,4,42,42
flowers_development:2354,2,42,42
flowers_development:2357,1,42,42
flowers_development:2361,4,42,42
flowers_development:2373,1,42,84
flowers_development:2375,0,42,42
flowers_development:2378,3,42,42
flowers_development:2386,2,42,42
flowers_development:2398,1,42,42
flowers_development:2400,1,42,42
flowers_development:2404,2,42,42
flowers_development:2408,3,42,42
flowers_development:2420,0,42,14
flowers_development:2421,3,42,42
flowers_development:2445,3,42,42
flowers_development:2454,3,75,75
flowers_development:2458,3,75,31
flowers_development:2461,4,75,75
flowers_development:2466,2,75,75
flowers_development:2468,1,75,75
flowers_development:2471,1,75,75
flowers_development:2475,0,75,75
flowers_development:2477,1,75,75
flowers_development:2485,0,75,75
flowers_development:2492,0,75,75
flowers_development:2500,1,75,75
flowers_development:2506,4,75,75
flowers_development:2507,2,75,75
flowers_development:2511,2,75,75
flowers_development:2514,3,75,75
flowers_development:2519,0,75,75
flowers_development:2521,2,75,75
flowers_development:2523,4,75,75
flowers_development:2543,3,75,75
flowers_development:255,3,72,72
flowers_development:2550,4,75,75
flowers_development:2554,3,83,83
flowers_development:2560,2,83,83
flowers_development:2565,0,83,83
flowers_development:2566,0,83,83
flowers_development:2571,4,83,83
flowers_development:2573,1,83,83
flowers_development:2577,2,83,83
flowers_development:2578,3,83,83
flowers_development:2581,3,83,83
flowers_development:2583,0,83,83
flowers_development:2598,3,83,83
flowers_development:2600,1,83,83
flowers_development:2601,4,83,83
flowers_development:2603,4,83,83
flowers_development:2608,2,83,83
flowers_development:2609,1,83,83
flowers_development:2614,1,83,83
flowers_development:2630,4,83,83
flowers_development:2632,2,83,83
flowers_development:2634,0,83,83
flowers_development:2642,0,57,57
flowers_development:2643,3,57,57
flowers_development:2649,3,57,57
flowers_development:2671,3,57,57
flowers_development:2672,1,57,57
flowers_development:2675,1,57,57
flowers_development:2678,1,57,57
flowers_development:2684,3,57,57
flowers_development:2688,0,57,57
flowers_development:2689,2,57,57
flowers_development:269,2,72,77
flowers_development:2694,2,57,57
flowers_development:2696,1,57,57
flowers_development:2706,2,57,57
flowers_development:2709,0,57,57
flowers_development:2716,4,57,57
flowers_development:2720,0,57,57
flowers_development:2730,4,57,57
flowers_development:2738,4,57,57
flowers_development:274,1,72,72
flowers_development:2745,4,57,57
flowers_development:2748,2,57,57
flowers_development:2753,2,55,55
flowers_development:2761,2,55,55
flowers_development:2762,3,55,55
flowers_development:2770,0,55,55
flowers_development:2776,4,55,55
flowers_development:2779,2,55,55
flowers_development:2782,0,55,55
flowers_development:28,2,76,76
flowers_development:2802,4,55,55
flowers_development:2803,1,55,55
flowers_development:2812,1,55,55
flowers_development:2828,3,55,55
flowers_development:2830,1,55,55
flowers_development:2832,0,55,55
flowers_development:2833,0,55,55
flowers_development:2834,3,55,55
flowers_development:2841,4,55,55
flowers_development:2846,2,55,55
flowers_development:2848,4,55,55
flowers_development:285,1,72,72
flowers_development:2852,1,55,55
flowers_development:2854,3,55,55
flowers_development:2863,2,85,85
flowers_development:2866,3,85,85
flowers_development:2867,4,85,85
flowers_development:2873,0,85,85
flowers_development:2876,0,85,85
flowers_development:2877,3,85,85
flowers_development:2879,3,85,85
flowers_development:2880,0,85,85
flowers_development:2884,4,85,85
flowers_development:2888,2,85,85
flowers_development:2892,4,85,85
flowers_development:2894,2,85,85
flowers_development:2901,1,85,85
flowers_development:2906,1,85,85
flowers_development:2909,4,85,85
flowers_development:291,0,72,72
flowers_development:2910,1,85,85
flowers_development:2911,3,85,85
flowers_development:2912,1,85,85
flowers_development:2915,2,85,85
flowers_development:2916,0,85,85
flowers_development:2927,0,59,59
flowers_development:2934,4,59,59
flowers_development:2939,3,59,59
flowers_development:2944,3,59,59
flowers_development:2945,3,59,59
flowers_development:2949,0,59,59
flowers_development:2956,1,59,59
flowers_development:2959,4,59,59
flowers_development:2963,0,59,59
flowers_development:2966,2,59,59
flowers_development:297,0,72,72
flowers_development:2981,2,59,59
flowers_development:2987,3,59,59
flowers_development:2995,1,59,59
flowers_development:2996,2,59,59
flowers_development:3000,1,59,59
flowers_development:3006,0,59,59
flowers_development:3012,1,59,59
flowers_development:3013,2,59,59
flowers_development:3025,4,59,59
flowers_development:3027,4,59,59
flowers_development:3029,3,91,91
flowers_development:3033,0,91,91
flowers_development:3034,3,91,91
flowers_development:3038,4,91,91
flowers_development:304,4,72,72
flowers_development:3046,1,91,91
flowers_development:3048,3,91,91
flowers_development:3050,1,91,91
flowers_development:3051,2,91,91
flowers_development:3052,0,91,91
flowers_development:3058,2,91,91
flowers_development:3064,2,91,91
flowers_development:3065,4,91,91
flowers_development:3067,4,91,91
flowers_development:3069,1,91,91
flowers_development:3072,4,91,91
flowers_development:3079,0,91,91
flowers_development:3080,2,91,91
flowers_development:3086,0,91,91
flowers_development:3093,1,91,91
flowers_development:3094,3,91,91
flowers_development:3101,3,10,10
flowers_development:3102,4,10,10
flowers_development:3104,1,10,10
flowers_development:3114,0,10,100
flowers_development:3116,0,10,10
flowers_development:3117,1,10,10
flowers_development:3119,0,10,10
flowers_development:3128,2,10,10
flowers_development:3132,2,10,10
flowers_development:3142,4,10,100
flowers_development:3150,3,10,10
flowers_development:3156,1,10,10
flowers_development:3157,4,10,10
flowers_development:3164,4,10,10
flowers_development:3165,1,10,10
flowers_development:3166,2,10,10
flowers_development:3169,2,10,10
flowers_development:3171,3,10,10
flowers_development:3172,3,10,10
flowers_development:3181,0,10,10
flowers_development:3183,2,64,64
flowers_development:319,1,72,72
flowers_development:3191,4,64,64
flowers_development:3194,4,64,64
flowers_development:3202,3,64,64
flowers_development:3215,4,64,64
flowers_development:3219,0,64,64
flowers_development:3225,3,64,64
flowers_development:3229,1,64,64
flowers_development:3234,3,64,64
flowers_development:3237,1,64,64
flowers_development:3248,3,64,64
flowers_development:3253,2,64,64
flowers_development:3256,1,64,64
flowers_development:3262,4,64,64
flowers_development:3269,0,64,64
flowers_development:3270,2,64,64
flowers_development:3272,0,64,64
flowers_development:3276,1,64,64
flowers_development:3281,0,64,64
flowers_development:3283,2,64,64
flowers_development:3294,2,7,7
flowers_development:3295,4,7,7
flowers_development:3297,0,7,7
flowers_development:3298,2,7,7
flowers_development:3302,4,7,7
flowers_development:3306,0,7,7
flowers_development:3310,3,7,7
flowers_development:3313,0,7,7
flowers_development:3315,2,7,7
flowers_development:3318,1,7,7
flowers_development:3327,2,7,7
flowers_development:3333,4,7,7
flowers_development:3336,1,7,7
flowers_development:3337,3,7,7
flowers_development:3339,1,7,7
flowers_development:3345,4,7,7
flowers_development:3346,3,7,7
flowers_development:3356,1,7,7
flowers_development:3360,0,7,7
flowers_development:3362,3,7,7
flowers_development:3371,3,22,22
flowers_development:3373,0,22,22
flowers_development:3386,1,22,22
flowers_development:3392,3,22,22
flowers_development:3395,0,22,22
flowers_development:3399,3,22,22
flowers_development:3402,2,22,22
flowers_development:3404,4,22,22
flowers_development:3406,2,22,22
flowers_development:3420,1,22,22
flowers_development:3424,4,22,22
flowers_development:3427,1,22,22
flowers_development:3440,2,22,22
flowers_development:3441,3,22,22
flowers_development:3442,0,22,22
flowers_development:3443,4,22,22
flowers_development:3445,4,22,22
flowers_development:3446,0,22,22
flowers_development:3448,1,22,22
flowers_development:3449,2,22,22
flowers_development:3464,0,29,29
flowers_development:3465,4,29,29
flowers_development:3469,0,29,29
flowers_development:3471,2,29,29
flowers_development:3473,1,29,29
flowers_development:3478,4,29,29
flowers_development:3480,1,29,29
flowers_development:3483,2,29,29
flowers_development:3484,3,29,29
flowers_development:3488,3,29,29
flowers_development:3489,4,29,29
flowers_development:3501,0,29,29
flowers_development:3505,4,29,29
flowers_development:3508,1,29,29
flowers_development:3510,2,29,29
flowers_development:3518,3,29,29
flowers_development:3521,2,29,29
flowers_development:3524,3,29,29
flowers_development:3528,1,29,29
flowers_development:3538,0,29,29
flowers_development:3548,4,71,71
flowers_development:3555,4,71,71
flowers_development:3561,1,71,71
flowers_development:3564,2,71,71
flowers_development:3566,2,71,71
flowers_development:3568,1,71,71
flowers_development:3570,3,71,71
flowers_development:3579,0,71,71
flowers_development:3581,4,71,71
flowers_development:3582,0,71,71
flowers_development:3583,1,71,71
flowers_development:3597,3,71,71
flowers_development:36,0,76,76
flowers_development:3600,1,71,71
flowers_development:3601,0,71,89
flowers_development:3605,2,71,71
flowers_development:3609,4,71,71
flowers_development:3612,2,71,71
flowers_development:3617,0,71,71
flowers_development:3619,3,71,71
flowers_development:3637,3,71,71
flowers_development:364,4,72,72
flowers_development:3651,1,52,52
flowers_development:3658,4,52,52
flowers_development:3659,2,52,52
flowers_development:366,4,72,72
flowers_development:3666,0,52,52
flowers_development:3667,3,52,52
flowers_development:3675,3,52,52
flowers_development:3681,2,52,52
flowers_development:3688,0,52,52
flowers_development:3690,4,52,52
flowers_development:3691,2,52,52
flowers_development:3700,1,52,52
flowers_development:3708,0,52,52
flowers_development:3709,0,52,52
flowers_development:3714,3,52,52
flowers_development:3719,1,52,52
flowers_development:3722,4,52,52
flowers_development:3725,3,52,52
flowers_development:3729,4,52,52
flowers_development:3730,2,52,52
flowers_development:3731,1,52,52
flowers_development:3738,3,36,36
flowers_development:3744,3,36,36
flowers_development:375,3,72,72
flowers_development:3761,4,36,36
flowers_development:3769,0,36,36
flowers_development:3770,3,36,36
flowers_development:3780,0,36,36
flowers_development:3783,4,36,36
flowers_development:3787,0,36,36
flowers_development:3789,2,36,36
flowers_development:3791,2,36,36
flowers_development:3799,4,36,36
flowers_development:38,3,76,76
flowers_development:380,0,72,72
flowers_development:3802,3,36,36
flowers_development:381,1,72,72
flowers_development:3811,2,36,36
flowers_development:3814,0,36,36
flowers_development:3821,1,36,36
flowers_development:3822,1,36,36
flowers_development:383,3,72,72
flowers_development:3835,0,16,16
flowers_development:3836,4,16,16
flowers_development:3843,4,16,16
flowers_development:3848,4,16,16
flowers_development:3851,3,16,16
flowers_development:3852,1,16,16
flowers_development:3854,2,16,16
flowers_development:3855,2,16,16
flowers_development:3860,3,16,16
flowers_development:3864,0,16,16
flowers_development:3867,1,16,16
flowers_development:3873,2,16,16
flowers_development:3874,4,16,16
flowers_development:3875,1,16,16
flowers_development:3879,2,16,16
flowers_development:3886,0,16,16
flowers_development:3887,1,16,16
flowers_development:3903,3,16,16
flowers_development:3908,3,16,16
flowers_development:3912,0,16,16
flowers_development:3923,3,50,50
flowers_development:3935,4,50,50
flowers_development:3955,0,50,50
flowers_development:3957,1,50,75
flowers_development:3967,2,50,50
flowers_development:400,0,72,72
flowers_development:4009,2,11,11
flowers_development:401,2,72,72
flowers_development:4019,3,11,11
flowers_development:4020,2,11,11
flowers_development:4027,0,11,11
flowers_development:4030,2,11,11
flowers_development:4032,0,11,11
flowers_development:4033,0,11,11
flowers_development:4035,4,11,11
flowers_development:4036,3,11,11
flowers_development:4037,3,11,11
flowers_development:4045,4,11,11
flowers_development:4056,3,11,11
flowers_development:4057,1,11,11
flowers_development:4058,1,11,11
flowers_development:4059,1,11,11
flowers_development:4062,2,11,11
flowers_development:4066,4,11,11
flowers_development:4073,0,11,11
flowers_development:4075,1,11,11
flowers_development:4076,4,11,11
flowers_development:4088,0,28,28
flowers_development:4089,2,28,28
flowers_development:4094,0,28,28
flowers_development:4095,4,28,28
flowers_development:4100,1,28,28
flowers_development:4103,0,28,28
flowers_development:4105,3,28,28
flowers_development:4107,3,28,28
flowers_development:411,2,72,72
flowers_development:4110,0,28,28
flowers_development:4113,4,28,28
flowers_development:4116,4,28,28
flowers_development:4123,2,28,28
flowers_development:4127,3,28,28
flowers_development:4128,1,28,28
flowers_development:4129,3,28,36
flowers_development:4134,4,28,28
flowers_development:4139,1,28,28
flowers_development:4142,1,28,28
flowers_development:4152,2,28,28
flowers_development:4153,2,28,28
flowers_development:4166,2,51,51
flowers_development:4167,3,51,51
flowers_development:4170,3,51,51
flowers_development:4175,1,51,51
flowers_development:4179,0,51,51
flowers_development:4181,2,51,51
flowers_development:4186,1,51,51
flowers_development:4189,0,51,51
flowers_development:4196,4,51,51
flowers_development:4205,2,51,51
flowers_development:4207,1,51,51
flowers_development:4208,4,51,51
flowers_development:4215,1,51,51
flowers_development:4223,4,51,51
flowers_development:4224,3,51,51
flowers_development:4226,0,51,51
flowers_development:4234,3,51,51
flowers_development:4236,2,51,51
flowers_development:4238,4,51,51
flowers_development:4241,0,51,51
flowers_development:4244,1,17,17
flowers_development:4246,1,17,17
flowers_development:4252,2,17,17
flowers_development:4256,0,17,17
flowers_development:4258,0,17,17
flowers_development:4260,3,17,17
flowers_development:4261,4,17,17
flowers_development:4267,4,17,17
flowers_development:4279,1,17,17
flowers_development:4282,3,17,17
flowers_development:4284,2,17,17
flowers_development:4287,1,17,17
flowers_development:4289,2,17,17
flowers_development:4296,0,17,17
flowers_development:4297,3,17,17
flowers_development:4298,4,17,17
flowers_development:4299,0,17,17
flowers_development:4300,2,17,17
flowers_development:4312,3,17,17
flowers_development:4323,4,17,17
flowers_development:4327,3,35,35
flowers_development:4329,2,35,35
flowers_development:433,4,72,72
flowers_development:4331,3,35,35
flowers_development:4333,1,35,35
flowers_development:4337,4,35,35
flowers_development:4338,1,35,35
flowers_development:4341,0,35,35
flowers_development:4347,2,35,35
flowers_development:4350,4,35,35
flowers_development:4356,4,35,35
flowers_development:4357,2,35,35
flowers_development:4358,3,35,35
flowers_development:4361,0,35,35
flowers_development:4366,2,35,35
flowers_development:4369,0,35,35
flowers_development:4374,3,35,35
flowers_development:4388,1,35,35
flowers_development:4392,1,35,35
flowers_development:4395,0,35,35
flowers_development:4400,4,35,35
flowers_development:4403,1,89,89
flowers_development:4405,3,89,89
flowers_development:4408,4,89,89
flowers_development:4417,1,89,89
flowers_development:4418,1,89,89
flowers_development:442,2,72,72
flowers_development:4428,4,89,89
flowers_development:4429,0,89,89
flowers_development:4438,0,89,89
flowers_development:444,3,72,72
flowers_development:4440,2,89,42
flowers_development:4443,0,89,89
flowers_development:4449,4,89,14
flowers_development:4453,2,89,89
flowers_development:4458,3,89,89
flowers_development:4464,2,89,89
flowers_development:4467,2,89,89
flowers_development:4469,3,89,89
flowers_development:4475,3,89,89
flowers_development:4479,1,89,89
flowers_development:4480,4,89,89
flowers_development:4487,4,70,70
flowers_development:4488,0,70,70
flowers_development:4489,1,70,70
flowers_development:4490,0,70,70
flowers_development:4491,4,70,70
flowers_development:4498,3,70,70
flowers_development:4500,4,70,70
flowers_development:4507,2,70,70
flowers_development:4512,2,70,70
flowers_development:4515,0,70,70
flowers_development:4516,1,70,70
flowers_development:4518,3,70,70
flowers_development:4523,3,70,70
flowers_development:4524,1,70,70
flowers_development:4529,4,70,70
flowers_development:4534,2,70,70
flowers_development:4537,3,70,70
flowers_development:4538,0,70,70
flowers_development:4540,2,70,70
flowers_development:4554,1,70,70
flowers_development:4558,0,39,39
flowers_development:4559,1,39,39
flowers_development:4560,1,39,39
flowers_development:4563,1,39,39
flowers_development:4566,3,39,39
flowers_development:4567,4,39,39
flowers_development:4568,0,39,95
flowers_development:4570,0,39,96
flowers_development:4571,4,39,39
flowers_development:4572,1,39,39
flowers_development:4573,3,39,39
flowers_development:4581,0,39,39
flowers_development:4582,2,39,39
flowers_development:4583,3,39,39
flowers_development:4586,4,39,39
flowers_development:4603,2,39,39
flowers_development:4605,2,39,39
flowers_development:4608,3,39,39
flowers_development:4614,4,39,93
flowers_development:4616,2,39,39
flowers_development:4625,4,47,47
flowers_development:4628,2,47,47
flowers_development:4636,3,47,47
flowers_development:4640,1,47,47
flowers_development:4645,3,47,47
flowers_development:4652,0,47,47
flowers_development:4654,4,47,47
flowers_development:4656,2,47,47
flowers_development:4660,1,47,47
flowers_development:4663,4,47,47
flowers_development:4670,0,47,47
flowers_development:4672,0,47,47
flowers_development:4676,1,47,47
flowers_development:4679,3,47,47
flowers_development:468,2,87,87
flowers_development:4682,2,47,47
flowers_development:4683,1,47,47
flowers_development:4689,0,47,47
flowers_development:4690,4,47,47
flowers_development:4693,3,47,47
flowers_development:4694,2,47,47
flowers_development:4696,2,54,54
flowers_development:4698,0,54,54
flowers_development:4703,4,54,54
flowers_development:4719,1,54,54
flowers_development:4720,4,54,54
flowers_development:4721,0,54,54
flowers_development:4723,0,54,54
flowers_development:4726,3,54,54
flowers_development:4732,3,54,54
flowers_development:4735,1,54,54
flowers_development:4738,0,54,54
flowers_development:4740,4,54,54
flowers_development:4741,1,54,54
flowers_development:4743,2,54,54
flowers_development:4746,2,54,54
flowers_development:4754,1,54,54
flowers_development:4757,3,54,54
flowers_development:4758,4,54,54
flowers_development:4761,2,54,54
flowers_development:4763,3,54,54
flowers_development:4767,1,84,84
flowers_development:4770,0,84,84
flowers_development:4771,4,84,84
flowers_development:4772,2,84,84
flowers_development:4774,2,84,84
flowers_development:4776,1,84,84
flowers_development:4777,1,84,84
flowers_development:4778,0,84,84
flowers_development:4779,3,84,84
flowers_development:4782,3,84,84
flowers_development:4784,0,84,84
flowers_development:4789,3,84,84
flowers_development:479,2,87,87
flowers_development:4797,2,84,84
flowers_development:4799,2,84,84
flowers_development:4806,1,84,84
flowers_development:4807,3,84,84
flowers_development:4814,4,84,84
flowers_development:4816,0,84,84
flowers_development:4825,4,84,84
flowers_development:4827,4,84,84
flowers_development:4829,1,90,90
flowers_development:4830,0,90,90
flowers_development:4831,0,90,90
flowers_development:4835,3,90,90
flowers_development:4836,0,90,90
flowers_development:4845,2,90,90
flowers_development:4846,4,90,90
flowers_development:4847,4,90,90
flowers_development:485,1,87,87
flowers_development:4851,1,90,90
flowers_development:4852,1,90,90
flowers_development:4855,4,90,90
flowers_development:4860,1,90,90
flowers_development:4868,2,90,90
flowers_development:487,4,87,87
flowers_development:4875,2,90,90
flowers_development:4879,3,90,90
flowers_development:4885,0,90,90
flowers_development:4897,3,19,19
flowers_development:4904,3,19,19
flowers_development:4905,4,19,19
flowers_development:4910,0,19,19
flowers_development:4912,2,19,19
flowers_development:4916,2,19,19
flowers_development:4919,1,19,19
flowers_development:4923,4,19,19
flowers_development:4925,0,19,19
flowers_development:4927,0,19,19
flowers_development:4931,2,19,19
flowers_development:4935,3,19,19
flowers_development:4936,1,19,19
flowers_development:4938,0,19,19
flowers_development:4939,4,19,19
flowers_development:4944,3,19,19
flowers_development:4945,4,19,19
flowers_development:4947,1,19,19
flowers_development:495,3,87,87
flowers_development:4950,2,19,19
flowers_development:4952,1,19,19
flowers_development:4961,3,46,46
flowers_development:4964,4,46,46
flowers_development:4965,0,46,46
flowers_development:4968,2,46,46
flowers_development:4969,4,46,46
flowers_development:4970,1,46,46
flowers_development:4975,3,46,46
flowers_development:4978,1,46,46
flowers_development:498,0,87,87
flowers_development:4985,0,46,46
flowers_development:4986,0,46,46
flowers_development:4988,2,46,46
flowers_development:4991,4,46,46
flowers_development:4993,2,46,46
flowers_development:5000,3,46,46
flowers_development:5002,1,46,46
flowers_development:5004,4,46,46
flowers_development:5009,1,46,46
flowers_development:501,4,87,87
flowers_development:5010,3,46,46
flowers_development:5015,2,46,46
flowers_development:5019,0,46,46
flowers_development:5022,2,58,58
flowers_development:5028,0,58,58
flowers_development:5036,4,58,58
flowers_development:5040,2,58,58
flowers_development:5042,1,58,58
flowers_development:5045,3,58,58
flowers_development:5046,2,58,58
flowers_development:5055,4,58,58
flowers_development:5062,3,58,58
flowers_development:5064,2,58,58
flowers_development:5065,1,58,58
flowers_development:5066,1,58,58
flowers_development:5069,4,58,58
flowers_development:5071,3,58,58
flowers_development:5074,0,58,58
flowers_development:5077,1,58,58
flowers_development:5081,0,58,58
flowers_development:5083,4,58,58
flowers_development:5084,3,58,58
flowers_development:5085,0,58,58
flowers_development:5091,1,1,1
flowers_development:5097,0,1,1
flowers_development:5100,2,1,1
flowers_development:5101,2,1,1
flowers_development:5104,0,1,1
flowers_development:5106,3,1,1
flowers_development:5108,1,1,1
flowers_development:5114,3,1,1
flowers_development:5115,1,1,1
flowers_development:5116,2,1,1
flowers_development:5118,4,1,1
flowers_development:5120,2,1,1
flowers_development:5123,4,1,1
flowers_development:5124,3,1,1
flowers_development:5132,0,1,1
flowers_development:5137,4,1,1
flowers_development:5138,0,1,1
flowers_development:514,3,87,87
flowers_development:5142,3,1,1
flowers_development:5145,4,1,1
flowers_development:5146,1,1,1
flowers_development:516,4,87,87
flowers_development:5161,0,4,4
flowers_development:5162,0,4,4
flowers_development:5164,2,4,4
flowers_development:5166,1,4,4
flowers_development:5167,3,4,4
flowers_development:5168,2,4,4
flowers_development:5169,1,4,4
flowers_development:5174,4,4,4
flowers_development:5178,2,4,4
flowers_development:5179,3,4,4
flowers_development:5182,0,4,40
flowers_development:5185,4,4,4
flowers_development:5186,2,4,4
flowers_development:5187,1,4,4
flowers_development:5191,0,4,4
flowers_development:5192,3,4,4
flowers_development:5194,1,4,4
flowers_development:5199,4,4,4
flowers_development:5204,3,4,4
flowers_development:5211,4,4,4
flowers_development:5221,1,27,27
flowers_development:5224,4,27,27
flowers_development:5226,0,27,27
flowers_development:5230,4,27,27
flowers_development:5232,3,27,27
flowers_development:5233,0,27,27
flowers_development:5234,2,27,27
flowers_development:5235,3,27,27
flowers_development:524,1,87,87
flowers_development:5240,3,27,27
flowers_development:5242,0,27,27
flowers_development:5243,1,27,41
flowers_development:5256,4,27,27
flowers_development:5259,2,27,27
flowers_development:5260,0,27,27
flowers_development:5261,1,27,27
flowers_development:5265,4,27,27
flowers_development:5266,3,27,27
flowers_development:5268,2,27,27
flowers_development:5272,1,27,27
flowers_development:5276,2,27,27
flowers_development:5279,3,69,69
flowers_development:5285,0,69,69
flowers_development:5289,4,69,69
flowers_development:5291,2,69,69
flowers_development:5292,1,69,69
flowers_development:5293,0,69,69
flowers_development:5303,3,69,69
flowers_development:5305,2,69,69
flowers_development:5306,1,69,69
flowers_development:5309,3,69,69
flowers_development:5310,4,69,69
flowers_development:5317,2,69,69
flowers_development:5320,4,69,69
flowers_development:5321,0,69,69
flowers_development:5323,0,69,69
flowers_development:5327,1,69,69
flowers_development:5330,1,69,69
flowers_development:5333,2,69,69
flowers_development:5336,4,69,69
flowers_development:5339,3,69,69
flowers_development:534,0,87,87
flowers_development:5343,0,21,21
flowers_development:5344,2,21,21
flowers_development:5345,4,21,21
flowers_development:5346,3,21,21
flowers_development:535,4,87,87
flowers_development:5351,2,21,21
flowers_development:5354,3,21,21
flowers_development:5359,3,21,21
flowers_development:5360,0,21,21
flowers_development:5362,4,21,21
flowers_development:5366,1,21,21
flowers_development:5367,4,21,21
flowers_development:5369,4,21,21
flowers_development:5373,2,21,21
flowers_development:5374,1,21,21
flowers_development:5376,3,21,21
flowers_development:5379,1,21,21
flowers_development:5388,1,21,21
flowers_development:5389,0,21,21
flowers_development:5392,0,21,21
flowers_development:5396,2,21,21
flowers_development:5400,2,53,53
flowers_development:5404,4,53,53
flowers_development:5407,4,53,53
flowers_development:5410,2,53,53
flowers_development:5412,2,53,53
flowers_development:5413,1,53,53
flowers_development:5419,3,53,53
flowers_development:5424,1,53,53
flowers_development:5425,3,53,53
flowers_development:5428,3,53,53
flowers_development:543,3,87,87
flowers_development:5430,1,53,53
flowers_development:5431,0,53,53
flowers_development:5437,0,53,53
flowers_development:5441,4,53,53
flowers_development:5443,4,53,53
flowers_development:5444,0,53,53
flowers_development:5446,2,53,53
flowers_development:5447,3,53,53
flowers_development:5449,0,53,53
flowers_development:5456,1,53,53
flowers_development:5461,2,86,86
flowers_development:5463,1,86,86
flowers_development:5465,0,86,86
flowers_development:5466,1,86,86
flowers_development:5472,4,86,86
flowers_development:5475,3,86,86
flowers_development:5478,4,86,86
flowers_development:5479,2,86,86
flowers_development:5484,3,86,86
flowers_development:5485,1,86,86
flowers_development:549,2,87,87
flowers_development:5491,2,86,86
flowers_development:5498,1,86,86
flowers_development:55,3,76,76
flowers_development:5500,0,86,86
flowers_development:5506,2,86,86
flowers_development:5507,4,86,86
flowers_development:5508,3,86,86
flowers_development:5510,0,86,86
flowers_development:5511,0,86,86
flowers_development:5516,4,86,86
flowers_development:5517,3,86,86
flowers_development:5523,0,65,65
flowers_development:5524,3,65,65
flowers_development:5529,0,65,65
flowers_development:5530,0,65,65
flowers_development:5533,2,65,65
flowers_development:5538,2,65,65
flowers_development:5541,1,65,65
flowers_development:5550,2,65,65
flowers_development:5560,1,65,65
flowers_development:5563,4,65,65
flowers_development:5564,2,65,65
flowers_development:5567,1,65,65
flowers_development:5568,4,65,65
flowers_development:5571,3,65,65
flowers_development:5573,3,65,65
flowers_development:5576,1,65,65
flowers_development:5579,4,65,65
flowers_development:5581,3,65,65
flowers_development:5582,4,65,65
flowers_development:5583,0,65,65
flowers_development:5585,4,31,31
flowers_development:5588,3,31,31
flowers_development:5589,2,31,31
flowers_development:5590,0,31,31
flowers_development:5592,0,31,31
flowers_development:5593,0,31,31
flowers_development:5595,2,31,31
flowers_development:5598,3,31,31
flowers_development:5599,0,31,31
flowers_development:5600,2,31,31
flowers_development:5601,1,31,31
flowers_development:5603,3,31,31
flowers_development:5608,1,31,31
flowers_development:5609,1,31,31
flowers_development:5612,3,31,31
flowers_development:5616,1,31,31
flowers_development:5619,4,31,31
flowers_development:5621,4,31,31
flowers_development:5622,4,31,31
flowers_development:5625,2,31,31
flowers_development:5634,1,3,3
flowers_development:5635,3,3,3
flowers_development:5636,4,3,3
flowers_development:5637,1,3,3
flowers_development:5638,3,3,3
flowers_development:564,0,87,87
flowers_development:5640,4,3,3
flowers_development:5648,1,3,3
flowers_development:5651,0,3,3
flowers_development:5653,2,3,8
flowers_development:5654,0,3,3
flowers_development:5658,4,3,79
flowers_development:5659,2,3,3
flowers_development:5662,0,3,3
flowers_development:5663,1,3,3
flowers_development:5664,2,3,94
flowers_development:5670,2,3,3
flowers_development:5672,4,3,79
flowers_development:5674,0,3,3
flowers_development:5678,3,3,38
flowers_development:5684,3,3,3
flowers_development:5685,2,41,41
flowers_development:5689,0,41,41
flowers_development:5691,4,41,41
flowers_development:5694,1,41,41
flowers_development:5698,2,41,41
flowers_development:5699,0,41,41
flowers_development:570,1,87,87
flowers_development:5709,2,41,41
flowers_development:5711,0,41,41
flowers_development:5718,3,41,41
flowers_development:5719,4,41,41
flowers_development:5720,1,41,41
flowers_development:5721,3,41,41
flowers_development:5722,2,41,41
flowers_development:5724,1,41,41
flowers_development:5727,3,41,41
flowers_development:5728,3,41,41
flowers_development:5730,4,41,41
flowers_development:5731,4,41,41
flowers_development:5740,1,41,41
flowers_development:5741,0,41,41
flowers_development:5746,2,12,12
flowers_development:5752,2,12,12
flowers_development:5753,0,12,12
flowers_development:5755,4,12,12
flowers_development:5757,0,12,12
flowers_development:576,2,87,87
flowers_development:5762,0,12,12
flowers_development:5767,4,12,12
flowers_development:5768,1,12,12
flowers_development:5770,3,12,12
flowers_development:5772,2,12,12
flowers_development:5773,4,12,12
flowers_development:5774,2,12,12
flowers_development:5779,3,12,12
flowers_development:578,1,87,87
flowers_development:5783,4,12,12
flowers_development:5785,1,12,12
flowers_development:5786,3,12,12
flowers_development:5787,3,12,12
flowers_development:5789,1,12,12
flowers_development:5790,0,12,12
flowers_development:5791,1,12,12
flowers_development:5794,2,37,37
flowers_development:5796,0,37,37
flowers_development:5797,4,37,37
flowers_development:5798,1,37,37
flowers_development:5800,0,37,37
flowers_development:5805,3,37,37
flowers_development:5809,4,37,37
flowers_development:5814,1,37,37
flowers_development:5815,3,37,37
flowers_development:5819,2,37,37
flowers_development:5823,0,37,37
flowers_development:5824,4,37,37
flowers_development:5828,4,37,37
flowers_development:5829,2,37,37
flowers_development:5832,3,37,37
flowers_development:5833,2,37,37
flowers_development:5834,1,37,37
flowers_development:5839,3,37,37
flowers_development:5842,0,37,37
flowers_development:5845,1,37,37
flowers_development:5855,0,62,62
flowers_development:5858,0,62,62
flowers_development:5860,1,62,62
flowers_development:5866,0,62,62
flowers_development:5868,4,62,62
flowers_development:587,3,87,87
flowers_development:5874,2,62,62
flowers_development:5876,3,62,62
flowers_development:5880,2,62,62
flowers_development:5881,1,62,62
flowers_development:5886,3,62,62
flowers_development:5888,1,62,62
flowers_development:5891,0,62,62
flowers_development:5893,4,62,62
flowers_development:5895,1,62,62
flowers_development:5896,4,62,62
flowers_development:5897,2,62,62
flowers_development:5898,3,62,62
flowers_development:590,0,87,3
flowers_development:5900,2,62,62
flowers_development:5901,4,62,62
flowers_development:5902,3,62,62
flowers_development:5905,0,67,67
flowers_development:5906,1,67,67
flowers_development:5909,1,67,67
flowers_development:5913,3,67,67
flowers_development:5916,4,67,67
flowers_development:5918,2,67,67
flowers_development:5921,3,67,67
flowers_development:5922,3,67,67
flowers_development:5925,2,67,67
flowers_development:5926,4,67,67
flowers_development:5931,4,67,67
flowers_development:5934,3,67,67
flowers_development:5937,1,67,67
flowers_development:5940,4,67,89
flowers_development:5945,2,67,67
flowers_development:5947,2,67,67
flowers_development:5950,0,67,67
flowers_development:5951,0,67,67
flowers_development:5954,1,67,67
flowers_development:5956,0,67,3
flowers_development:5958,1,68,68
flowers_development:5962,4,68,68
flowers_development:5964,2,68,68
flowers_development:5971,3,68,68
flowers_development:5972,3,68,68
flowers_development:5974,0,68,68
flowers_development:5975,0,68,68
flowers_development:5977,2,68,68
flowers_development:5983,3,68,68
flowers_development:5986,4,68,68
flowers_development:5989,0,68,68
flowers_development:5990,1,68,68
flowers_development:5993,2,68,68
flowers_development:5994,4,68,68
flowers_development:5997,1,68,68
flowers_development:6000,1,68,68
flowers_development:6002,4,68,68
flowers_development:6004,0,68,68
flowers_development:6006,2,68,68
flowers_development:6010,3,68,68
flowers_development:6013,1,92,92
flowers_development:6016,3,92,92
flowers_development:6017,2,92,92
flowers_development:6019,3,92,92
flowers_development:6023,0,92,92
flowers_development:6025,3,92,92
flowers_development:6026,1,92,92
flowers_development:6027,1,92,92
flowers_development:6033,2,92,92
flowers_development:6038,0,92,92
flowers_development:6039,2,92,92
flowers_development:6040,0,92,92
flowers_development:6042,4,92,92
flowers_development:6043,1,92,92
flowers_development:6045,4,92,92
flowers_development:6048,4,92,92
flowers_development:6049,2,13,13
flowers_development:6051,4,13,13
flowers_development:6052,2,13,13
flowers_development:6053,0,13,13
flowers_development:6055,4,13,13
flowers_development:6057,3,13,13
flowers_development:6058,1,13,13
flowers_development:6059,1,13,13
flowers_development:6060,0,13,13
flowers_development:6061,2,13,13
flowers_development:6065,4,13,13
flowers_development:6066,4,13,13
flowers_development:607,3,88,88
flowers_development:6070,3,13,13
flowers_development:6073,0,13,13
flowers_development:6075,1,13,13
flowers_development:6076,3,13,13
flowers_development:6083,2,13,13
flowers_development:6087,1,13,13
flowers_development:6092,0,13,13
flowers_development:6093,3,13,94
flowers_development:6097,1,63,63
flowers_development:6098,1,63,63
flowers_development:6101,3,63,63
flowers_development:6102,0,63,63
flowers_development:6103,3,63,63
flowers_development:6105,2,63,63
flowers_development:6108,2,63,63
flowers_development:6111,4,63,63
flowers_development:6118,3,63,63
flowers_development:6119,0,63,63
flowers_development:6122,1,63,63
flowers_development:6124,0,63,63
flowers_development:6126,3,63,63
flowers_development:6127,2,63,63
flowers_development:6128,4,63,63
flowers_development:6129,0,63,63
flowers_development:6133,1,63,63
flowers_development:6142,4,63,63
flowers_development:6144,4,63,63
flowers_development:6145,2,63,63
flowers_development:6155,4,18,18
flowers_development:6156,2,18,18
flowers_development:6157,0,18,18
flowers_development:6161,4,18,18
flowers_development:6165,3,18,18
flowers_development:6169,2,18,18
flowers_development:6170,1,18,18
flowers_development:6174,4,18,18
flowers_development:6175,1,18,18
flowers_development:6179,2,18,18
flowers_development:6180,3,18,18
flowers_development:6181,0,18,18
flowers_development:6183,3,18,18
flowers_development:6185,1,18,18
flowers_development:6186,1,18,18
flowers_development:6189,4,18,18
flowers_development:6190,0,18,18
flowers_development:6191,0,18,18
flowers_development:6192,3,18,18
flowers_development:6196,2,18,18
flowers_development:6200,0,48,48
flowers_development:6204,3,48,48
flowers_development:6205,4,48,48
flowers_development:6206,3,48,48
flowers_development:6209,2,48,48
flowers_development:6213,3,48,48
flowers_development:6214,0,48,48
flowers_development:6217,0,48,48
flowers_development:6218,2,48,48
flowers_development:6223,3,48,48
flowers_development:6224,4,48,48
flowers_development:6225,2,48,48
flowers_development:6229,1,48,48
flowers_development:6232,0,48,48
flowers_development:6233,1,48,48
flowers_development:6237,4,48,48
flowers_development:6239,2,48,48
flowers_development:6241,1,48,48
flowers_development:6242,4,48,48
flowers_development:6243,1,48,48
flowers_development:6248,1,60,60
flowers_development:6249,1,60,60
flowers_development:6252,4,60,60
flowers_development:6253,1,60,60
flowers_development:6254,4,60,60
flowers_development:6255,4,60,60
flowers_development:6256,3,60,60
flowers_development:6257,2,60,60
flowers_development:6261,3,60,60
flowers_development:6268,4,60,60
flowers_development:6273,0,60,60
flowers_development:6274,2,60,60
flowers_development:6275,0,60,60
flowers_development:6276,3,60,60
flowers_development:6279,1,60,60
flowers_development:628,0,88,88
flowers_development:6280,3,60,60
flowers_development:6281,0,60,60
flowers_development:6285,2,60,60
flowers_development:6292,0,60,60
flowers_development:6293,2,60,60
flowers_development:6300,1,49,49
flowers_development:6307,2,49,49
flowers_development:6308,1,49,49
flowers_development:6310,0,49,49
flowers_development:6313,4,49,49
flowers_development:6333,4,49,49
flowers_development:6335,3,49,49
flowers_development:6343,4,49,49
flowers_development:6348,3,14,14
flowers_development:6349,0,14,14
flowers_development:6350,4,14,14
flowers_development:6354,2,14,14
flowers_development:6356,1,14,14
flowers_development:6357,3,14,14
flowers_development:6359,4,14,14
flowers_development:6364,2,14,14
flowers_development:6368,4,14,14
flowers_development:6375,1,14,14
flowers_development:6376,3,14,14
flowers_development:6378,1,14,14
flowers_development:6381,0,14,14
flowers_development:6384,1,14,14
flowers_development:6386,3,14,14
flowers_development:6387,0,14,14
flowers_development:6388,2,14,14
flowers_development:6390,0,14,14
flowers_development:6392,2,14,14
flowers_development:6393,4,14,14
flowers_development:6398,2,8,8
flowers_development:640,4,88,88
flowers_development:6400,3,8,8
flowers_development:6403,4,8,8
flowers_development:6404,1,8,8
flowers_development:6405,0,8,8
flowers_development:6408,1,8,8
flowers_development:6411,0,8,8
flowers_development:6413,1,8,8
flowers_development:6415,4,8,8
flowers_development:6420,0,8,8
flowers_development:6423,2,8,8
flowers_development:6424,3,8,8
flowers_development:6427,4,8,8
flowers_development:6428,3,8,8
flowers_development:6430,0,8,8
flowers_development:6432,4,8,8
flowers_development:6434,2,8,8
flowers_development:6436,3,8,8
flowers_development:6437,2,8,8
flowers_development:6438,1,8,8
flowers_development:6441,4,32,32
flowers_development:6442,4,32,32
flowers_development:6443,4,32,32
flowers_development:6445,0,32,32
flowers_development:6446,1,32,32
flowers_development:6449,4,32,32
flowers_development:6450,3,32,32
flowers_development:6451,3,32,32
flowers_development:6453,2,32,32
flowers_development:6454,1,32,92
flowers_development:6456,2,32,32
flowers_development:6459,1,32,32
flowers_development:6460,0,32,32
flowers_development:6465,3,32,32
flowers_development:6467,0,32,32
flowers_development:6468,0,32,32
flowers_development:6469,2,32,32
flowers_development:6474,3,32,32
flowers_development:6480,1,32,32
flowers_development:6481,2,32,32
flowers_development:6487,1,25,25
flowers_development:6491,1,25,25
flowers_development:6494,0,25,25
flowers_development:6505,3,25,25
flowers_development:6506,0,25,25
flowers_development:6509,4,25,25
flowers_development:6510,3,25,25
flowers_development:6512,2,25,25
flowers_development:6513,1,25,25
flowers_development:6515,4,25,25
flowers_development:6516,1,25,25
flowers_development:6517,3,25,25
flowers_development:6518,0,25,25
flowers_development:6519,4,25,44
flowers_development:6520,2,25,25
flowers_development:6521,3,25,25
flowers_development:6522,2,25,25
flowers_development:6523,4,25,25
flowers_development:6524,2,25,25
flowers_development:6525,0,25,25
flowers_development:6531,2,49,49
flowers_development:6534,1,49,49
flowers_development:6543,1,49,49
flowers_development:6547,3,49,49
flowers_development:6549,3,49,49
flowers_development:6550,0,49,49
flowers_development:6553,2,49,49
flowers_development:6556,4,49,49
flowers_development:656,1,88,88
flowers_development:6560,2,49,49
flowers_development:6562,0,49,49
flowers_development:6564,0,49,49
flowers_development:6567,3,49,49
flowers_development:6573,0,24,24
flowers_development:6574,4,24,24
flowers_development:6576,1,24,24
flowers_development:6577,4,24,24
flowers_development:6578,2,24,24
flowers_development:6580,1,24,24
flowers_development:6582,0,24,24
flowers_development:6584,2,24,24
flowers_development:6585,4,24,24
flowers_development:6587,1,24,24
flowers_development:6590,0,24,24
flowers_development:6591,1,24,24
flowers_development:6592,2,24,24
flowers_development:6593,3,24,24
flowers_development:6594,2,24,24
flowers_development:6599,3,24,24
flowers_development:6601,3,24,24
flowers_development:6603,3,24,24
flowers_development:6605,4,24,24
flowers_development:6611,0,24,24
flowers_development:6612,2,2,2
flowers_development:6614,1,2,2
flowers_development:6616,4,2,2
flowers_development:6618,3,2,2
flowers_development:6623,1,2,6
flowers_development:6624,4,2,2
flowers_development:6626,1,2,2
flowers_development:6630,3,2,2
flowers_development:6631,2,2,2
flowers_development:6632,0,2,2
flowers_development:6634,2,2,2
flowers_development:6638,2,2,2
flowers_development:6639,1,2,2
flowers_development:664,3,88,88
flowers_development:6640,0,2,2
flowers_development:6642,3,2,2
flowers_development:6644,4,2,2
flowers_development:6645,4,2,2
flowers_development:6646,3,2,2
flowers_development:6647,0,2,2
flowers_development:665,3,88,88
flowers_development:6651,0,2,19
flowers_development:6652,2,15,15
flowers_development:666,2,88,88
flowers_development:6660,0,15,15
flowers_development:6662,3,15,15
flowers_development:6663,3,15,15
flowers_development:6667,0,15,15
flowers_development:6668,0,15,15
flowers_development:6669,3,15,15
flowers_development:667,0,88,88
flowers_development:6674,2,15,15
flowers_development:6675,4,15,15
flowers_development:6678,0,15,47
flowers_development:6679,4,15,15
flowers_development:668,1,88,88
flowers_development:6680,1,15,15
flowers_development:6681,1,15,15
flowers_development:6682,2,15,15
flowers_development:6686,1,15,15
flowers_development:6688,4,15,15
flowers_development:6689,2,15,15
flowers_development:6690,1,15,15
flowers_development:6691,4,15,15
flowers_development:6692,3,15,15
flowers_development:6693,2,78,78
flowers_development:6695,3,78,78
flowers_development:6696,2,78,78
flowers_development:6697,4,78,78
flowers_development:6698,0,78,78
flowers_development:6699,3,78,78
flowers_development:6700,4,78,78
flowers_development:6704,1,78,78
flowers_development:6708,1,78,78
flowers_development:6709,1,78,78
flowers_development:6710,3,78,78
flowers_development:6713,3,78,78
flowers_development:6714,4,78,78
flowers_development:6715,0,78,78
flowers_development:6716,2,78,78
flowers_development:6717,2,78,78
flowers_development:6719,4,78,78
flowers_development:672,1,88,88
flowers_development:6724,0,78,78
flowers_development:6731,1,78,78
flowers_development:6732,0,78,78
flowers_development:6736,0,0,0
flowers_development:6738,3,0,0
flowers_development:6739,2,0,0
flowers_development:6740,3,0,0
flowers_development:6741,4,0,0
flowers_development:6744,2,0,0
flowers_development:6747,2,0,0
flowers_development:6749,4,0,0
flowers_development:6750,0,0,0
flowers_development:6754,1,0,0
flowers_development:6755,4,0,0
flowers_development:6761,1,0,0
flowers_development:6762,4,0,0
flowers_development:6763,1,0,0
flowers_development:6765,0,0,0
flowers_development:6766,1,0,0
flowers_development:6767,0,0,0
flowers_development:6768,3,0,0
flowers_development:6771,2,0,0
flowers_development:6773,3,0,0
flowers_development:6775,0,20,20
flowers_development:6780,0,20,20
flowers_development:6781,3,20,20
flowers_development:6783,3,20,20
flowers_development:6788,1,20,20
flowers_development:6789,1,20,20
flowers_development:6792,4,20,20
flowers_development:6794,1,20,20
flowers_development:6795,4,20,20
flowers_development:6797,3,20,20
flowers_development:6798,2,20,20
flowers_development:6799,0,20,20
flowers_development:6800,4,20,20
flowers_development:6802,2,20,20
flowers_development:6803,2,20,20
flowers_development:6804,1,20,20
flowers_development:6806,4,20,20
flowers_development:6808,3,20,20
flowers_development:6809,0,20,20
flowers_development:6812,2,20,20
flowers_development:6814,4,23,23
flowers_development:6816,0,23,23
flowers_development:6817,3,23,23
flowers_development:6819,2,23,23
flowers_development:6824,0,23,23
flowers_development:6825,4,23,23
flowers_development:6828,1,23,23
flowers_development:6831,4,23,23
flowers_development:6832,3,23,23
flowers_development:6833,4,23,23
flowers_development:6834,0,23,23
flowers_development:6839,1,23,23
flowers_development:6840,1,23,23
flowers_development:6841,0,23,23
flowers_development:6842,3,23,23
flowers_development:6845,2,23,23
flowers_development:6848,2,23,23
flowers_development:6849,3,23,23
flowers_development:685,3,88,88
flowers_development:6850,0,26,26
flowers_development:6852,0,26,91
flowers_development:6854,4,26,26
flowers_development:6855,1,26,26
flowers_development:6856,2,26,26
flowers_development:6857,4,26,26
flowers_development:6858,3,26,26
flowers_development:6859,0,26,26
flowers_development:6860,0,26,26
flowers_development:6861,3,26,26
flowers_development:6865,2,26,26
flowers_development:6867,1,26,26
flowers_development:6869,2,26,26
flowers_development:6870,3,26,26
flowers_development:6872,3,26,26
flowers_development:6873,1,26,26
flowers_development:6878,1,26,26
flowers_development:6883,4,26,26
flowers_development:6885,2,26,26
flowers_development:6886,4,26,26
flowers_development:6892,2,30,30
flowers_development:6893,2,30,30
flowers_development:6894,4,30,29
flowers_development:6902,0,30,30
flowers_development:6904,4,30,29
flowers_development:6906,0,30,30
flowers_development:6907,0,30,30
flowers_development:6909,2,30,30
flowers_development:6910,1,30,30
flowers_development:6911,1,30,30
flowers_development:6912,3,30,30
flowers_development:6913,2,30,30
flowers_development:6917,0,30,30
flowers_development:692,0,88,88
flowers_development:6922,4,30,30
flowers_development:6931,2,33,33
flowers_development:6934,3,33,33
flowers_development:6936,4,33,33
flowers_development:6937,0,33,33
flowers_development:6939,0,33,33
flowers_development:6940,1,33,33
flowers_development:6941,0,33,33
flowers_development:6942,4,33,33
flowers_development:6943,0,33,33
flowers_development:6945,3,33,33
flowers_development:6946,2,33,33
flowers_development:6947,3,33,33
flowers_development:6948,4,33,33
flowers_development:695,0,88,88
flowers_development:6950,4,33,33
flowers_development:6955,1,33,33
flowers_development:6956,3,33,33
flowers_development:6958,1,33,33
flowers_development:6962,2,33,33
flowers_development:6964,1,33,33
flowers_development:6966,2,33,33
flowers_development:6971,0,34,34
flowers_development:6972,0,34,34
flowers_development:6973,4,34,34
flowers_development:6979,1,34,34
flowers_development:6980,2,34,34
flowers_development:6981,4,34,34
flowers_development:6982,3,34,34
flowers_development:6983,4,34,34
flowers_development:6984,4,34,34
flowers_development:6985,0,34,34
flowers_development:6989,3,34,34
flowers_development:6994,1,34,34
flowers_development:6996,2,34,34
flowers_development:7000,2,34,34
flowers_development:7002,3,34,34
flowers_development:7003,2,34,34
flowers_development:7006,1,34,34
flowers_development:7008,2,38,38
flowers_development:7010,2,38,38
flowers_development:7011,1,38,38
flowers_development:7012,0,38,38
flowers_development:7013,3,38,38
flowers_development:7015,4,38,38
flowers_development:7019,4,38,38
flowers_development:7023,0,38,38
flowers_development:7025,3,38,38
flowers_development:7026,3,38,38
flowers_development:7028,4,38,38
flowers_development:7029,3,38,38
flowers_development:7030,0,38,38
flowers_development:7032,2,38,38
flowers_development:7033,1,38,38
flowers_development:7035,1,38,38
flowers_development:7039,0,38,38
flowers_development:7041,2,38,38
flowers_development:7043,1,38,72
flowers_development:7045,4,38,38
flowers_development:7051,3,66,66
flowers_development:7052,2,66,66
flowers_development:7053,0,66,66
flowers_development:7054,1,66,19
flowers_development:7056,4,66,66
flowers_development:7058,1,66,66
flowers_development:7059,4,66,66
flowers_development:706,4,88,88
flowers_development:7061,2,66,66
flowers_development:7063,1,66,66
flowers_development:7065,4,66,66
flowers_development:7069,2,66,66
flowers_development:7070,1,66,66
flowers_development:7071,4,66,66
flowers_development:7073,3,66,66
flowers_development:7074,0,66,66
flowers_development:7077,0,66,66
flowers_development:7080,0,66,66
flowers_development:7082,3,66,66
flowers_development:7083,2,66,66
flowers_development:7087,0,9,9
flowers_development:7093,2,9,9
flowers_development:7095,3,9,9
flowers_development:7096,0,9,9
flowers_development:7098,4,9,9
flowers_development:7099,4,9,9
flowers_development:7102,3,9,9
flowers_development:7104,1,9,9
flowers_development:7107,1,9,9
flowers_development:7112,0,9,9
flowers_development:7113,1,9,9
flowers_development:7114,4,9,9
flowers_development:7117,0,9,9
flowers_development:7124,2,44,44
flowers_development:7125,0,44,44
flowers_development:7127,1,44,44
flowers_development:7128,3,44,44
flowers_development:7129,4,44,44
flowers_development:7130,0,44,44
flowers_development:7131,2,44,44
flowers_development:7132,4,44,75
flowers_development:7133,3,44,44
flowers_development:7135,4,44,44
flowers_development:7136,1,44,44
flowers_development:7139,4,44,44
flowers_development:7140,3,44,44
flowers_development:7141,0,44,44
flowers_development:7142,2,44,44
flowers_development:7144,0,44,44
flowers_development:7152,3,44,44
flowers_development:7153,1,44,44
flowers_development:7154,2,44,44
flowers_development:7156,1,44,44
flowers_development:7165,1,5,5
flowers_development:7166,1,5,5
flowers_development:7167,0,5,5
flowers_development:7169,3,5,5
flowers_development:717,4,88,88
flowers_development:7171,4,5,5
flowers_development:7173,3,5,5
flowers_development:7178,2,5,5
flowers_development:7180,2,5,5
flowers_development:7181,4,5,5
flowers_development:7184,3,5,5
flowers_development:719,1,88,88
flowers_development:7191,4,5,5
flowers_development:7192,2,5,5
flowers_development:7194,0,5,5
flowers_development:7195,0,5,5
flowers_development:7196,1,5,5
flowers_development:7203,4,6,6
flowers_development:7210,1,6,6
flowers_development:7212,4,6,6
flowers_development:7213,0,6,6
flowers_development:7214,2,6,6
flowers_development:7215,0,6,6
flowers_development:7218,2,6,6
flowers_development:7219,4,6,6
flowers_development:7221,1,6,6
flowers_development:7224,1,6,6
flowers_development:7225,3,6,6
flowers_development:7226,3,6,6
flowers_development:7228,0,6,6
flowers_development:7229,3,6,6
flowers_development:7230,4,6,6
flowers_development:7231,2,6,6
flowers_development:7233,0,6,6
flowers_development:7235,4,56,56
flowers_development:7237,0,56,56
flowers_development:7239,4,56,56
flowers_development:7247,1,56,56
flowers_development:7251,0,56,56
flowers_development:7252,4,56,56
flowers_development:7253,0,56,56
flowers_development:7254,3,56,56
flowers_development:7256,2,56,56
flowers_development:7258,2,56,56
flowers_development:7264,3,56,56
flowers_development:7274,0,61,61
flowers_development:7278,3,61,61
flowers_development:7279,4,61,61
flowers_development:7280,3,61,61
flowers_development:7285,1,36,36
flowers_development:7288,4,36,36
flowers_development:7290,2,36,36
flowers_development:7294,1,36,36
flowers_development:7300,0,89,89
flowers_development:7307,4,93,93
flowers_development:7315,4,93,93
flowers_development:7325,1,93,93
flowers_development:7326,2,93,93
flowers_development:7334,3,93,93
flowers_development:7336,1,93,93
flowers_development:7338,0,93,93
flowers_development:7351,1,93,93
flowers_development:7354,0,93,93
flowers_development:737,2,88,88
flowers_development:7371,1,93,93
flowers_development:7386,3,93,93
flowers_development:7389,3,93,93
flowers_development:7398,2,93,93
flowers_development:741,4,88,88
flowers_development:7418,0,93,93
flowers_development:7421,2,93,93
flowers_development:7424,3,93,93
flowers_development:7434,4,93,93
flowers_development:7436,4,93,93
flowers_development:7448,2,93,93
flowers_development:7453,0,93,93
flowers_development:7478,4,94,94
flowers_development:7479,1,94,94
flowers_development:7491,3,94,94
flowers_development:7494,2,94,94
flowers_development:7495,0,94,94
flowers_development:7503,4,94,94
flowers_development:7512,0,94,94
flowers_development:7513,2,94,94
flowers_development:7518,0,94,94
flowers_development:7520,3,94,94
flowers_development:7523,0,94,94
flowers_development:7528,4,94,94
flowers_development:7546,2,94,94
flowers_development:7549,3,94,94
flowers_development:7560,3,94,94
flowers_development:7562,1,94,94
flowers_development:7564,4,94,94
flowers_development:7570,1,94,94
flowers_development:7571,1,94,94
flowers_development:7587,2,94,94
flowers_development:7597,2,95,95
flowers_development:7599,2,95,95
flowers_development:7600,3,95,95
flowers_development:7603,3,95,95
flowers_development:7604,2,95,95
flowers_development:7617,1,95,95
flowers_development:7619,0,95,95
flowers_development:7624,4,95,95
flowers_development:7628,3,95,79
flowers_development:763,2,88,88
flowers_development:7630,0,95,95
flowers_development:7634,0,95,95
flowers_development:7637,0,95,95
flowers_development:7638,4,95,95
flowers_development:7643,1,95,95
flowers_development:7644,1,95,95
flowers_development:7653,2,95,95
flowers_development:7654,4,95,95
flowers_development:7656,1,95,95
flowers_development:7662,4,95,95
flowers_development:7674,3,95,96
flowers_development:7690,2,96,96
flowers_development:7691,2,96,96
flowers_development:7692,1,96,96
flowers_development:7694,4,96,96
flowers_development:7700,4,96,15
flowers_development:7701,3,96,96
flowers_development:7706,0,96,96
flowers_development:7707,0,96,96
flowers_development:7708,1,96,96
flowers_development:7709,0,96,96
flowers_development:7710,1,96,96
flowers_development:7711,2,96,96
flowers_development:7715,4,96,96
flowers_development:7724,3,96,96
flowers_development:773,2,88,88
flowers_development:7731,2,96,96
flowers_development:7734,0,96,96
flowers_development:7741,4,96,96
flowers_development:7742,1,96,96
flowers_development:7743,3,96,96
flowers_development:7748,3,96,96
flowers_development:7753,0,97,97
flowers_development:7762,0,97,97
flowers_development:7767,2,97,97
flowers_development:7771,1,97,97
flowers_development:7781,3,97,97
flowers_development:7786,2,97,97
flowers_development:7790,2,97,97
flowers_development:7797,4,97,97
flowers_development:7799,3,97,94
flowers_development:7802,1,97,97
flowers_development:7803,2,97,97
flowers_development:7804,1,97,97
flowers_development:7806,1,97,97
flowers_development:7811,0,97,97
flowers_development:7817,4,97,97
flowers_development:7820,3,97,97
flowers_development:7823,4,97,97
flowers_development:7824,4,97,97
flowers_development:7825,3,97,97
flowers_development:7828,0,97,97
flowers_development:7833,1,98,98
flowers_development:7834,3,98,98
flowers_development:7835,2,98,98
flowers_development:7842,4,98,98
flowers_development:7849,1,98,98
flowers_development:7850,0,98,98
flowers_development:7851,0,98,98
flowers_development:7857,0,98,98
flowers_development:7861,2,98,7
flowers_development:7862,0,98,98
flowers_development:7863,2,98,98
flowers_development:7868,4,98,98
flowers_development:7871,4,98,98
flowers_development:7872,2,98,98
flowers_development:7876,3,98,98
flowers_development:7877,4,98,98
flowers_development:7883,1,98,98
flowers_development:7891,3,98,98
flowers_development:79,2,76,76
flowers_development:7900,2,99,99
flowers_development:7902,0,99,99
flowers_development:7906,3,99,99
flowers_development:7907,4,99,99
flowers_development:7908,0,99,99
flowers_development:7910,3,99,99
flowers_development:7913,3,99,99
flowers_development:7914,1,99,99
flowers_development:7915,1,99,99
flowers_development:7917,2,99,99
flowers_development:7918,1,99,99
flowers_development:7924,2,99,99
flowers_development:7927,2,99,99
flowers_development:7928,4,99,99
flowers_development:7930,1,99,99
flowers_development:7931,3,99,99
flowers_development:7932,0,99,99
flowers_development:7934,4,99,99
flowers_development:7935,4,99,99
flowers_development:794,4,80,80
flowers_development:7941,0,99,99
flowers_development:7942,2,100,100
flowers_development:7946,0,100,100
flowers_development:795,3,80,80
flowers_development:7952,2,100,100
flowers_development:7954,3,100,100
flowers_development:7957,0,100,100
flowers_development:7963,3,100,100
flowers_development:7967,4,100,100
flowers_development:7969,1,100,100
flowers_development:7972,0,100,100
flowers_development:7974,2,100,100
flowers_development:7975,1,100,100
flowers_development:7976,3,100,100
flowers_development:7977,4,100,100
flowers_development:7983,0,100,100
flowers_development:7986,1,100,100
flowers_development:7988,2,100,100
flowers_development:7989,4,100,100
flowers_development:7990,1,100,100
flowers_development:7991,3,100,100
flowers_development:7999,4,100,100
flowers_development:8003,3,101,101
flowers_development:8004,4,101,101
flowers_development:8007,0,101,101
flowers_development:8008,2,101,101
flowers_development:8009,3,101,101
flowers_development:8013,2,101,101
flowers_development:8016,4,101,101
flowers_development:8018,4,101,101
flowers_development:8024,1,101,101
flowers_development:8026,3,101,101
flowers_development:8028,4,101,101
flowers_development:803,4,80,80
flowers_development:8030,0,101,101
flowers_development:8031,1,101,101
flowers_development:8033,2,101,101
flowers_development:8034,3,101,101
flowers_development:8035,1,101,101
flowers_development:8036,0,101,101
flowers_development:8041,1,101,101
flowers_development:8042,2,101,101
flowers_development:8046,0,101,101
flowers_development:8048,2,23,23
flowers_development:8051,1,23,23
flowers_development:8056,2,90,90
flowers_development:8057,4,90,90
flowers_development:8059,3,90,90
flowers_development:8061,3,90,90
flowers_development:8063,1,98,98
flowers_development:8064,3,98,98
flowers_development:8065,3,30,30
flowers_development:8069,3,30,30
flowers_development:8074,3,30,30
flowers_development:8075,1,30,30
flowers_development:8076,4,30,30
flowers_development:8077,1,30,30
flowers_development:8078,3,66,66
flowers_development:8086,0,34,34
flowers_development:8087,3,34,34
flowers_development:8088,1,34,34
flowers_development:8090,2,9,9
flowers_development:8092,3,9,9
flowers_development:8093,3,9,9
flowers_development:8094,2,9,9
flowers_development:8095,1,9,9
flowers_development:8096,4,9,9
flowers_development:8097,2,9,9
flowers_development:8101,3,6,6
flowers_development:8103,1,6,6
flowers_development:8104,2,6,6
flowers_development:8105,3,5,5
flowers_development:8106,4,5,5
flowers_development:8108,0,5,5
flowers_development:8109,1,5,5
flowers_development:8111,2,5,5
flowers_development:8112,4,92,92
flowers_development:8113,3,92,92
flowers_development:8115,0,92,92
flowers_development:8116,2,92,92
flowers_development:8118,0,56,56
flowers_development:8119,3,56,56
flowers_development:8121,1,56,56
flowers_development:8122,2,56,56
flowers_development:8126,3,56,56
flowers_development:8133,1,56,56
flowers_development:8135,4,56,56
flowers_development:8138,1,56,56
flowers_development:8148,2,56,56
flowers_development:8154,4,61,61
flowers_development:8157,2,61,61
flowers_development:8161,2,61,61
flowers_development:8164,2,61,61
flowers_development:8165,1,61,61
flowers_development:8166,4,61,61
flowers_development:8167,0,61,61
flowers_development:8173,0,61,61
flowers_development:8174,3,61,61
flowers_development:8175,3,61,61
flowers_development:8176,1,61,61
flowers_development:8177,1,61,61
flowers_development:8179,2,61,61
flowers_development:8182,0,61,61
flowers_development:8185,4,61,61
flowers_development:8187,1,61,61
flowers_development:82,1,76,76
flowers_development:825,0,80,80
flowers_development:83,4,76,76
flowers_development:832,3,80,80
flowers_development:839,0,80,80
flowers_development:843,1,80,80
flowers_development:848,2,80,80
flowers_development:864,2,80,80
flowers_development:874,1,80,80
flowers_development:876,3,80,80
flowers_development:881,1,80,80
flowers_development:888,4,80,80
flowers_development:893,1,80,80
flowers_development:902,0,80,80
flowers_development:911,0,80,80
flowers_development:912,4,80,80
flowers_development:921,2,80,80
flowers_development:922,3,80,80
flowers_development:94,4,76,76
flowers_development:945,2,80,80
flowers_development:964,3,45,45
flowers_development:969,1,45,45
flowers_development:974,2,45,45
flowers_development:979,0,45,45
flowers_development:986,0,45,45
