lambda_key,lambda,stage,fold,pair,n,mean,std,median,p05,p25,p75,p95,min,max
lambda_0_1,0.1,1,0,f1-f2,3671,0.7602244748021454,0.027920327780986506,0.7628481803851388,0.710957091705373,0.7416338098347641,0.7800400832118018,0.8020070647036525,0.667575186462085,0.8369036158472029
lambda_0_1,0.1,1,0,f1-f3,3671,0.4431154865141791,0.09642539998030028,0.4631076892482908,0.2516041125125637,0.40952344351172143,0.504437218499885,0.5576274920767141,-0.07281620875909141,0.6354048355569512
lambda_0_1,0.1,1,0,f1-f4,3671,0.11400639663782462,0.12483188570213632,0.1321847039357539,-0.12647437083038693,0.04327540956132171,0.20728094906881145,0.28056545031994573,-0.3308674548604566,0.41829186631482584
lambda_0_1,0.1,1,0,f1-f5,3671,-0.23479855703969357,0.08947249357855006,-0.2536891377268672,-0.3296301541807176,-0.28981938030487825,-0.21056234379616784,-0.062283629691766026,-0.37292173457862954,0.246759428164362
lambda_0_1,0.1,1,0,f2-f3,3671,0.4900127727550536,0.06832978678391112,0.4987592266152948,0.3666728733136907,0.45866799073038583,0.5340408162750991,0.5814856122819461,0.09773838929308644,0.6540458707679875
lambda_0_1,0.1,1,0,f2-f4,3671,0.12886375545532155,0.1122101771545393,0.14472797562258047,-0.07994842784718056,0.05978874947134889,0.20906254950642095,0.2845465637551693,-0.3135680021487916,0.4229841558347545
lambda_0_1,0.1,1,0,f2-f5,3671,-0.2265057804359627,0.13235952993544253,-0.23357659158666508,-0.43367601166501285,-0.32271826631471356,-0.13786698213126547,-0.001557850102086622,-0.5240109717836674,0.24501003068812796
lambda_0_1,0.1,1,0,f3-f4,3671,0.22188434459647438,0.145589164274846,0.20572375473958204,0.007833310462828171,0.1162301161287762,0.31356446394352194,0.4882950290771372,-0.19036777635348123,0.6794386752447815
lambda_0_1,0.1,1,0,f3-f5,3671,-0.11577252772796381,0.24982975000967328,-0.1217769257909515,-0.5150824003852567,-0.31112965698819195,0.07876704920548709,0.29889421253982407,-0.6511798621839674,0.5237969370855604
lambda_0_1,0.1,1,0,f4-f5,3671,0.14527566102496384,0.2597607221847475,0.13498900977915437,-0.2840220513108418,-0.036625006940848526,0.34655224683671404,0.5732356090840576,-0.5943773960113649,0.7326058892683941
lambda_0_1,0.1,1,0,mean_offdiagonal_per_sample,3671,0.17263060265823424,0.0588525908389753,0.17569395258902878,0.07306029865327393,0.1313118654318885,0.21913329409776136,0.26205248591118524,0.01218270813812104,0.30703023629829246
lambda_0_1,0.1,1,1,f1-f2,3671,0.7523092264345883,0.03081975493953978,0.7556961159819098,0.6969265214391824,0.7338887498130591,0.7721088058222615,0.7997535292857851,0.5891490364251083,0.8410546761103807
lambda_0_1,0.1,1,1,f1-f3,3671,0.43710125327661487,0.10649687161147386,0.4637746859358993,0.21843034826884106,0.39666489060968113,0.5087831601106889,0.5579671254609155,-0.09453723855084312,0.6320405254109713
lambda_0_1,0.1,1,1,f1-f4,3671,0.16095547408278546,0.14710458904740348,0.2014561608750928,-0.14653118056821235,0.08900791817932112,0.26475852868042565,0.3474545792297822,-0.32330364842751735,0.43412051305418287
lambda_0_1,0.1,1,1,f1-f5,3671,-0.20562268513384682,0.13612433235115864,-0.25003866940270925,-0.3363974702201712,-0.29566783441090283,-0.1650250942089263,0.11254660624204407,-0.3910606595803516,0.37299601241593394
lambda_0_1,0.1,1,1,f2-f3,3671,0.4787545578791624,0.06764334705229158,0.48954267803341955,0.3467765386820366,0.45219764221100567,0.5225931269300326,0.5642995522771408,0.08464698071356205,0.632654957221525
lambda_0_1,0.1,1,1,f2-f4,3671,0.16421446869578338,0.11125067944342708,0.18733811500182876,-0.07142942077305847,0.11096996449242691,0.23807327272103257,0.30934785062833176,-0.20206034507589937,0.4335942276506035
lambda_0_1,0.1,1,1,f2-f5,3671,-0.18615235834883248,0.17157976214531687,-0.20071001794404195,-0.44464801713746116,-0.3118414671421623,-0.06547338671437522,0.12282979541136539,-0.5879127022759874,0.24745247866860362
lambda_0_1,0.1,1,1,f3-f4,3671,0.23426840602402513,0.13994190371138374,0.20460091946881556,0.06042276013803186,0.13341960225623334,0.30479556326813206,0.5366019520750889,-0.01684538437430564,0.6754433835930336
lambda_0_1,0.1,1,1,f3-f5,3671,-0.1402706644044747,0.18917968535157612,-0.14301040111955501,-0.4576169558619295,-0.2728935448868205,0.0018034814678496575,0.1630410225315957,-0.6006927101040818,0.4085956265871292
lambda_0_1,0.1,1,1,f4-f5,3671,0.011458609920204747,0.27559926583690586,-0.023742629393190752,-0.359306772035083,-0.20033783954013434,0.19125071721866807,0.5336505971383835,-0.6719055473933015,0.7690699294259439
lambda_0_1,0.1,1,1,mean_offdiagonal_per_sample,3671,0.17070162884260104,0.05664609542302803,0.17565648647652457,0.06398262406292837,0.13196069851788828,0.21380085279473007,0.2550318782708882,0.0019632968312579546,0.3013032321759171
lambda_0_1,0.1,1,2,f1-f2,3671,0.7497859428040474,0.03896415527567126,0.756875114102342,0.6744319610504936,0.7338575487528822,0.7751031267889811,0.7964685585071827,0.4755242474942914,0.8301922597780635
lambda_0_1,0.1,1,2,f1-f3,3671,0.32191132705513764,0.15999848869508612,0.36541923441664076,-0.0038333471571984287,0.21624621655389598,0.44822088394765347,0.5081540710940997,-0.1761532606190065,0.6054451536108827
lambda_0_1,0.1,1,2,f1-f4,3671,0.02320186275163871,0.1717523704821635,0.04226651790688981,-0.2657397894584448,-0.11877976749443067,0.1714615542666383,0.26225553825480874,-0.39621628504864476,0.37294965604642855
lambda_0_1,0.1,1,2,f1-f5,3671,-0.18420087502557875,0.19318083061249436,-0.2742914042245679,-0.36427944188584904,-0.3288198838744732,-0.0742735845148485,0.22135876698526807,-0.41019430691956293,0.34858906814628404
lambda_0_1,0.1,1,2,f2-f3,3671,0.4313962373111438,0.09833688186160876,0.4548139843953197,0.2389058261301944,0.3777210711223981,0.5032841879720952,0.5522703883380607,0.026771632420837285,0.6453129161750079
lambda_0_1,0.1,1,2,f2-f4,3671,0.09644898413951584,0.12027416115037956,0.11636734940950332,-0.13044297676069266,0.01404361859324783,0.18916450697458884,0.26361942481416667,-0.24437352845141633,0.41223139109757423
lambda_0_1,0.1,1,2,f2-f5,3671,-0.1474003047941094,0.16287022733996895,-0.1547982790602335,-0.42212687275224275,-0.26659295488236157,-0.011724427624336207,0.10609017825065947,-0.5516456296809252,0.20945558888434557
lambda_0_1,0.1,1,2,f3-f4,3671,0.3221223717440042,0.19025803840556965,0.3065575548471245,0.05281535498635667,0.15233330955790977,0.48806723596311197,0.6311006035148107,-0.04455320097219193,0.727815865274256
lambda_0_1,0.1,1,2,f3-f5,3671,-0.0891778594366822,0.23676058655103638,-0.04734972940480082,-0.5300843784226249,-0.25792062526867565,0.09021450005515438,0.2497286626343996,-0.7151204450925154,0.4299497511854921
lambda_0_1,0.1,1,2,f4-f5,3671,0.05416276850972593,0.35792407598296655,0.060001961632281525,-0.5914024872463871,-0.19714706743984722,0.3233607309717601,0.6310226014856349,-0.7470849903475052,0.8112757838760812
lambda_0_1,0.1,1,2,mean_offdiagonal_per_sample,3671,0.15782504550588433,0.06432153389782669,0.17024245762473544,0.03881185800911849,0.11823512140453132,0.20714428241212818,0.2419699100589085,-0.06431263009450446,0.3037632771763234
lambda_0_1,0.1,1,3,f1-f2,3670,0.7486203734627165,0.0368887322734866,0.7543197275484708,0.6826351062991834,0.7292192065159053,0.7733649260964374,0.7958778856536113,0.4928876078216757,0.8301305002422661
lambda_0_1,0.1,1,3,f1-f3,3670,0.3504272707753595,0.1629481543977206,0.39595835220500275,0.025991837623128244,0.2442363863113208,0.48025110606083476,0.5445777699333156,-0.1617111086837033,0.641599563611757
lambda_0_1,0.1,1,3,f1-f4,3670,-0.009349507908274097,0.13288293053952852,0.0007932179837144132,-0.2486982554406644,-0.10483879782333443,0.09656775855579636,0.18734728702626394,-0.34054457587528353,0.29195794929489444
lambda_0_1,0.1,1,3,f1-f5,3670,-0.1818314503179485,0.1130541885421242,-0.20805153307040947,-0.3343451268409028,-0.26431383579859924,-0.12098053126004174,0.045070589597390236,-0.3852177333954563,0.23081905222893717
lambda_0_1,0.1,1,3,f2-f3,3670,0.41575808083475996,0.1109979631586993,0.4486201496994233,0.17575875180914863,0.3623824309151066,0.49351276140798367,0.5511568580038521,-0.009800641285077277,0.6451897363098956
lambda_0_1,0.1,1,3,f2-f4,3670,0.03726480007832316,0.1091309317391835,0.047170653771783685,-0.16176045406551734,-0.03990559218952549,0.1196078776818113,0.20167874059355226,-0.26992216311222167,0.30815143391938526
lambda_0_1,0.1,1,3,f2-f5,3670,-0.13813775340536152,0.1298315301686592,-0.12886176174909608,-0.37825711420710806,-0.22821272286090208,-0.04154447954523149,0.055291214576002105,-0.5212235721234131,0.21044351119285276
lambda_0_1,0.1,1,3,f3-f4,3670,0.2991757987367581,0.1988330544909677,0.29484813370675284,-0.00889070715460937,0.12876952374719774,0.46919286333046967,0.6106892147066255,-0.19582238785833433,0.6917823959513213
lambda_0_1,0.1,1,3,f3-f5,3670,-0.042908384552883726,0.22432526247659465,-0.011588420563820125,-0.4313900879100933,-0.2047165572543487,0.1324240097498745,0.28510312974136204,-0.6621292498522886,0.4298415140051539
lambda_0_1,0.1,1,3,f4-f5,3670,0.17245793023531836,0.2657155507607386,0.1162960395118496,-0.18788304207444478,-0.03755884362673956,0.38765963766197287,0.6572196074030462,-0.4354337990027677,0.8133615569702592
lambda_0_1,0.1,1,3,mean_offdiagonal_per_sample,3670,0.1651477157938768,0.0541657475387277,0.1720691363978874,0.07110009724346893,0.12656426422232706,0.20490223780279979,0.246852889316262,0.020082247079792108,0.3009367219655612
lambda_0_1,0.1,1,4,f1-f2,3670,0.7322850674757071,0.04770717356557743,0.7414152266956722,0.6411534846389083,0.7094103538085565,0.7644902343890585,0.7941632307561644,0.5073496031783422,0.8278184623554433
lambda_0_1,0.1,1,4,f1-f3,3670,0.2714900002180556,0.20002394917156532,0.3094880698409158,-0.09869688840339401,0.11750335321935622,0.44561856100377545,0.5298323893712332,-0.22851750363559203,0.606325522867666
lambda_0_1,0.1,1,4,f1-f4,3670,-0.06428055512281311,0.13430059383475904,-0.06334760675541709,-0.28204213863366556,-0.17077857614509778,0.04536085106772688,0.13662551225067443,-0.35973834297041946,0.32389862122983426
lambda_0_1,0.1,1,4,f1-f5,3670,-0.1913740633208121,0.16426628621102504,-0.2614134317387286,-0.3552419892935042,-0.3146718726707836,-0.09274458704779784,0.13829129042438038,-0.3982437610810183,0.295693771358085
lambda_0_1,0.1,1,4,f2-f3,3670,0.39354484973723974,0.12253582614005738,0.4071539310657252,0.1794635097702878,0.3030113834243966,0.4917660395801444,0.5725114357544046,0.00040517140834244657,0.6345359850774959
lambda_0_1,0.1,1,4,f2-f4,3670,0.016105352804501927,0.09853084146686449,0.01953377195375299,-0.15096999504860384,-0.04216173054774242,0.08029233604458082,0.17504523774265787,-0.3102933948636939,0.33027140566393387
lambda_0_1,0.1,1,4,f2-f5,3670,-0.15195537199549813,0.14208412263139053,-0.13405097945849476,-0.40745519890883986,-0.24822409426993672,-0.049738129583093066,0.05883672568274387,-0.5458969605401063,0.24772290682824602
lambda_0_1,0.1,1,4,f3-f4,3670,0.30322743700186355,0.23249384119738506,0.3458239318705172,-0.07526154497322518,0.08027804425392263,0.5159391626703121,0.6125382850116737,-0.27652794869527997,0.6970526171030591
lambda_0_1,0.1,1,4,f3-f5,3670,-0.07434071880616507,0.25641150642103544,-0.05137575492703597,-0.5061302370980919,-0.2796845136267351,0.12578780045908494,0.3152345974483833,-0.6542356125178739,0.48071572807606816
lambda_0_1,0.1,1,4,f4-f5,3670,0.13893778555963804,0.31132592134850046,0.14895918327210234,-0.406443089771278,-0.08117253574239168,0.3800541111086923,0.6221540987229802,-0.6009523929750525,0.8309122764466986
lambda_0_1,0.1,1,4,mean_offdiagonal_per_sample,3670,0.13736397835517178,0.06524252860442223,0.14731396476676734,0.021012938668753367,0.09115746015229657,0.18925189887288377,0.22882293684923405,-0.046445000588202584,0.2607499810762194
lambda_0_1,0.1,2,0,f1-f2,3671,0.7183148655102938,0.05734495198373955,0.7326766164760835,0.6048958741416779,0.6951096948245872,0.7560643078986695,0.7874086449358202,0.4431741056409692,0.821168647570688
lambda_0_1,0.1,2,0,f1-f3,3671,0.2370044846870431,0.18557411095819806,0.27131066673309834,-0.08129970504215839,0.08671118483706566,0.39709951898556284,0.47345694419029605,-0.1965055530697283,0.6188745150235729
lambda_0_1,0.1,2,0,f1-f4,3671,-0.09180569760567045,0.13520639530381434,-0.10314768468753538,-0.2921578646937492,-0.20236582977180673,0.008694923715732973,0.1407407183459915,-0.35967324056609007,0.3185205870801046
lambda_0_1,0.1,2,0,f1-f5,3671,-0.2011033145669041,0.123802057747724,-0.24355343442631455,-0.3343355571832614,-0.2869303272376329,-0.13424119192443618,0.07133862118870613,-0.3992995349909677,0.20206527220669637
lambda_0_1,0.1,2,0,f2-f3,3671,0.3480244662766762,0.1261292854722415,0.3713106390249597,0.12209977599646019,0.255665987894112,0.44788078842478457,0.5188198543359699,0.022712099737160815,0.646323337440517
lambda_0_1,0.1,2,0,f2-f4,3671,-0.022233625210469146,0.1068625457492338,-0.025501093359666396,-0.1833752270492515,-0.10771210778477747,0.054255010362583955,0.16786057742931512,-0.33744490774309355,0.31783722724572777
lambda_0_1,0.1,2,0,f2-f5,3671,-0.18331160316997835,0.11812316980292617,-0.17738075262627728,-0.4039330212508555,-0.2571813558153191,-0.09913396151344603,0.00514584005247568,-0.47948834898817666,0.12520954917798707
lambda_0_1,0.1,2,0,f3-f4,3671,0.30530700850735015,0.21853249637343364,0.31519739364619587,-0.04858223568209213,0.11056346236910165,0.5000537974010066,0.6271494289121289,-0.15464635651740466,0.7358247669788601
lambda_0_1,0.1,2,0,f3-f5,3671,-0.04391048893736151,0.28975863511346633,-0.053245275954368905,-0.4994248785996491,-0.27088147515853966,0.17573705299769585,0.43833283481097746,-0.6326921602866334,0.6920767358286269
lambda_0_1,0.1,2,0,f4-f5,3671,0.15782396429930173,0.2996619400098104,0.20146468762694325,-0.36367368391757793,-0.049129766179070194,0.37293758864645066,0.6148827827602066,-0.6298516892685847,0.7254133592328846
lambda_0_1,0.1,2,0,mean_offdiagonal_per_sample,3671,0.12241100597902817,0.06809514906611669,0.12556916168079388,0.006935415062692407,0.0660047504245477,0.18117824057377835,0.22082633284107173,-0.02521552917821212,0.27614630569138526
lambda_0_1,0.1,2,1,f1-f2,3671,0.7122904323530561,0.055981532419463624,0.7297313426910955,0.6025087868754893,0.6830890710048063,0.752535646030138,0.7762429349597346,0.4424166397448337,0.8328883535647135
lambda_0_1,0.1,2,1,f1-f3,3671,0.1932500858503799,0.1860072086066716,0.20049822198191913,-0.11072392226944161,0.033766440801106315,0.36788598741781137,0.46034476136957647,-0.2054033192681158,0.572378499226436
lambda_0_1,0.1,2,1,f1-f4,3671,-0.12236315604608479,0.13242609451719511,-0.14461668133422234,-0.3079337989819311,-0.23182820040856064,-0.005691006871974333,0.10806511814476692,-0.3770681616912587,0.24232078054660325
lambda_0_1,0.1,2,1,f1-f5,3671,-0.13076751842975345,0.16528334161974143,-0.1691330515411331,-0.3283147728206133,-0.28151166617179935,0.0003650032791145942,0.17608090733091303,-0.37451416776566526,0.29127953433347237
lambda_0_1,0.1,2,1,f2-f3,3671,0.3155064561447063,0.1309715515082843,0.33665388210867836,0.070220021984651,0.22495005638624954,0.42053609871156156,0.4954074127178696,-0.005626941941254797,0.6066069334742049
lambda_0_1,0.1,2,1,f2-f4,3671,-0.02862238325095461,0.1042222107364174,-0.031613442326350105,-0.19911213457202398,-0.10914229334000237,0.048709517235028026,0.14662522760718427,-0.2656578353460473,0.240844569946168
lambda_0_1,0.1,2,1,f2-f5,3671,-0.11573578931810886,0.14533604323535404,-0.09890458317975731,-0.37615768054674914,-0.19503267435886706,-0.0015989505240567863,0.08686566876842719,-0.5704491099540068,0.17058786839854176
lambda_0_1,0.1,2,1,f3-f4,3671,0.38633736351272363,0.23159993597181242,0.41388438929819327,-0.016173931692614205,0.19844395915434224,0.5883734783425936,0.7000533350521128,-0.1519735376593362,0.7605867594170792
lambda_0_1,0.1,2,1,f3-f5,3671,-0.09277956142094482,0.22866297610045141,-0.0719114312928066,-0.5040495980372994,-0.2534045588418562,0.07651994946234128,0.25960120319354485,-0.6146540216395369,0.4877983823835752
lambda_0_1,0.1,2,1,f4-f5,3671,0.05609939602732415,0.33063483679093714,0.03917659021060214,-0.47570079440093904,-0.18863599329546094,0.3161361298909199,0.601106718805003,-0.6192411364687679,0.8249799778487062
lambda_0_1,0.1,2,1,mean_offdiagonal_per_sample,3671,0.11732153254223435,0.06594217873484146,0.12434489952384811,0.011551792424425167,0.060135073370619414,0.16853349134487944,0.21872938149921395,-0.01656816433857399,0.27141415289519416
lambda_0_1,0.1,2,2,f1-f2,3671,0.718922983971056,0.058710278828482225,0.734832011156193,0.6005037531082873,0.699286166856008,0.7575113914265426,0.7792313434430413,0.35903923452705166,0.8175942393079424
lambda_0_1,0.1,2,2,f1-f3,3671,0.21834314639088412,0.1854065013555915,0.24440968539625735,-0.11024403122656601,0.07254395076040232,0.3835123122851093,0.45923112623310036,-0.25429888190576716,0.6070136998120449
lambda_0_1,0.1,2,2,f1-f4,3671,-0.09803455787579886,0.15848277857223142,-0.11487466770733515,-0.32166687466061583,-0.2347465277269395,0.03251578433816487,0.16039506216949487,-0.3715597254496452,0.3566842798417155
lambda_0_1,0.1,2,2,f1-f5,3671,-0.14782650425230356,0.18477260406134918,-0.2287683758829161,-0.33462362964270564,-0.30509570398993213,0.014863749189487838,0.19017023887966317,-0.411897607442655,0.33768196113888743
lambda_0_1,0.1,2,2,f2-f3,3671,0.3429373345778332,0.13185105048541237,0.3648251438428088,0.11081504372622805,0.24293687991617297,0.4499072120392197,0.5163743386248651,-0.016858587017480445,0.638294893839614
lambda_0_1,0.1,2,2,f2-f4,3671,-0.010211247079980381,0.11847074946714198,-0.007422072952689435,-0.204627317440862,-0.11295526292266436,0.08892755848192255,0.16516394531698675,-0.2705836318260329,0.35147420780061917
lambda_0_1,0.1,2,2,f2-f5,3671,-0.15709027624708274,0.14233367122176332,-0.14415582976013258,-0.43225978649228247,-0.2516950405130246,-0.04759834442735546,0.04860153748733689,-0.5179093458812116,0.18791694684613208
lambda_0_1,0.1,2,2,f3-f4,3671,0.3736269116516349,0.21565788318301696,0.3994361531818602,0.03708549825390561,0.17495063020683044,0.564503304882862,0.6824788511675125,-0.07302706172148445,0.7417457325916998
lambda_0_1,0.1,2,2,f3-f5,3671,-0.14209478011887897,0.29447922821753497,-0.13089532613818886,-0.6149562720733333,-0.4064001200565919,0.11655149404889008,0.2900235487203202,-0.7059914163506549,0.4720868971738918
lambda_0_1,0.1,2,2,f4-f5,3671,0.025694423280459018,0.4009167707038164,0.05406444898578442,-0.613399612338366,-0.29839203987561425,0.3529326341923218,0.655447455637054,-0.7129929342612613,0.83107524819906
lambda_0_1,0.1,2,2,mean_offdiagonal_per_sample,3671,0.1124267434297823,0.08072759137768938,0.12347134315843673,-0.0275517733181727,0.04124316233203357,0.1825299165653047,0.22131697892757046,-0.06130509736974662,0.276151435376718
lambda_0_1,0.1,2,3,f1-f2,3670,0.7180911680822267,0.05423582511879939,0.7317037203548051,0.609967261089913,0.6933689485317828,0.7559605096866756,0.7816165134851106,0.4785961311209251,0.8082145309350135
lambda_0_1,0.1,2,3,f1-f3,3670,0.23538830147648454,0.2006132564868388,0.27678259158272145,-0.10424064074272757,0.0588025363720033,0.4151637056587331,0.49575729501877946,-0.18736095088550225,0.6011599227252467
lambda_0_1,0.1,2,3,f1-f4,3670,-0.11200437528844624,0.10940857841698251,-0.1210371714843357,-0.28067498145282127,-0.19542503221392127,-0.030245421263548577,0.07214145425492613,-0.3632634386028572,0.33572215014640316
lambda_0_1,0.1,2,3,f1-f5,3670,-0.19230205535286937,0.11941671048313728,-0.2287285522213573,-0.33691078817683684,-0.27963884460591815,-0.11344032046074172,0.05068756595017219,-0.40851250735565275,0.18485115695250182
lambda_0_1,0.1,2,3,f2-f3,3670,0.33936141502153255,0.1380283713013253,0.3779848079585081,0.07869225131359997,0.24070507623077197,0.44882513594782003,0.5206685190207512,0.009433011917178559,0.6560661876979497
lambda_0_1,0.1,2,3,f2-f4,3670,-0.03678336425779331,0.09561481265039266,-0.034487201623999805,-0.19399559860013957,-0.106151392664293,0.030183574991565543,0.12809115381519365,-0.28608554032835537,0.2424349350604586
lambda_0_1,0.1,2,3,f2-f5,3670,-0.1514867268677594,0.11399289481673701,-0.14298688758133626,-0.3688341729193589,-0.22783783289407994,-0.0643993484974327,0.015685888411845993,-0.4951606462440243,0.10221601488554975
lambda_0_1,0.1,2,3,f3-f4,3670,0.3442921706806304,0.24473157726220718,0.3630904875905542,-0.05209634679388729,0.13930642293588494,0.5713696648852685,0.6750410257982175,-0.2502007502072303,0.7220306377194672
lambda_0_1,0.1,2,3,f3-f5,3670,-0.021753350236027775,0.21943978610641018,0.0075907683014474776,-0.41299587148850864,-0.1617979653811945,0.13762597348523725,0.2979462770350609,-0.6581709808834176,0.4560888984745131
lambda_0_1,0.1,2,3,f4-f5,3670,0.2242293461817141,0.26012082631677264,0.2019846966864038,-0.1602695180540905,0.02344463088728776,0.40227998059942877,0.6803247521894565,-0.38092531536923263,0.842136362781782
lambda_0_1,0.1,2,3,mean_offdiagonal_per_sample,3670,0.13470325294396923,0.05730611311654002,0.13766182838185864,0.04068103084665755,0.08922167731748876,0.180700518621111,0.22217314102905103,0.007145109521746568,0.27090778115154607
lambda_0_1,0.1,2,4,f1-f2,3670,0.7116852576563333,0.060731456989243024,0.7264490512855065,0.5821876257996716,0.6889960658299434,0.7516351170791582,0.7840815893675657,0.44061002524441745,0.8079175701775523
lambda_0_1,0.1,2,4,f1-f3,3670,0.19940551320455796,0.20407593555965858,0.22523160892217658,-0.14728659096296973,0.03199221336542786,0.380634640568607,0.47706385608671,-0.24633319221941033,0.5967035091482954
lambda_0_1,0.1,2,4,f1-f4,3670,-0.12361989668962951,0.11242115604040823,-0.13281332471958546,-0.2924671224763158,-0.21108241975978098,-0.03924182690384177,0.07141949654195458,-0.38655901840094664,0.20888343379849253
lambda_0_1,0.1,2,4,f1-f5,3670,-0.16624356336249227,0.16039781909309742,-0.23700648970656024,-0.3417112621541607,-0.2952533806469593,-0.03583884432909133,0.14227091019611063,-0.37970700200167806,0.2500430134730761
lambda_0_1,0.1,2,4,f2-f3,3670,0.33238149245560705,0.1333298200793461,0.34764379006212537,0.11296987770543711,0.220943731995059,0.4458304107200833,0.5286984498721273,-0.030785717512454853,0.6730322836207223
lambda_0_1,0.1,2,4,f2-f4,3670,-0.04326386805531317,0.0851821038704997,-0.038330607593536986,-0.19177944511255235,-0.09971723562072693,0.013854127355040591,0.0982321904232587,-0.27147253944867145,0.2158653777867194
lambda_0_1,0.1,2,4,f2-f5,3670,-0.15676765807758342,0.12041636106179271,-0.1433533643399465,-0.3824883429345132,-0.23670222204979682,-0.07178026553732979,0.02231239052694352,-0.48689611833796176,0.1984578468635159
lambda_0_1,0.1,2,4,f3-f4,3670,0.32652992796746017,0.24355867547773555,0.4024043339951483,-0.1035352596319774,0.11228789846942865,0.5363601883757751,0.6250669237926181,-0.23020769367027172,0.6868406419696335
lambda_0_1,0.1,2,4,f3-f5,3670,-0.10011353440387318,0.26080263014689287,-0.10721672507921523,-0.5141612351415215,-0.3137573517767982,0.10166757645005509,0.32679317140964986,-0.6516042297976684,0.5486927400622613
lambda_0_1,0.1,2,4,f4-f5,3670,0.1176393084271033,0.3377266977114689,0.13561526080830819,-0.41961588200820993,-0.17909860862992216,0.3896117036843809,0.6435761535928683,-0.5582139942274128,0.8184829042268198
lambda_0_1,0.1,2,4,mean_offdiagonal_per_sample,3670,0.10976329791221703,0.07040591413119195,0.11373272135174514,-0.006191015335935129,0.053995608406957565,0.16654562641118414,0.2167183159331896,-0.035102537989216274,0.2564745294380648
lambda_0_7,0.7,1,0,f1-f2,3671,0.9552821532350249,0.006130693062052593,0.9558968658791286,0.9436708924258618,0.9519430742111317,0.9596056228089946,0.9637682523533753,0.9249802986911001,0.9705812723060134
lambda_0_7,0.7,1,0,f1-f3,3671,0.8410487295318203,0.018292091931146146,0.8428514387806268,0.8078836817936029,0.8312941488158379,0.8530374467003439,0.8679041662145877,0.7439247440899671,0.8860255798469672
lambda_0_7,0.7,1,0,f1-f4,3671,0.6104415382116614,0.038418545276804446,0.6129983372072498,0.5447731493232472,0.5851772695193855,0.6372206334890262,0.6674079726404591,0.46218179454081554,0.7228718764125007
lambda_0_7,0.7,1,0,f1-f5,3671,0.21376640705783595,0.05975989575505703,0.21946670601844365,0.11386158682905406,0.1749883276784407,0.2554474258727544,0.30047294443181255,-0.06280121449617602,0.40482663468382263
lambda_0_7,0.7,1,0,f2-f3,3671,0.9125143510308631,0.013313471144215586,0.9143535092787114,0.8878705380930123,0.9042293407021861,0.9223861482878841,0.9308206105196406,0.8590315986785498,0.9432690179304188
lambda_0_7,0.7,1,0,f2-f4,3671,0.7036409132742507,0.037010031211296736,0.7077365653317691,0.6350836552470389,0.6816088077584759,0.7298240925377817,0.7562891327303479,0.5342942810995391,0.7993013564375322
lambda_0_7,0.7,1,0,f2-f5,3671,0.29823599010712387,0.06993365458170883,0.3085337612788189,0.17934999789404593,0.25376034218380805,0.3474422748733984,0.3944471767970106,-0.07900599591506138,0.4988471059210034
lambda_0_7,0.7,1,0,f3-f4,3671,0.8259458298184857,0.03177730167208033,0.8292161221393756,0.7649769700302747,0.8077212971455048,0.8491613097590824,0.8685285950486474,0.6559434413075912,0.8897793660607082
lambda_0_7,0.7,1,0,f3-f5,3671,0.4217947626049717,0.077524256673614,0.4366897240068715,0.29165777799088743,0.3717933750807647,0.47495482213473383,0.5258815168102806,0.014267515374954444,0.6519056574798748
lambda_0_7,0.7,1,0,f4-f5,3671,0.6067688880009816,0.07785145847052473,0.6193057345479178,0.46319883647074933,0.5636846286499129,0.6575562443784702,0.720116059209295,0.23096240166353957,0.7721470529203281
lambda_0_7,0.7,1,0,mean_offdiagonal_per_sample,3671,0.6389439562873018,0.03446985898853603,0.6444279194304634,0.580720495233235,0.6171631276746796,0.6637306341608501,0.685958621146323,0.45097762728620977,0.7282148815015892
lambda_0_7,0.7,1,1,f1-f2,3671,0.9566864911603061,0.006002948415411147,0.9575189132801438,0.9456976690467647,0.95342497164313,0.9606487069965599,0.9651583364571366,0.9254976844431502,0.9705769563055601
lambda_0_7,0.7,1,1,f1-f3,3671,0.8475462226388686,0.017672349369826743,0.8490581168083767,0.8158458288480367,0.837229463239936,0.859632622091566,0.8727720146475574,0.7707126819091253,0.9044695983974657
lambda_0_7,0.7,1,1,f1-f4,3671,0.640787028399157,0.03496283456621967,0.6426786795062488,0.5814683921769555,0.6178114268855694,0.6650451980863312,0.6962997775832627,0.48286816899174134,0.7435162764793234
lambda_0_7,0.7,1,1,f1-f5,3671,0.2857053320168158,0.05421512643784966,0.28966810347774535,0.1893815445059124,0.25148163480879326,0.3238461413639645,0.36902104719681544,0.07255554524243014,0.45290906658539454
lambda_0_7,0.7,1,1,f2-f3,3671,0.9139311602061551,0.013116731714486908,0.9155308921398675,0.8889942333996286,0.9076317833084093,0.9228468147827426,0.9321005592115622,0.8471665273108577,0.9443821808266126
lambda_0_7,0.7,1,1,f2-f4,3671,0.7241377816530333,0.033072364509681554,0.7268095356230836,0.6658387286231914,0.7048794053631666,0.7474789734594169,0.7733466517589439,0.5267056047011401,0.7988783845185974
lambda_0_7,0.7,1,1,f2-f5,3671,0.36126093672435045,0.06330964710525541,0.36631306244843254,0.24537532123429584,0.3240964326025276,0.40682894963689176,0.45532902271322195,0.09978645954326616,0.5207062902683324
lambda_0_7,0.7,1,1,f3-f4,3671,0.841287147747398,0.02879299856200941,0.8466288495930875,0.7864269086351903,0.8241361917166434,0.8622130302587152,0.8802251308247953,0.707426415965011,0.908572000398587
lambda_0_7,0.7,1,1,f3-f5,3671,0.47590062775275227,0.07054460760802113,0.4843651117380743,0.3511734562347062,0.4349763864357128,0.5258349955167909,0.5745883330152557,0.19785810720341485,0.6505188891153573
lambda_0_7,0.7,1,1,f4-f5,3671,0.6464293637043309,0.0696827375810844,0.6584825056833774,0.5223339527093036,0.6044298303973709,0.6950767487117213,0.7409884849604991,0.31740921262745725,0.8038731908371127
lambda_0_7,0.7,1,1,mean_offdiagonal_per_sample,3671,0.6693672092003168,0.02995242570788119,0.6723907270502664,0.6144090856844752,0.6515380621244915,0.6895876378364234,0.714850022502235,0.5244438740165603,0.7447059164560212
lambda_0_7,0.7,1,2,f1-f2,3671,0.9583473958112504,0.005613622213263445,0.9588728433888722,0.9482865767451709,0.9546847587513707,0.9623401530803299,0.9668348910739597,0.9351404473582934,0.9713239491478185
lambda_0_7,0.7,1,2,f1-f3,3671,0.8483538309404324,0.017853028724063715,0.849829892115882,0.8172000268985734,0.837068690149124,0.8613267619131797,0.8750446822798864,0.7727597860949761,0.891848491414376
lambda_0_7,0.7,1,2,f1-f4,3671,0.6326202603794053,0.034944244342701984,0.6345481958121194,0.5714799711358509,0.6099542830714023,0.658085031031809,0.6855146268575327,0.5082723312321847,0.7245941573620263
lambda_0_7,0.7,1,2,f1-f5,3671,0.23803778700060957,0.06153106410835569,0.2453844652297075,0.12301910030825322,0.1969300822928122,0.2802811801170788,0.33311252928520285,0.02822963035833733,0.3988422189586452
lambda_0_7,0.7,1,2,f2-f3,3671,0.9154356383951976,0.012605917239116905,0.9164078976052585,0.8935938649480374,0.9071157858917214,0.9250124259207151,0.9336008993566602,0.8592593687534035,0.9451714863677189
lambda_0_7,0.7,1,2,f2-f4,3671,0.7203824244775793,0.032744107650045075,0.7245900375374695,0.6609197671262653,0.7001635318012387,0.7427339897043479,0.7689131712735592,0.5909374914788286,0.7913549652892621
lambda_0_7,0.7,1,2,f2-f5,3671,0.32190421559221305,0.06918462673611978,0.32832499693982997,0.18422246427084518,0.28054136079059666,0.3699149447856024,0.4294988421098265,0.08649239202361032,0.49262667883450956
lambda_0_7,0.7,1,2,f3-f4,3671,0.8352970764554561,0.02955203599322542,0.8408118023678497,0.7797041757205665,0.8173952452161988,0.8565831410080462,0.8751026988420758,0.705159954307697,0.8926992180448773
lambda_0_7,0.7,1,2,f3-f5,3671,0.43944467986670677,0.08315013438443913,0.44923008951325155,0.2855024359625037,0.3927328644165809,0.49802997494028034,0.5561684265190976,0.1459474830439382,0.6357394321208096
lambda_0_7,0.7,1,2,f4-f5,3671,0.622836188897064,0.07755404825266982,0.6336182298448058,0.47002179324779186,0.5799205623701231,0.6781360921239475,0.7268101590561648,0.2434598818399363,0.7905456940723101
lambda_0_7,0.7,1,2,mean_offdiagonal_per_sample,3671,0.6532659497815916,0.03412336838137718,0.6575274299317948,0.5855393931493107,0.6342576040342338,0.6758027770672534,0.7026522156552606,0.5362583116369809,0.729705074198785
lambda_0_7,0.7,1,3,f1-f2,3670,0.9539532540123652,0.005748387889627327,0.9547882018925976,0.9432498605650196,0.9505586282018069,0.9580570958508015,0.961858530921732,0.9284490794804926,0.9697383526688221
lambda_0_7,0.7,1,3,f1-f3,3670,0.8372456366860692,0.018947622063750214,0.8388561813506483,0.8031669330673973,0.8258434878708896,0.8512827019829363,0.8647935814398464,0.7715897022367969,0.8864513959754758
lambda_0_7,0.7,1,3,f1-f4,3670,0.6193300747727819,0.03486313364108764,0.6202775363661326,0.5610112725648357,0.5960838356595255,0.6441779458972863,0.6732315735766309,0.4451349278285062,0.7271655816677536
lambda_0_7,0.7,1,3,f1-f5,3670,0.21406163944192783,0.06221919931760729,0.21686557040008175,0.11105416879325561,0.17065104695131997,0.25936081087822926,0.3131209192989214,-0.0018922275024594885,0.37982994267815906
lambda_0_7,0.7,1,3,f2-f3,3670,0.912016264991159,0.012632259459998943,0.9129022013798102,0.8890364522872933,0.9045150544720209,0.9215370471418141,0.9296654749049743,0.8572964422554156,0.9415063520845941
lambda_0_7,0.7,1,3,f2-f4,3670,0.7141563990743688,0.03264069541285748,0.716318226842316,0.6550913219952296,0.6930744948278906,0.7383523188444411,0.7607019563798517,0.5123605631247321,0.7960037587381984
lambda_0_7,0.7,1,3,f2-f5,3670,0.303268096779934,0.07066801406168828,0.30851018596437696,0.1808384015597963,0.25763204977263726,0.3549686954244407,0.4072262723077833,0.029617051726692725,0.5251066643440969
lambda_0_7,0.7,1,3,f3-f4,3670,0.8347499055871282,0.029461376312263296,0.83890125627306,0.7802245875354042,0.8168533299434453,0.856959293159615,0.875419944345662,0.6595062577092109,0.8937564128420615
lambda_0_7,0.7,1,3,f3-f5,3670,0.42785596225545586,0.08279200726300757,0.43230313753693084,0.28555862063954873,0.3717014463978107,0.48987824629585175,0.5527936972727957,0.07872098688186395,0.62892681359215
lambda_0_7,0.7,1,3,f4-f5,3670,0.618427848567299,0.07807755856816853,0.6223646295152259,0.4773239887773126,0.5702369532088138,0.6754931250092658,0.7340066093831267,0.2649105272894529,0.7925368356472953
lambda_0_7,0.7,1,3,mean_offdiagonal_per_sample,3670,0.643506508216849,0.03456570013173068,0.6457661716204065,0.582885098641124,0.6208312873074637,0.6692958947637003,0.693780570203204,0.46485059301523696,0.7383745260692095
lambda_0_7,0.7,1,4,f1-f2,3670,0.9563853811874246,0.005663812038218822,0.9567740282164257,0.9453369604133767,0.9532738411767192,0.9607681225898482,0.9644361135292783,0.9317974876974311,0.9690478030329122
lambda_0_7,0.7,1,4,f1-f3,3670,0.8464053144789448,0.015865823981343317,0.8464818259074749,0.8201410987673985,0.8359625491055162,0.8580879668916785,0.8709609011333954,0.7791861891282719,0.8899333800792835
lambda_0_7,0.7,1,4,f1-f4,3670,0.6236064565590114,0.03508957506897882,0.6256897983123805,0.5609287053404107,0.6014436208998337,0.6492341492492907,0.6748255628253579,0.4918076762300171,0.7293157631589626
lambda_0_7,0.7,1,4,f1-f5,3670,0.2236243664285965,0.06116607035688987,0.22955161157921722,0.1117850526147961,0.18513281911436624,0.26581785751935205,0.31337619083480445,-0.022217764775838915,0.3782064995654394
lambda_0_7,0.7,1,4,f2-f3,3670,0.9113458188865071,0.013159495488771064,0.9129360342467359,0.8877027609705309,0.9028640216866333,0.9215225622501549,0.9296547523958797,0.8602996965346448,0.9394941904975478
lambda_0_7,0.7,1,4,f2-f4,3670,0.7140434889760561,0.03367825166320321,0.7181779073741938,0.6519106405270634,0.6930840083783708,0.7397158868740493,0.7608437848020466,0.5648208396532072,0.7901124961759161
lambda_0_7,0.7,1,4,f2-f5,3670,0.31202060117882546,0.06960784279728999,0.3200262461080228,0.18216339533968232,0.27036085613496963,0.36149733993833355,0.41298106443327837,0.020114570229652764,0.4736337389119359
lambda_0_7,0.7,1,4,f3-f4,3670,0.8309903914782606,0.031737217812867195,0.8377384803146657,0.7693818471604856,0.8148337800350585,0.8533418761956979,0.8723010967980048,0.6733130123853168,0.8864486965385394
lambda_0_7,0.7,1,4,f3-f5,3670,0.428774976796566,0.07605202194618892,0.4353357217038527,0.2846737758503088,0.3845231351804185,0.48232905568272677,0.5413690791802037,0.1002188034124093,0.6158836076690881
lambda_0_7,0.7,1,4,f4-f5,3670,0.6283537056862645,0.07427567334952025,0.6379190392930347,0.49327985567251276,0.5854278170091385,0.681013444165739,0.7359031847973405,0.2404773817499924,0.794573792860603
lambda_0_7,0.7,1,4,mean_offdiagonal_per_sample,3670,0.6475550501656457,0.0326455885893685,0.6516993583501031,0.5882862865791291,0.62592218022499,0.6713647989185589,0.694990792784344,0.5082817835691766,0.7202604302167972
lambda_0_7,0.7,2,0,f1-f2,3671,0.959576541143319,0.005287071228366673,0.9601970786447818,0.9499565676247259,0.9565373995049897,0.9633565516240041,0.9669276600142375,0.9338966860441468,0.9717791322231727
lambda_0_7,0.7,2,0,f1-f3,3671,0.8501096668699155,0.01794110051754693,0.8525712668465945,0.817115675650842,0.8405995559466469,0.862510065835834,0.8750488979900488,0.7560090501215829,0.8933366107821443
lambda_0_7,0.7,2,0,f1-f4,3671,0.6206834678098307,0.04286217211910201,0.624795662375011,0.5445025280683519,0.5952879275059285,0.6517921888408178,0.6804762591434179,0.4154319911569016,0.7322436340126347
lambda_0_7,0.7,2,0,f1-f5,3671,0.20056071452408164,0.06600713382879726,0.2036467439848538,0.09010136091807355,0.1568420149427066,0.24639457388287833,0.2977861145800339,-0.14763530948144438,0.40993912629088775
lambda_0_7,0.7,2,0,f2-f3,3671,0.9182416292612745,0.013828581976560199,0.920464314144818,0.8933817265897774,0.9098390697148069,0.9282935652639962,0.9372055376205555,0.8476727965734256,0.9474406038648908
lambda_0_7,0.7,2,0,f2-f4,3671,0.7096285495825327,0.04398493629321692,0.714842286296914,0.6242233607849437,0.6866244118294409,0.7411777353090521,0.7682182098019144,0.4563356728944068,0.805212726027202
lambda_0_7,0.7,2,0,f2-f5,3671,0.2769591329732681,0.08071591441152019,0.28730478914053914,0.1340649771109799,0.22732851637677381,0.33208894940440914,0.39076999394856327,-0.1802704526607742,0.4919606611855044
lambda_0_7,0.7,2,0,f3-f4,3671,0.8247613816870321,0.039237916840722,0.8297383070621112,0.7535910998076096,0.8039240362247532,0.8535336032688632,0.8755537221639847,0.5883813381012455,0.9001426389774517
lambda_0_7,0.7,2,0,f3-f5,3671,0.38882065723432563,0.0920902450329534,0.40268739261033143,0.22336478408977686,0.33703387767651005,0.45259091473113794,0.5149129838188273,-0.12070350304468222,0.6140697125434655
lambda_0_7,0.7,2,0,f4-f5,3671,0.5697071999296757,0.0924544323328927,0.5861857803893431,0.39851465272221775,0.5145094558861352,0.6357189704493491,0.69390499618741,0.17934975738576198,0.7506515656073711
lambda_0_7,0.7,2,0,mean_offdiagonal_per_sample,3671,0.6319048941015256,0.04155959489488672,0.637126966186128,0.5585400831274352,0.6078918465018848,0.6612736339605414,0.6903350398702783,0.39308054990211294,0.7276317690876912
lambda_0_7,0.7,2,1,f1-f2,3671,0.9605377034556265,0.005812737632065839,0.9616125608041557,0.949994344126029,0.9578293747431876,0.9644723239639088,0.9679625316866863,0.928331641627492,0.9722306014878221
lambda_0_7,0.7,2,1,f1-f3,3671,0.8533799520152544,0.016256866756873364,0.8557882268169341,0.8238213907895786,0.8443168064279223,0.86441722383377,0.875198075636379,0.7576132243930273,0.9003470091195005
lambda_0_7,0.7,2,1,f1-f4,3671,0.6326988109952739,0.036220025769054795,0.6338548173265542,0.5711301560381767,0.6097667688945465,0.6586540917316768,0.6863627218983026,0.3271781798908575,0.7253851635773726
lambda_0_7,0.7,2,1,f1-f5,3671,0.22685555186911802,0.06357885157289696,0.22963744315708992,0.11961763110671123,0.18710128482583396,0.27058594229286065,0.3284638733981358,-0.030601220259976743,0.3975336548800198
lambda_0_7,0.7,2,1,f2-f3,3671,0.918893807343107,0.013800787837750154,0.9216343327566968,0.8939897749435725,0.912177280135143,0.9285148150588869,0.9356189061802807,0.8215616307010584,0.9449626741747054
lambda_0_7,0.7,2,1,f2-f4,3671,0.7167886373508523,0.03734232863489418,0.7199697298113902,0.6526501685022839,0.695106118298461,0.7418480526848412,0.7701825460700873,0.3695395880601848,0.8001045735441107
lambda_0_7,0.7,2,1,f2-f5,3671,0.29708338769431963,0.07595263956245331,0.2982297316233184,0.16436918927013788,0.25186177818426225,0.3473431684855842,0.4178762697723848,-0.05341010010467153,0.48199389701721673
lambda_0_7,0.7,2,1,f3-f4,3671,0.8303683308577011,0.033261134977723074,0.8358413347445843,0.7672034474295654,0.8134117618350443,0.8531049872515021,0.8745981585151741,0.5826746843545326,0.8972774736690632
lambda_0_7,0.7,2,1,f3-f5,3671,0.40159347450941185,0.08512324701539296,0.4026207613989412,0.2599100405552423,0.34902051060720385,0.45966682933808134,0.5326596087851192,0.09019455056737796,0.6160613975277379
lambda_0_7,0.7,2,1,f4-f5,3671,0.57888189866124,0.08551616990294182,0.5866716709381766,0.429912224257636,0.529217478778856,0.6411176970136083,0.7035586159571924,0.20195043528534812,0.7747595978554809
lambda_0_7,0.7,2,1,mean_offdiagonal_per_sample,3671,0.6417081554751904,0.0364117989515295,0.6435421165338358,0.576890884700519,0.6194576804608816,0.6674753634618744,0.696764868468819,0.4293701508075453,0.7305980318675015
lambda_0_7,0.7,2,2,f1-f2,3671,0.9627892396383422,0.005034237094776526,0.9636440199675966,0.9531888606122585,0.9595060606198318,0.966387259627761,0.9697517280229218,0.9415963888914806,0.9815811199429144
lambda_0_7,0.7,2,2,f1-f3,3671,0.8570970634933845,0.01616493312521739,0.8578537268686341,0.8297441345776724,0.8470367193788156,0.8686675683540004,0.8820846929195287,0.7884174718537564,0.8960707551914638
lambda_0_7,0.7,2,2,f1-f4,3671,0.6353886729135825,0.0357289643923607,0.6369591756519832,0.5739600504128539,0.6124726358150824,0.6625848194133294,0.6871557666495098,0.48448770930478846,0.7266923475808528
lambda_0_7,0.7,2,2,f1-f5,3671,0.20106145080134805,0.07026275490692879,0.2040524166017162,0.0746796165419247,0.1611494175158973,0.2502136927048754,0.31163994861771194,-0.04741835721902499,0.38801170182465555
lambda_0_7,0.7,2,2,f2-f3,3671,0.9214178494677308,0.01249497734717013,0.9218943025814259,0.9000734367945821,0.9138139797949427,0.9314435610371472,0.9384844300088163,0.8533226724254022,0.9478219114621503
lambda_0_7,0.7,2,2,f2-f4,3671,0.7206715607734198,0.03595808951747928,0.724389095703995,0.6547532454123692,0.6983920723172692,0.7460730195946972,0.775612841315408,0.5614334658178274,0.8035442664415097
lambda_0_7,0.7,2,2,f2-f5,3671,0.2725046359478879,0.08181972056780126,0.2773259514306487,0.12256023284116568,0.22418556569427384,0.32586126864872766,0.3980805705547813,-0.036651208438255714,0.47227463657011637
lambda_0_7,0.7,2,2,f3-f4,3671,0.8335595922530925,0.03288341210562275,0.839485580052908,0.7721235597117031,0.8157257541122029,0.8570016036806389,0.8782056718178621,0.6634756218694098,0.897356366892035
lambda_0_7,0.7,2,2,f3-f5,3671,0.3782885601444937,0.09928353192334075,0.38985695324422137,0.1982314987286033,0.3196204142417877,0.44843254627410206,0.5249463031205484,-0.05724725745427259,0.5930077211989465
lambda_0_7,0.7,2,2,f4-f5,3671,0.5546944494544809,0.09668933575272359,0.5649106748102076,0.36954055370824657,0.5043348766921356,0.6262040513907635,0.6883411227886831,0.13381172666790767,0.7417081394054645
lambda_0_7,0.7,2,2,mean_offdiagonal_per_sample,3671,0.6337473074887762,0.04059413652263746,0.6373369437963718,0.5574177001146803,0.6111357029411906,0.6599062803341174,0.6935212758399673,0.45578344401137844,0.7255248664039315
lambda_0_7,0.7,2,3,f1-f2,3670,0.960655803185741,0.005320470138481558,0.9616056001935092,0.9511448849352269,0.9579568279638011,0.9640861410930761,0.9674961234750251,0.9298807376943298,0.9735088864889676
lambda_0_7,0.7,2,3,f1-f3,3670,0.8526682198405215,0.017005012393392464,0.8544015284156645,0.8205067921260523,0.8433417437051849,0.8649659469793254,0.8767110191613914,0.7894278677956228,0.8920671471152172
lambda_0_7,0.7,2,3,f1-f4,3670,0.6338582303585968,0.03458740504594387,0.6348633020729174,0.5746029899105912,0.6126825643165084,0.6586544030547794,0.6850463572719118,0.44888687303312885,0.7131681016616229
lambda_0_7,0.7,2,3,f1-f5,3670,0.20553352111101464,0.06801409584775224,0.21022809452899874,0.0871416353203975,0.16038541328159805,0.25502274640708666,0.3095352901144645,-0.04504012592982286,0.4094533119354501
lambda_0_7,0.7,2,3,f2-f3,3670,0.9201392898653116,0.013047512526087792,0.921991422883774,0.8954441880777496,0.9129926677183587,0.9296392171610651,0.9368395800209971,0.8475763977111098,0.9487797556814114
lambda_0_7,0.7,2,3,f2-f4,3670,0.7224228156333691,0.03383524974818533,0.7246033553472259,0.6643205504226755,0.7014228625806935,0.7489916907500309,0.7695473643926265,0.5477758603354725,0.8119717085609454
lambda_0_7,0.7,2,3,f2-f5,3670,0.27974414805348496,0.07893880253706487,0.2871839123216053,0.13727993595091512,0.22902478353018468,0.3370423427518995,0.3957718800355541,-0.022442863052372683,0.5254253575795953
lambda_0_7,0.7,2,3,f3-f4,3670,0.8374263123301849,0.028762324213674837,0.8408648262866691,0.7857981941335088,0.8173434245500906,0.8590194681060683,0.8789238336523078,0.6879286476014981,0.8992408131954744
lambda_0_7,0.7,2,3,f3-f5,3670,0.3862691019686942,0.09057951162143561,0.3900942408517779,0.22521216499952013,0.3286634835499269,0.45565757229691833,0.5150112066002183,-0.008884745169977875,0.6288408505399923
lambda_0_7,0.7,2,3,f4-f5,3670,0.5654612179266784,0.09017686189946357,0.5718603595469904,0.3987606834933017,0.5106663102262418,0.630933902793703,0.6972410317853063,0.13864862369355016,0.7454556973954471
lambda_0_7,0.7,2,3,mean_offdiagonal_per_sample,3670,0.6364178660273597,0.038260212743246404,0.6389282107581833,0.5657634147640562,0.6113173617153522,0.6640745037990998,0.6925841889539401,0.4674057107110318,0.7518580550630116
lambda_0_7,0.7,2,4,f1-f2,3670,0.9621181309882296,0.005388461797656657,0.9629402836184304,0.9519714471454901,0.9589920382467545,0.9660089600714248,0.9693487012889321,0.9302042200416095,0.9792472942470922
lambda_0_7,0.7,2,4,f1-f3,3670,0.8566990466106229,0.014749192883820799,0.8572501541571198,0.8322134034495549,0.8473795716618087,0.8672509393326563,0.8803997022276859,0.797411871021576,0.9016256700351931
lambda_0_7,0.7,2,4,f1-f4,3670,0.6315577886297274,0.03649616065612628,0.6340751262263227,0.5682030056504028,0.6083951564067361,0.6587513987773127,0.684338473198991,0.4919598275678367,0.7471268965901221
lambda_0_7,0.7,2,4,f1-f5,3670,0.19950841151956322,0.06742415666544672,0.2045873236862128,0.08588343815842416,0.15188122611378807,0.25057064893809233,0.30278204713414436,-0.031356196059035966,0.3826115808179898
lambda_0_7,0.7,2,4,f2-f3,3670,0.9204037074627457,0.011970242639952791,0.921106354343338,0.897824042322319,0.9125398467312709,0.9301558183401649,0.9373434984571541,0.8769168971541944,0.951621235822072
lambda_0_7,0.7,2,4,f2-f4,3670,0.7172884264898702,0.03697576893731244,0.7225780963904715,0.6454266039426214,0.6956761268759866,0.7462828641455976,0.76693060819634,0.5066346647486355,0.7951140560976591
lambda_0_7,0.7,2,4,f2-f5,3670,0.2713460756140345,0.07845228844629953,0.280685728452266,0.12748120083092657,0.22182630936071573,0.33115733776978334,0.3864485590274987,-0.021096841358789194,0.44465950390909126
lambda_0_7,0.7,2,4,f3-f4,3670,0.8304427497480366,0.03576472823873388,0.8370218834104841,0.7599756678586885,0.8072912589847021,0.8576888786691818,0.8756698451018514,0.6002052071659953,0.891660434741121
lambda_0_7,0.7,2,4,f3-f5,3670,0.37997424428336607,0.09078824191642867,0.39289818230330364,0.21236068385809484,0.32350234623376606,0.44355675054449656,0.5136063140998691,0.01251538194504033,0.600261738656493
lambda_0_7,0.7,2,4,f4-f5,3670,0.5653096622125915,0.09043946416660073,0.5764166229635388,0.4052321421102613,0.5178799015835148,0.6310105900958687,0.6988194888345752,0.11862202486759625,0.7418127705631182
lambda_0_7,0.7,2,4,mean_offdiagonal_per_sample,3670,0.6334648243558787,0.03770365871059884,0.6365784013509697,0.5658957451260477,0.6089845688501971,0.6624680023517835,0.6877306544463805,0.46402276403566295,0.7189194617896429
lambda_0_9,0.9,1,0,f1-f2,3671,0.9621478008417732,0.005337958166380662,0.9629342000107581,0.9522114689231231,0.9589500126044912,0.9661095252670933,0.9694297914540324,0.9402587041865805,0.9738576629264245
lambda_0_9,0.9,1,0,f1-f3,3671,0.8842419480683298,0.013560594051562253,0.8853160483107769,0.8596995099544351,0.8758312794563218,0.8942837096315623,0.9040310392444417,0.8265530281379815,0.915902728470791
lambda_0_9,0.9,1,0,f1-f4,3671,0.7542493110896905,0.026264516870641644,0.7561605540279216,0.7076590144222079,0.7374441122845345,0.7730419979726697,0.7943653874347234,0.6573678394806101,0.8271766012729386
lambda_0_9,0.9,1,0,f1-f5,3671,0.5389256767684242,0.04187752021593619,0.54167591911391,0.4633252289818164,0.5127260184455056,0.5676447057573797,0.6025933861130252,0.3555481784940869,0.6698364956457478
lambda_0_9,0.9,1,0,f2-f3,3671,0.9461221045143291,0.007362970201490752,0.9469634497079069,0.9327288721815069,0.94147948904875,0.9516107934894229,0.9567241607564928,0.9106798829515614,0.9651368383767475
lambda_0_9,0.9,1,0,f2-f4,3671,0.8395337086167147,0.01897659836681443,0.841885127528298,0.8049882949994558,0.8267038750296263,0.8533243687745233,0.867479955375193,0.7702362779882065,0.8893235163904882
lambda_0_9,0.9,1,0,f2-f5,3671,0.633840483953423,0.039420015162962015,0.6347123400274923,0.5638079007943442,0.6091153805499241,0.6616922492024512,0.6949697548762145,0.42995794196002385,0.7622021056725367
lambda_0_9,0.9,1,0,f3-f4,3671,0.9205685663538525,0.012914160200765287,0.9231125828057525,0.8945964544152032,0.9135155876046603,0.9297568418951272,0.9375106269867477,0.8680898348481496,0.9492815679899055
lambda_0_9,0.9,1,0,f3-f5,3671,0.7315497392908159,0.0385212526464773,0.7352344604406766,0.66261774641506,0.7066879195578155,0.7602731552075706,0.7871261603414297,0.528593768371639,0.8337843239575339
lambda_0_9,0.9,1,0,f4-f5,3671,0.8399634635920854,0.031870866233652394,0.8437705755469977,0.7826556864936962,0.8207653766774373,0.8647447764105736,0.8830651982624698,0.6571258944223678,0.9065650263057423
lambda_0_9,0.9,1,0,mean_offdiagonal_per_sample,3671,0.8051142803089438,0.018918542181434378,0.8062821355811843,0.7716738873456678,0.7935931750175456,0.818374897379385,0.8339118704095658,0.7097047404396482,0.8601232776485478
lambda_0_9,0.9,1,1,f1-f2,3671,0.9644161837340874,0.004794499373492692,0.9650908081002525,0.9558968854078171,0.9615027783990253,0.9681369379217065,0.9707636071150447,0.9425952666238376,0.9750156047604385
lambda_0_9,0.9,1,1,f1-f3,3671,0.8863330151777625,0.013673342812229185,0.8872227586285577,0.8623487144162614,0.8775343023171289,0.8961600330756792,0.9073771243734847,0.8212723722103645,0.9250455418340602
lambda_0_9,0.9,1,1,f1-f4,3671,0.7506741688813375,0.026519530146775477,0.7512849143242109,0.7065621056054392,0.7335001628361912,0.7688458161384757,0.7920684156251423,0.6342143585195302,0.8285993325734483
lambda_0_9,0.9,1,1,f1-f5,3671,0.5075148836512428,0.049905065554221785,0.5097408721324901,0.42204128332814284,0.4768791043030135,0.5418679387405775,0.581165547424795,0.26406349506056276,0.648499754146783
lambda_0_9,0.9,1,1,f2-f3,3671,0.9464237387192064,0.007760641754309227,0.9477087366629869,0.931396651790716,0.9420188108312282,0.9519124212342993,0.9571374441174794,0.9053730029653603,0.9645939658050255
lambda_0_9,0.9,1,1,f2-f4,3671,0.8331860515574562,0.020173616025199466,0.8339335407984136,0.798070668167797,0.8206898093929844,0.847718783424568,0.8646945603924612,0.7504305574857439,0.8850681009788495
lambda_0_9,0.9,1,1,f2-f5,3671,0.5944527472036303,0.051839016909235675,0.6008058757473701,0.506652479984959,0.5670581647083847,0.6293229341106621,0.66350208746713,0.3371685947712956,0.7202602511485391
lambda_0_9,0.9,1,1,f3-f4,3671,0.9164791148010765,0.013799751684465717,0.9182081199768073,0.8911223963464927,0.9079790855855476,0.9264024059514047,0.9361876420435766,0.8578938436049403,0.9500038838514381
lambda_0_9,0.9,1,1,f3-f5,3671,0.6929559168389917,0.051942106601458614,0.7007983666679111,0.6053736251157733,0.6667987354152961,0.7280468444636774,0.7616486671337701,0.46380897502843205,0.8041910486526562
lambda_0_9,0.9,1,1,f4-f5,3671,0.8049911255476937,0.04846894814374802,0.8130390450897181,0.7156145344314926,0.7829410479416967,0.8381579592728003,0.8657841019141728,0.5402607159425565,0.8953093156928701
lambda_0_9,0.9,1,1,mean_offdiagonal_per_sample,3671,0.7897426946112486,0.023278799033051207,0.791950286775412,0.7478974879159801,0.7761530961222999,0.8057460245621761,0.8219786025865627,0.6701310643523006,0.8491290579698776
lambda_0_9,0.9,1,2,f1-f2,3671,0.9598697460867301,0.005518631580228081,0.9605835958379112,0.9501883918847338,0.9563176300580081,0.9636001073238976,0.9681911155484462,0.9333169148350018,0.9737854750164606
lambda_0_9,0.9,1,2,f1-f3,3671,0.8826263971599385,0.013714461370740231,0.8827152624326806,0.8595434107266979,0.8734737772823837,0.892020924992585,0.9057007507109174,0.8270592515971986,0.9180214517333891
lambda_0_9,0.9,1,2,f1-f4,3671,0.7544383915625035,0.025731464998078185,0.755087603340602,0.71061544960542,0.7385036523777829,0.7718516956905783,0.7952172061155176,0.6443704156654094,0.8338406380070743
lambda_0_9,0.9,1,2,f1-f5,3671,0.5556388673672409,0.04100620012426127,0.5570832957072899,0.490274157516131,0.5297927962674863,0.583582776616253,0.6189796219665935,0.3998034528588438,0.6790539082767866
lambda_0_9,0.9,1,2,f2-f3,3671,0.9464022446230378,0.007902915252454401,0.9472828042688896,0.9317115317590912,0.9416379492775813,0.9521255097607648,0.9576483659744681,0.9103469201403687,0.9648931441008376
lambda_0_9,0.9,1,2,f2-f4,3671,0.8387704486398904,0.019521881328615404,0.8405324214379938,0.8041443673501363,0.8262888261315369,0.8531976213020976,0.8668860068206568,0.7447056155034454,0.8926992553292844
lambda_0_9,0.9,1,2,f2-f5,3671,0.6414717925098778,0.042068546075574115,0.6448465403472518,0.5675969184109837,0.6167369804110816,0.6707978345717083,0.7036696779554859,0.47311523666132904,0.7589403487157675
lambda_0_9,0.9,1,2,f3-f4,3671,0.9180330114379368,0.014847804168676962,0.9205851416796846,0.8890792955658058,0.9105314132396443,0.9281437297810393,0.9379645077381282,0.8583345174946669,0.948970027074434
lambda_0_9,0.9,1,2,f3-f5,3671,0.7301353226386995,0.04298015609193371,0.7356278126378987,0.6515768849709969,0.7041469545989338,0.7616601601820845,0.7886966360490368,0.5495740113322991,0.8221094341969161
lambda_0_9,0.9,1,2,f4-f5,3671,0.8301218860904781,0.0348228058938054,0.8347111570309024,0.7648005977007528,0.8090242727980077,0.8563660199227154,0.8776233728699772,0.6403429027561017,0.9028825705283887
lambda_0_9,0.9,1,2,mean_offdiagonal_per_sample,3671,0.8057508108116332,0.020032890429964433,0.807535673146495,0.7709474448704794,0.7927542995313588,0.8202885698641744,0.8354770575723987,0.7333221862692451,0.8658696519380401
lambda_0_9,0.9,1,3,f1-f2,3670,0.9637451689731537,0.004754351969499264,0.9642268753060915,0.9554074541473607,0.9604861096712833,0.9672489803899272,0.9709638666525184,0.9437815425714043,0.9752324044372207
lambda_0_9,0.9,1,3,f1-f3,3670,0.88247589899733,0.01489868869799573,0.8834593953588629,0.8567411551031167,0.8727140073714197,0.8926381849560027,0.9054824627580018,0.8279614096853505,0.9227063996691728
lambda_0_9,0.9,1,3,f1-f4,3670,0.7477447498376728,0.02883450380585939,0.7497287370510459,0.6981580645240538,0.7278292857748025,0.768854234308985,0.7928456032693308,0.623917380951323,0.8224542084253057
lambda_0_9,0.9,1,3,f1-f5,3670,0.517311067788493,0.046862407362568026,0.5200485092479341,0.43650035172676094,0.48761537988902354,0.5518863971729467,0.5871370076028796,0.32909405621305526,0.6720103651207006
lambda_0_9,0.9,1,3,f2-f3,3670,0.9461831039281223,0.007728529189828955,0.9468039894042763,0.9320488591524706,0.9415715599760128,0.9521888186176651,0.9569070131028837,0.9123558098068926,0.9638369314037326
lambda_0_9,0.9,1,3,f2-f4,3670,0.8330636539769506,0.020500833249356545,0.8359898154342247,0.7971865030255203,0.8184848236246571,0.8482976754383136,0.8637185941880913,0.7641851328716501,0.883995398508632
lambda_0_9,0.9,1,3,f2-f5,3670,0.6096215922728446,0.04504158152863622,0.6151510436330292,0.5308334325428272,0.5810058600170249,0.6423028690980594,0.6762234122462384,0.4167594905281129,0.7298540503796018
lambda_0_9,0.9,1,3,f3-f4,3670,0.9181439066839006,0.014364709626418833,0.9213520317005643,0.8896019241404776,0.910143065061233,0.9287636463652476,0.9363041237030651,0.846257517340518,0.9445265089293563
lambda_0_9,0.9,1,3,f3-f5,3670,0.7159240434144216,0.04413953366951499,0.7220237168213889,0.6386421585635437,0.6888556378402785,0.747575473604585,0.7788286408976959,0.5037864276801024,0.8175118775082475
lambda_0_9,0.9,1,3,f4-f5,3670,0.8253316259112911,0.037913755072919726,0.8313350664484893,0.7515685546586133,0.8034535718916016,0.8516279511904644,0.8795076217171064,0.6522855437633013,0.9103896136251521
lambda_0_9,0.9,1,3,mean_offdiagonal_per_sample,3670,0.795954481178418,0.021224499930668494,0.7985114258554757,0.7600405166092099,0.7814418349649838,0.8121641768553236,0.8266908389863947,0.7114765355643867,0.8572599021646903
lambda_0_9,0.9,1,4,f1-f2,3670,0.9647215884816861,0.0050002592007165475,0.9653390786077509,0.9555123136184844,0.9616704114763792,0.9684704707860106,0.9715820674065825,0.9417163096170708,0.9760272230303436
lambda_0_9,0.9,1,4,f1-f3,3670,0.8869711167096804,0.01344475545198839,0.8875498819547678,0.863982442800828,0.8781151014257063,0.8963173999734264,0.9084517647941187,0.8335149766888212,0.9210195260018282
lambda_0_9,0.9,1,4,f1-f4,3670,0.7475568220589922,0.026204147986377154,0.7495272395569137,0.6996810560550633,0.7323728695437202,0.7657223839003158,0.7873033442480983,0.6225425463341727,0.820511800137417
lambda_0_9,0.9,1,4,f1-f5,3670,0.4947586104327946,0.04862636679935502,0.5003223225940698,0.40931199716902295,0.462762497199244,0.5284695418047238,0.5673998573594291,0.19738746715357589,0.6261422131615665
lambda_0_9,0.9,1,4,f2-f3,3670,0.9476938576864705,0.007691502371968469,0.9482208567197732,0.9335176830884344,0.942711544461731,0.9537118375086835,0.958864582041831,0.917206632288632,0.9637666115651842
lambda_0_9,0.9,1,4,f2-f4,3670,0.8309744026102406,0.021500956563353844,0.8345368204660365,0.7918573238760972,0.8175642891287072,0.846410166277858,0.8613651484165793,0.7332389606057459,0.879809310629407
lambda_0_9,0.9,1,4,f2-f5,3670,0.5802337044069685,0.053113872834056136,0.5888242205627815,0.4863110845422559,0.5466819490658374,0.6192635624577794,0.6534843608309681,0.21369090023135096,0.6976436890944514
lambda_0_9,0.9,1,4,f3-f4,3670,0.9119493759904713,0.0168305629839954,0.914771909084945,0.8804699309910474,0.9022379784620029,0.9235921569082886,0.935073319867301,0.8170320993705824,0.9549095812258663
lambda_0_9,0.9,1,4,f3-f5,3670,0.6735550976635586,0.05720641184453114,0.6849986898431855,0.5663046205437152,0.6394310766931448,0.714651825704032,0.7473201667403685,0.24142716328308764,0.7918516935011575
lambda_0_9,0.9,1,4,f4-f5,3670,0.7964116344210022,0.047669250988317036,0.8038545466886224,0.7158254467874948,0.7720651808994246,0.8280270633718787,0.8591801614337752,0.37621989750412516,0.8808668923783487
lambda_0_9,0.9,1,4,mean_offdiagonal_per_sample,3670,0.7834826210461865,0.02494520647731568,0.7875508048894506,0.7392224291995398,0.7677132072697139,0.8016904383700385,0.8174404274945581,0.6218966489219606,0.8425783815546837
lambda_0_9,0.9,2,0,f1-f2,3671,0.963648297589945,0.004998077254741492,0.9644865221046862,0.9549251352022683,0.9609122244970909,0.9673039906770804,0.9699685079542906,0.9282015806104207,0.9767335955665475
lambda_0_9,0.9,2,0,f1-f3,3671,0.8848584592154014,0.013013007381211866,0.886628230278912,0.8621336530605346,0.8770880778828174,0.8938765748417314,0.9033586612272075,0.8062228563865285,0.9179191681157578
lambda_0_9,0.9,2,0,f1-f4,3671,0.7558828273973672,0.02479584674438395,0.7578261746783295,0.7110526682970841,0.7409926013104768,0.7726556812196157,0.794578923066966,0.6557696254479043,0.8194427473491966
lambda_0_9,0.9,2,0,f1-f5,3671,0.5179228829175079,0.051074657728294365,0.5252229111197546,0.42361280034765203,0.48787466718087014,0.5541526008708235,0.5878294641195969,0.2931688065681917,0.6564840375110161
lambda_0_9,0.9,2,0,f2-f3,3671,0.9473001444607346,0.009049896793585687,0.9486653306420448,0.9319403587138249,0.9425129387161204,0.9533611529710899,0.9588474326655352,0.8811589692240084,0.9632947767183794
lambda_0_9,0.9,2,0,f2-f4,3671,0.8393630347092904,0.02244705855066619,0.8423548773333993,0.7961404639562538,0.8260072214355856,0.8560600191049688,0.868197217017117,0.71246995135982,0.8888928574222461
lambda_0_9,0.9,2,0,f2-f5,3671,0.5981398520123489,0.05697065244276454,0.6065434211718151,0.48980247591355996,0.5670856094227545,0.636925862605239,0.6781656284191053,0.2822597763406105,0.7251990131640493
lambda_0_9,0.9,2,0,f3-f4,3671,0.9170979500135624,0.01694142558450177,0.9195869372370872,0.8825384121725629,0.9075894478895843,0.9301123696259709,0.9381667650548475,0.8300275066386975,0.946660226794813
lambda_0_9,0.9,2,0,f3-f5,3671,0.6827966220000871,0.05876701124641036,0.6942332558375468,0.5783439131421545,0.6473458763877971,0.7252817150162331,0.7603951518480765,0.33516593895223434,0.7943151698572634
lambda_0_9,0.9,2,0,f4-f5,3671,0.786850311140347,0.04977591431315671,0.7933102498536881,0.700707415475061,0.7527057226541254,0.8248672048806747,0.8580946544054011,0.46411518533840357,0.8761652924179518
lambda_0_9,0.9,2,0,mean_offdiagonal_per_sample,3671,0.7893860381456592,0.02599422286023611,0.7937771640882154,0.7394808733321407,0.7749357765134584,0.8072427176495893,0.8254870181192788,0.6405512997612386,0.8426068353291856
lambda_0_9,0.9,2,1,f1-f2,3671,0.9687523963998017,0.003951453246184191,0.9693602105262119,0.962228453296637,0.9664836166871561,0.9716077522132354,0.9740568841917324,0.9477915040256939,0.9790328148905653
lambda_0_9,0.9,2,1,f1-f3,3671,0.8982531949074974,0.01142142027475474,0.8990801727955092,0.8782533629159093,0.8905094111603019,0.9062511704521863,0.9153886985865296,0.8553379284261232,0.9438380056619877
lambda_0_9,0.9,2,1,f1-f4,3671,0.7735282418953884,0.023803323520986856,0.7734736116512931,0.7327606706907337,0.7587348762086845,0.7901274584083678,0.810739115578381,0.6891929706380138,0.8564953877616799
lambda_0_9,0.9,2,1,f1-f5,3671,0.5167248080015332,0.05784471325643314,0.5236157606032388,0.4078171543417687,0.48130081634805044,0.5575942199009142,0.6004799382757613,0.25224769136064873,0.6746444759381219
lambda_0_9,0.9,2,1,f2-f3,3671,0.951968596711755,0.007449232308150542,0.953157317573783,0.9382212731563213,0.9478696555774389,0.9571730120129962,0.9621586764501059,0.9155918057261115,0.9676355952742548
lambda_0_9,0.9,2,1,f2-f4,3671,0.8449048128450483,0.02102043869217229,0.8463826357447822,0.8075550941166503,0.8314331842985159,0.860165738266925,0.8773196709929132,0.7494933636737602,0.9001225387581421
lambda_0_9,0.9,2,1,f2-f5,3671,0.5832518358880174,0.06625436083964681,0.59729711481904,0.44844292809889164,0.5509437835499089,0.6278156346887991,0.6666616630760946,0.21537525304107977,0.7359356322127913
lambda_0_9,0.9,2,1,f3-f4,3671,0.9164630498249907,0.017326133476993015,0.919586601786895,0.8852025535145904,0.9066337417426737,0.9290814220606606,0.9390984227562706,0.8233586531250321,0.9543678783727386
lambda_0_9,0.9,2,1,f3-f5,3671,0.6586921154321479,0.07255578727422728,0.6729042243449066,0.5135992199015555,0.627118808753707,0.7073487300846549,0.7476461811983357,0.2591850131278297,0.7995137592841316
lambda_0_9,0.9,2,1,f4-f5,3671,0.761862562751438,0.06981882250859929,0.7779590309225104,0.6291403290808383,0.7347041282755677,0.8086741570908045,0.844009779561473,0.3969430922087813,0.8705572025665683
lambda_0_9,0.9,2,1,mean_offdiagonal_per_sample,3671,0.7874401614657618,0.029713870278962624,0.7921512678440967,0.7284656482054654,0.7720806125483427,0.8084266817326469,0.8249619129567058,0.6310913202897346,0.8525076158205793
lambda_0_9,0.9,2,2,f1-f2,3671,0.9619785907028314,0.005022657887433202,0.9625943267711554,0.9530529725582696,0.9589277815774981,0.9655030559397337,0.9691054049110868,0.9331443283588261,0.9729585286040283
lambda_0_9,0.9,2,2,f1-f3,3671,0.8846054869482877,0.013185290496904954,0.885163051099559,0.8623167576953328,0.8753162487336563,0.8939867369257852,0.9056996283929211,0.8257339722219386,0.9211193550411754
lambda_0_9,0.9,2,2,f1-f4,3671,0.7585652872863052,0.026879660277292838,0.7603739716331255,0.7119457657700987,0.7410216491014985,0.7780302172391275,0.7989023953912125,0.6506898580709198,0.8378646619995193
lambda_0_9,0.9,2,2,f1-f5,3671,0.5345504569112236,0.05359597725541396,0.5391158211762809,0.43622330600673764,0.49990891877182675,0.5721335183899895,0.6136089586019082,0.3042929498080213,0.6916822114549324
lambda_0_9,0.9,2,2,f2-f3,3671,0.9478817637541452,0.008352482767374481,0.949382732143033,0.9319599887575266,0.9427204206421571,0.9537642932084749,0.9594056988354692,0.9097942538543946,0.9665675851806906
lambda_0_9,0.9,2,2,f2-f4,3671,0.8390515709549129,0.02462784743802853,0.8440549052888818,0.7925312288922792,0.8241680757336423,0.856757475545205,0.8716706641768517,0.7058488753484865,0.8981033739149584
lambda_0_9,0.9,2,2,f2-f5,3671,0.6086508997602748,0.06172719902532776,0.6173492343445163,0.487999818943058,0.5726236750509917,0.6533611970476947,0.6919624310530812,0.3062498748968612,0.7711904910272982
lambda_0_9,0.9,2,2,f3-f4,3671,0.9140333293222919,0.020661321747798434,0.9178008962956411,0.8752409317324488,0.9038184488961769,0.9290596512509715,0.9394120022499866,0.8135197691611927,0.9524102227580297
lambda_0_9,0.9,2,2,f3-f5,3671,0.686415115681898,0.06473448184756156,0.6957354771220782,0.561329200359822,0.6507737814958776,0.7351230645735792,0.7743565570570434,0.3638516484579458,0.8328439176141487
lambda_0_9,0.9,2,2,f4-f5,3671,0.7870765884619155,0.0547159590328186,0.7948183278979112,0.6832090686878107,0.7577986973791819,0.8237745246092198,0.8623173768060551,0.49076924296354824,0.9014335400770287
lambda_0_9,0.9,2,2,mean_offdiagonal_per_sample,3671,0.7922809089784086,0.02821901560511797,0.7963306288222174,0.74023823541037,0.7745077693706477,0.8127478266297787,0.8313753308710374,0.6575398355254476,0.8711620900615644
lambda_0_9,0.9,2,3,f1-f2,3670,0.9664624340996645,0.004503174627571303,0.96706403039068,0.9584062768708361,0.963715318798406,0.969617880152217,0.9729679519526738,0.9473560845214293,0.9793098729921524
lambda_0_9,0.9,2,3,f1-f3,3670,0.8920232030555679,0.012287866414867121,0.8923629777889897,0.8711036592523095,0.8850294925772415,0.8997257658663738,0.9123109872900567,0.8339941233132603,0.9362649944628424
lambda_0_9,0.9,2,3,f1-f4,3670,0.7651796886158229,0.023877839517698254,0.7668553955568551,0.7237668297884541,0.7498675800998463,0.7807129704681752,0.8046330217944235,0.6657303789404934,0.8450021539029066
lambda_0_9,0.9,2,3,f1-f5,3670,0.5159640085270073,0.055307770729579604,0.5208354113661133,0.42636065726515426,0.48054759399158153,0.5567752052360442,0.594821600621493,0.27939160559690956,0.6585580080672222
lambda_0_9,0.9,2,3,f2-f3,3670,0.9503327849450197,0.008223806170133309,0.951415737709002,0.9347008584957847,0.946346292115889,0.9563962734679632,0.9609217447283875,0.909689619788415,0.9702335645999728
lambda_0_9,0.9,2,3,f2-f4,3670,0.8418102482317862,0.02131443724568035,0.8449188782332074,0.8025723802064333,0.8278746213952265,0.8574333805234452,0.871662124348487,0.7500170445723279,0.895543782444912
lambda_0_9,0.9,2,3,f2-f5,3670,0.5853748424370848,0.0647273112931406,0.5926851622069701,0.4811422024677235,0.5437766309562818,0.6324823778350918,0.6773430802474014,0.307665047352699,0.7353872843722483
lambda_0_9,0.9,2,3,f3-f4,3670,0.9152129007922534,0.01834549395453861,0.9187120388208716,0.8814435512203977,0.9046025913481697,0.9292515820105831,0.9383861153278876,0.8030668735042165,0.9504446805157379
lambda_0_9,0.9,2,3,f3-f5,3670,0.6634416816056564,0.0717950893706329,0.6736922463539322,0.5367344506451288,0.6195589262993091,0.7129427659224774,0.7629622820574875,0.3779643038109124,0.8263912310071692
lambda_0_9,0.9,2,3,f4-f5,3670,0.7647125608149483,0.06683968434673654,0.775491644079719,0.6425038858502036,0.7302055635502431,0.8093292814227082,0.8573968486708283,0.446986469037801,0.9084122053999167
lambda_0_9,0.9,2,3,mean_offdiagonal_per_sample,3670,0.7860514353124811,0.0296325159462145,0.7890708126555582,0.7354099049480625,0.7675877376868281,0.8075011755275364,0.8273327414804976,0.6578278880653647,0.8590735829733059
lambda_0_9,0.9,2,4,f1-f2,3670,0.9689473719337156,0.004462941841679133,0.9695132887781728,0.9601909487220283,0.9664330899675537,0.9722586114897116,0.9752542338826182,0.9503882457489333,0.9785077894148634
lambda_0_9,0.9,2,4,f1-f3,3670,0.8996705936195435,0.012462973167211998,0.9005642465270691,0.8780236418758748,0.8908725336012456,0.9089767600169292,0.9186628187917166,0.8459430168006,0.9360149281430824
lambda_0_9,0.9,2,4,f1-f4,3670,0.7725666918160939,0.026136095945840022,0.7747492437740606,0.7262529924069187,0.7552966473949234,0.7913682410343824,0.8109547694473093,0.6608801968644274,0.8457143154346354
lambda_0_9,0.9,2,4,f1-f5,3670,0.5106693451996137,0.060119763861248184,0.5204918728759286,0.40388151038020675,0.4697860337931027,0.5535276256834359,0.5984298027456142,0.20251615672997816,0.6682909211467808
lambda_0_9,0.9,2,4,f2-f3,3670,0.9531919545122662,0.007674642534968953,0.9535702533190049,0.9385775231509063,0.9483674360862013,0.959676330937361,0.9638761530539544,0.91762896945902,0.9683563630084405
lambda_0_9,0.9,2,4,f2-f4,3670,0.8442001042728458,0.022818946325052034,0.848898662108067,0.8034603328181711,0.8277353239424741,0.8611657966301361,0.875765420208564,0.7129256705980936,0.8916798481334236
lambda_0_9,0.9,2,4,f2-f5,3670,0.5741776827368589,0.06843859554696796,0.5860491530748194,0.45026842607062734,0.532894992162269,0.6234922829332975,0.669681780000766,0.18934359376610368,0.720839453921221
lambda_0_9,0.9,2,4,f3-f4,3670,0.9139569725140514,0.018863906052816796,0.9167767969304523,0.878802123285589,0.9033016402935394,0.9267189766210531,0.9402963699010162,0.8083502273774712,0.955806954557225
lambda_0_9,0.9,2,4,f3-f5,3670,0.6445875694271722,0.07554194506176574,0.6574212488609004,0.5044693159908311,0.6047237431143391,0.6990428075041271,0.7448537049075288,0.2060464274695907,0.7810613364910883
lambda_0_9,0.9,2,4,f4-f5,3670,0.7552481043943369,0.0671777232854947,0.766685332042034,0.6375510409952799,0.7238183726037987,0.7993013677719051,0.8408241006240099,0.3378313899529819,0.8872668178224857
lambda_0_9,0.9,2,4,mean_offdiagonal_per_sample,3670,0.7837216390426498,0.0315920887428141,0.7881917885314288,0.7271242452460216,0.7644709548210467,0.8062718301508094,0.8282563930981551,0.619279063874359,0.8529105047850418
lambda_1_0,1.0,1,0,f1-f2,3671,0.9653514104527241,0.004436158684193907,0.9657675963065502,0.9571893866562111,0.9627929341615519,0.9686898725247357,0.9715708815324954,0.9405806696398943,0.9762117783896326
lambda_1_0,1.0,1,0,f1-f3,3671,0.8928133255025814,0.012922382825156674,0.8942586011814198,0.871281901734677,0.8855501916685455,0.9016986268268754,0.9112118851135929,0.8289441633269305,0.9290921616832385
lambda_1_0,1.0,1,0,f1-f4,3671,0.7749882434434695,0.02414110711993178,0.7782484677891292,0.7335589152356787,0.7603570902340848,0.7906712410165222,0.811500481625002,0.6668299713151303,0.8363200294817842
lambda_1_0,1.0,1,0,f1-f5,3671,0.5827088038396523,0.04190747540442096,0.5858599765113407,0.5103539296957034,0.5558155869480809,0.6120083325425962,0.6470097148008469,0.3847541938010434,0.6997033837578165
lambda_1_0,1.0,1,0,f2-f3,3671,0.954045925292815,0.0071079942509829856,0.9548458839932948,0.9416604826113474,0.949570522848619,0.9590938606298032,0.9643765045159897,0.9099401231665248,0.9698392483049425
lambda_1_0,1.0,1,0,f2-f4,3671,0.8590144886031884,0.017728711111890057,0.8612044805436069,0.825721420293615,0.8496170489075879,0.8718562094187434,0.8841574015977902,0.7719219610960326,0.8979876308310347
lambda_1_0,1.0,1,0,f2-f5,3671,0.6731637259992715,0.04101658290123156,0.6755054463112871,0.6053700787598708,0.6466076149912658,0.7043693922115966,0.732280206341279,0.4396178219217959,0.7732037789033885
lambda_1_0,1.0,1,0,f3-f4,3671,0.9331725715417427,0.012295526867184865,0.935055727115746,0.9089143835192703,0.9271543592712073,0.9414124992889377,0.9503947333737652,0.853342886208287,0.9568479386726045
lambda_1_0,1.0,1,0,f3-f5,3671,0.7610743217267374,0.03991857384140377,0.7637295271473863,0.694359217930727,0.7376460628575202,0.7894394792438492,0.8191282921811,0.4846129749755554,0.8557418601445783
lambda_1_0,1.0,1,0,f4-f5,3671,0.8530700927256337,0.03260901410621897,0.8565277534886256,0.7953713470584973,0.8348281169342545,0.8755727340123615,0.8970787310400761,0.6295776713266568,0.9271077111050294
lambda_1_0,1.0,1,0,mean_offdiagonal_per_sample,3671,0.8249402909127816,0.019141539662898173,0.8267699949130985,0.791663524686857,0.8124016674970094,0.8391582598339168,0.8521186786622872,0.7120363553273137,0.8711556437136478
lambda_1_0,1.0,1,1,f1-f2,3671,0.9636400356951755,0.004991883815922673,0.964236581816379,0.9545786102849227,0.9602786562060734,0.9674458697308521,0.9708777792071646,0.9431442137562245,0.9751079148070229
lambda_1_0,1.0,1,1,f1-f3,3671,0.8881779092410117,0.014146533104577318,0.8893409812564017,0.8631930599964447,0.8792615416835359,0.8979123197674642,0.9099022881179906,0.8271101220830147,0.9260551304644091
lambda_1_0,1.0,1,1,f1-f4,3671,0.7631459376948979,0.02630191191739601,0.7635675695236223,0.7176366888469334,0.7473897133305479,0.7808340125128939,0.8057235193984007,0.6574902496284324,0.8569127684153788
lambda_1_0,1.0,1,1,f1-f5,3671,0.5662744856949419,0.04132644677776955,0.5683881132397154,0.4945272949109445,0.538035637892464,0.5950993900121573,0.6297641764649224,0.4337926339541632,0.7158759080697318
lambda_1_0,1.0,1,1,f2-f3,3671,0.951766476922268,0.0062782829836057034,0.9526313552874335,0.9402006073978155,0.9479848929152696,0.9560462679855313,0.9607665351267779,0.9277495072544616,0.9674153884425482
lambda_1_0,1.0,1,1,f2-f4,3671,0.8495387945411386,0.017876712952849982,0.8515267651372522,0.8172801615571155,0.8376009512986822,0.861954856534318,0.8761676869988542,0.785558187162597,0.9105562417846116
lambda_1_0,1.0,1,1,f2-f5,3671,0.6555113582736074,0.04099278670105364,0.6595846921014367,0.576899626560532,0.6303430557593708,0.6850801472928619,0.7129351494674986,0.47462553547412756,0.776167337870882
lambda_1_0,1.0,1,1,f3-f4,3671,0.9302013908237808,0.011236802551720805,0.9313602203297722,0.9095030754333735,0.923699039011801,0.9377942080256789,0.9471503855604928,0.8653585226815982,0.956202384239439
lambda_1_0,1.0,1,1,f3-f5,3671,0.7550489294618693,0.04011593332799927,0.760503072319988,0.6794182197517977,0.735479949774225,0.7823557971523212,0.8084820945605877,0.5273035460661746,0.8451639279976741
lambda_1_0,1.0,1,1,f4-f5,3671,0.8584838460812695,0.03480674105355976,0.8643441957919198,0.7871893609510923,0.8460201154528524,0.8819524665732376,0.898817626050811,0.6424792156188739,0.9180727383191439
lambda_1_0,1.0,1,1,mean_offdiagonal_per_sample,3671,0.818178916442996,0.01882585940355281,0.8197289879349876,0.7843130454360567,0.8067025663711038,0.8320062908100984,0.8449212736446687,0.7479059632721228,0.8745059649400515
lambda_1_0,1.0,1,2,f1-f2,3671,0.9619721921550687,0.005269887288568847,0.9627852252074858,0.9530926956474709,0.9586704149247336,0.9658044313237564,0.9692785386816516,0.9312481199438817,0.9731330151734737
lambda_1_0,1.0,1,2,f1-f3,3671,0.8884717039836212,0.01342620420024839,0.8894407668620543,0.8639854089461443,0.880018073015767,0.8983684884350676,0.9083108931468034,0.8132416475355148,0.9207699384991846
lambda_1_0,1.0,1,2,f1-f4,3671,0.7705070905743692,0.02349201397648539,0.7707727746780598,0.7309497956922532,0.7549665730050825,0.7876089651463232,0.807438792376931,0.634940298913639,0.8430934832166607
lambda_1_0,1.0,1,2,f1-f5,3671,0.5651083614456589,0.04078396787284447,0.5660597820065656,0.4956307333524772,0.5390028640542145,0.5928112262349867,0.6305870716957402,0.4039261918427725,0.7096726825253324
lambda_1_0,1.0,1,2,f2-f3,3671,0.9521652815081533,0.006983789617402647,0.9530625021697005,0.9379724796995481,0.9479419639286737,0.9574655232615978,0.9619184516232839,0.9245009963862578,0.9665551584879394
lambda_1_0,1.0,1,2,f2-f4,3671,0.8564297464159691,0.016768714341636293,0.8575030496025187,0.8262829371887737,0.8460793930733856,0.8692373421559845,0.8804515768252639,0.7923868191134382,0.9002082338566241
lambda_1_0,1.0,1,2,f2-f5,3671,0.6574411402745187,0.04116830899534713,0.6604786807351025,0.5872036490310555,0.6281556314833276,0.6884276315084876,0.7177386974630828,0.48765063615956183,0.7652078586390373
lambda_1_0,1.0,1,2,f3-f4,3671,0.93138123339709,0.011469981615406232,0.9327539910649134,0.9104313759684125,0.9240231741499724,0.9396811181683871,0.94840887873869,0.8886341828195745,0.9547088021567763
lambda_1_0,1.0,1,2,f3-f5,3671,0.7502072584930318,0.040023745269085385,0.7547762321540373,0.6804526092276683,0.7221230499848669,0.780108582164397,0.8071723825666661,0.5632215602683797,0.8474783780297719
lambda_1_0,1.0,1,2,f4-f5,3671,0.8466592134064251,0.033564380597585174,0.8510781281588785,0.7864227069281061,0.8266756584220718,0.8705310044563863,0.8942053163475884,0.6521076883907657,0.9272209236704748
lambda_1_0,1.0,1,2,mean_offdiagonal_per_sample,3671,0.8180343221653906,0.01870795751546384,0.8197184227065046,0.7869430430757087,0.8049142877007376,0.8311818585123827,0.8464233209676713,0.7358219869465606,0.8744546048706521
lambda_1_0,1.0,1,3,f1-f2,3670,0.9633737001446419,0.004864375110713966,0.9639655727155874,0.954646933833599,0.9606678765780086,0.9667190579244669,0.9701449806657036,0.9401943128745234,0.9752023077995444
lambda_1_0,1.0,1,3,f1-f3,3670,0.8889488789383495,0.012381568565390725,0.8898202384219327,0.8675799309554398,0.8803744309986887,0.8976567227924468,0.9081352707743725,0.8467609720108299,0.9220736839727716
lambda_1_0,1.0,1,3,f1-f4,3670,0.7736316971320129,0.023215063595218036,0.7743742582299846,0.733523646303741,0.7583910736689362,0.7892845352115695,0.8113807758629132,0.6969183546128308,0.8418773491726328
lambda_1_0,1.0,1,3,f1-f5,3670,0.5803320998379393,0.040669002862536725,0.5835385765326608,0.5063171089840164,0.5551061316541586,0.6097410399406158,0.6405184954172145,0.3721088021627109,0.6847592403716982
lambda_1_0,1.0,1,3,f2-f3,3670,0.9530667413952042,0.0064784818867487425,0.9538152441343339,0.942178116504293,0.9489259948002118,0.9578623276515937,0.9623865742486398,0.9183165227388663,0.9672705400527146
lambda_1_0,1.0,1,3,f2-f4,3670,0.8607982377904158,0.017700528877605357,0.862376152537706,0.8290494630458735,0.8501249453017252,0.8740645142463482,0.8862884374355249,0.7663145403288414,0.897346789744337
lambda_1_0,1.0,1,3,f2-f5,3670,0.6743447768540132,0.04070843885106118,0.6789966282824978,0.5980315341238023,0.6495284046042089,0.7045922065378734,0.7311773442982614,0.4158535086785115,0.7589726815036365
lambda_1_0,1.0,1,3,f3-f4,3670,0.9342014875561662,0.013161553116194305,0.9367930399023479,0.9057616990386146,0.9272410940909896,0.9443505835719467,0.9499154150570592,0.8667211523337385,0.9575198628018666
lambda_1_0,1.0,1,3,f3-f5,3670,0.7644605489589731,0.041513365083457494,0.7701192407203776,0.6866633159861895,0.7412595441830057,0.7952478154111292,0.8208131970535146,0.48603230967225125,0.8515118034588325
lambda_1_0,1.0,1,3,f4-f5,3670,0.8543538639501143,0.034272672259488275,0.8591250046063739,0.7965331240552393,0.8321365091716104,0.8801718047336762,0.9010087526920159,0.6098476898205695,0.9209972980711633
lambda_1_0,1.0,1,3,mean_offdiagonal_per_sample,3670,0.8247512032557829,0.01902921554181995,0.8266115904550089,0.7882473359256515,0.8136614664847214,0.8386601045553422,0.8518193068907913,0.7090134499966343,0.8654413846114466
lambda_1_0,1.0,1,4,f1-f2,3670,0.9642997291039385,0.004893059600366873,0.9649699353609542,0.9559991845147504,0.9612651646318506,0.9675918799239132,0.9715293798651805,0.9390238094034605,0.9759781810374185
lambda_1_0,1.0,1,4,f1-f3,3670,0.8898958462105,0.014228324912033175,0.8913738967060914,0.8639318804394837,0.881518419275206,0.8996155763439305,0.9110370600251066,0.8232027859831776,0.9332968153620087
lambda_1_0,1.0,1,4,f1-f4,3670,0.7708973387955788,0.026895045130135273,0.7722688954202059,0.7248230425418997,0.7538686827378221,0.789696570695932,0.8111195979911878,0.6356684627704192,0.8648663714637163
lambda_1_0,1.0,1,4,f1-f5,3670,0.5910178611453353,0.04240804352237593,0.5913289378909015,0.5238534693371191,0.5622507528924723,0.619108064767194,0.6623004029825329,0.41354122494157264,0.7389477726187899
lambda_1_0,1.0,1,4,f2-f3,3670,0.9532447609943533,0.006876442812627717,0.9539142974761732,0.9413095283723338,0.9487288176496259,0.9579559408340619,0.9639203826780299,0.9261300520175777,0.9710861256735139
lambda_1_0,1.0,1,4,f2-f4,3670,0.8577945044631122,0.017904102172211955,0.8594781707103643,0.8259880955201669,0.8464501874282122,0.8699922036345334,0.8851699835078793,0.7846060616568922,0.9109846635453389
lambda_1_0,1.0,1,4,f2-f5,3670,0.6850246070300642,0.039630718750560616,0.6881128160250539,0.6153756971660211,0.6596784257314003,0.7139407886831277,0.7442720163857685,0.5107863647174462,0.7870480966337706
lambda_1_0,1.0,1,4,f3-f4,3670,0.9344770764626089,0.010979327360018921,0.9357344307294144,0.9159823711940593,0.9274069107788975,0.9424250404403616,0.9502020606857788,0.8723535482483227,0.9611503964676283
lambda_1_0,1.0,1,4,f3-f5,3670,0.778212711741566,0.036358739437369655,0.7834125864764729,0.713559336114937,0.7548683892854448,0.8054492913445199,0.8274119840363486,0.5929103427056297,0.8628793280855107
lambda_1_0,1.0,1,4,f4-f5,3670,0.871563442756801,0.02773539192917696,0.8763894601099518,0.8211676186892582,0.8545739597841999,0.8918313765645873,0.9085801224656586,0.7094808748899164,0.9328353281876723
lambda_1_0,1.0,1,4,mean_offdiagonal_per_sample,3670,0.8296427878703859,0.01870662393701362,0.8304684019424199,0.7988327692638012,0.817339108618291,0.8429066022274789,0.8590162548399934,0.743754246071011,0.8774247950030798
lambda_1_0,1.0,2,0,f1-f2,3671,0.9692895110270019,0.004485824078884785,0.9697495806018386,0.9609069823022571,0.9671053186915124,0.9724483335172323,0.9751535291957304,0.9402977307322326,0.9797625357564568
lambda_1_0,1.0,2,0,f1-f3,3671,0.9068777948853236,0.011166372862963698,0.9082192541921835,0.8879818355691731,0.9003213160910106,0.9145972907199202,0.9228862867760323,0.8476921418850933,0.9387188741158553
lambda_1_0,1.0,2,0,f1-f4,3671,0.8035084553215871,0.022635433183394966,0.8062113131738166,0.7638344435252067,0.7903584629631111,0.8181613366189563,0.8372580260450906,0.6908202376199228,0.8623006790964867
lambda_1_0,1.0,2,0,f1-f5,3671,0.6087244651972954,0.05339210462207105,0.6159878873659326,0.520057640244395,0.579956443301536,0.645791034899404,0.6791538486341646,0.2213325421543692,0.7363742066030708
lambda_1_0,1.0,2,0,f2-f3,3671,0.9588425068160206,0.007962784647122738,0.9601351242065504,0.9460146158362679,0.9548452963029156,0.9642266407897455,0.9687648381044267,0.89751839471644,0.9742940126994883
lambda_1_0,1.0,2,0,f2-f4,3671,0.8729048205987895,0.020429376859942568,0.8758060198305796,0.8386483459854822,0.8619994833540328,0.8873058538091928,0.8989815986990706,0.7167085828353793,0.9101288405962041
lambda_1_0,1.0,2,0,f2-f5,3671,0.6739967225416345,0.06141463341178869,0.6836709002932183,0.5697984094615569,0.6445852458110506,0.7178871318447801,0.7491429570624324,0.21501154725973834,0.8142192650224332
lambda_1_0,1.0,2,0,f3-f4,3671,0.9351250882436732,0.014439953835750958,0.937378099378454,0.910639186267169,0.9278854611860046,0.9450934381033481,0.9539406489580968,0.8175901077555553,0.9624649308459745
lambda_1_0,1.0,2,0,f3-f5,3671,0.7386664016541438,0.06460378171759909,0.7486461772606963,0.6224000943335214,0.7107129047866991,0.78390623646856,0.8144531571799399,0.26605908538172895,0.8675024787390664
lambda_1_0,1.0,2,0,f4-f5,3671,0.8207953496303017,0.05560828306015953,0.8335603452620111,0.7129488134056421,0.7956671073739185,0.8588374358435321,0.8856238675099968,0.4566675796236241,0.9191157604509381
lambda_1_0,1.0,2,0,mean_offdiagonal_per_sample,3671,0.8288731115915771,0.027550673833725902,0.8329931134954813,0.7810785300803825,0.8142027926250849,0.8485948769965361,0.8631494584677176,0.6175935735146492,0.8911410292059401
lambda_1_0,1.0,2,1,f1-f2,3671,0.966841396850778,0.004098511563815864,0.9670920989169073,0.9598129544176668,0.9639663902556773,0.9698484860404071,0.9729805101689473,0.9511720611980435,0.9779731996844467
lambda_1_0,1.0,2,1,f1-f3,3671,0.8973313864396347,0.01209921660212048,0.8978773456978567,0.8762279155959378,0.8899945532575513,0.9057443399730936,0.9160757063456373,0.8369934654249783,0.9329244391849206
lambda_1_0,1.0,2,1,f1-f4,3671,0.7859923599613085,0.023757789364016003,0.7872648597390138,0.7463722524550029,0.7705363597920389,0.8010480377986182,0.8256518183190646,0.672529064898545,0.8627278484489482
lambda_1_0,1.0,2,1,f1-f5,3671,0.5880973051348558,0.04775576231280551,0.5916750007937284,0.5096015022555151,0.5560892878765125,0.6209491391768461,0.659276372123605,0.3834166649055785,0.7221309450007373
lambda_1_0,1.0,2,1,f2-f3,3671,0.9570484672653051,0.005850768219979582,0.9580244031516902,0.9466531910725874,0.953446112931162,0.9610464573517221,0.9652962329148302,0.9244356668602817,0.9707137363890862
lambda_1_0,1.0,2,1,f2-f4,3671,0.8651643518440582,0.01779573821753945,0.866047830707636,0.8347522061820928,0.8528313095247305,0.878332495591923,0.8921431568285851,0.7816567975661599,0.9138721717878753
lambda_1_0,1.0,2,1,f2-f5,3671,0.6623663377522705,0.05612511472674138,0.6712561087775016,0.5640011129256907,0.6284282486435457,0.7021757509129418,0.738395376937028,0.4005141603024587,0.8068953193486845
lambda_1_0,1.0,2,1,f3-f4,3671,0.9317914305892461,0.013527780262878743,0.9329746345991342,0.9079346195956217,0.9242341743254374,0.941290820273415,0.9520381405777952,0.874955956026077,0.9593147158706788
lambda_1_0,1.0,2,1,f3-f5,3671,0.7359765559576172,0.061817492918918845,0.7493024340147122,0.6165147170972569,0.7081044790196325,0.7765463662339851,0.8120139734942589,0.39017517321960327,0.8697833117734777
lambda_1_0,1.0,2,1,f4-f5,3671,0.8269425464881274,0.05748955856832011,0.8418889304214445,0.7067850219697052,0.8053674266624267,0.8646726205441981,0.8885943883878227,0.4444114453133152,0.9196614518567648
lambda_1_0,1.0,2,1,mean_offdiagonal_per_sample,3671,0.8217552138283203,0.024785086203238913,0.8248336039903655,0.7777862956203194,0.807083935242458,0.8391517421431698,0.8559024174116001,0.7013078863840697,0.888144309425401
lambda_1_0,1.0,2,2,f1-f2,3671,0.9656829046888431,0.004647229067687724,0.9662495607847906,0.9574844242503289,0.9627601666925879,0.9691913013063331,0.9718936241894323,0.9443691119800148,0.9804297085138567
lambda_1_0,1.0,2,2,f1-f3,3671,0.8966289038248311,0.012498905184467796,0.8975733546828124,0.8731726900907957,0.8890662424877556,0.9055269939537411,0.9153524841070773,0.8399644289728787,0.9309399644693102
lambda_1_0,1.0,2,2,f1-f4,3671,0.787778178539844,0.0231086637383606,0.7880881412878668,0.7472834908866566,0.7738251196560595,0.8044386444227074,0.8238689010554148,0.6734860030163363,0.8772486232180182
lambda_1_0,1.0,2,2,f1-f5,3671,0.5807843407900594,0.04883264653866832,0.5853499270059357,0.49405785781503186,0.5485835450023668,0.6129641576317242,0.6587466545189014,0.37203406845929254,0.7170882564674552
lambda_1_0,1.0,2,2,f2-f3,3671,0.9562218845084304,0.00713432032431039,0.9568114148287703,0.9424939161560277,0.9526815445123354,0.9617656717664764,0.9656007917480032,0.927824304196858,0.9699336087541692
lambda_1_0,1.0,2,2,f2-f4,3671,0.866173321492846,0.01822395923370771,0.8678464842565358,0.8334604963714396,0.8547319991308189,0.8811697221237502,0.8907759279157081,0.7941359728002445,0.9090333015404989
lambda_1_0,1.0,2,2,f2-f5,3671,0.6536659058082305,0.052768962667017194,0.6586559942811969,0.5662584222715229,0.6177406145409905,0.6921146720154507,0.7327191364288869,0.42201302527414625,0.7638289714372485
lambda_1_0,1.0,2,2,f3-f4,3671,0.9322486591031239,0.01328392658407393,0.9338255005279424,0.9090314104049103,0.9252095482118738,0.9414648579377248,0.9512024156057028,0.850837788204129,0.9574809528245343
lambda_1_0,1.0,2,2,f3-f5,3671,0.7256269102890482,0.055195132304001145,0.7335494349216571,0.6323542213297175,0.6893201895559782,0.7655716964807786,0.8048485622363689,0.4274865906229136,0.8409530977059502
lambda_1_0,1.0,2,2,f4-f5,3671,0.8119195975396242,0.04981760885382035,0.819149916322174,0.7243869480895788,0.7836602266426531,0.8442953923086871,0.8776510649930307,0.5403226184485533,0.9188808214888831
lambda_1_0,1.0,2,2,mean_offdiagonal_per_sample,3671,0.8176730606584882,0.024127548293199377,0.8204706924493053,0.7749303830756826,0.8016711932157232,0.8346315126854538,0.853913342761955,0.7003458481467468,0.8768063585753548
lambda_1_0,1.0,2,3,f1-f2,3670,0.967484285394851,0.004363508755480316,0.9680485155157403,0.959264742027781,0.9650806991066289,0.9705092958380924,0.9736356097189688,0.9450402793286645,0.9782848318047718
lambda_1_0,1.0,2,3,f1-f3,3670,0.9012309156031221,0.010555585942041578,0.9017119883630986,0.8830278062294158,0.8944274826917169,0.9089033081350777,0.917214452101977,0.8561188152404554,0.9360389124433207
lambda_1_0,1.0,2,3,f1-f4,3670,0.7978768233348488,0.021442897584180633,0.798980472905213,0.7613798567712794,0.7843902963432428,0.8131780889965177,0.8304158865973326,0.6932905482715221,0.8828730598439661
lambda_1_0,1.0,2,3,f1-f5,3670,0.6000106047837073,0.050919580511797624,0.6058918269135629,0.5156357188446482,0.5705262557359438,0.636075530509769,0.6718470800482409,0.1825903632670182,0.7228927493748728
lambda_1_0,1.0,2,3,f2-f3,3670,0.9576203099815717,0.0066534064167113926,0.9584583411054233,0.9460027395634398,0.95390426689261,0.9624404140458057,0.9663204648336764,0.9149072676670628,0.9719905543972723
lambda_1_0,1.0,2,3,f2-f4,3670,0.8721182619982748,0.01996643188017079,0.8744387878268065,0.8380771102431617,0.860496976972935,0.8871750136166997,0.8976216099137877,0.7256356926223468,0.9162638957768057
lambda_1_0,1.0,2,3,f2-f5,3670,0.6699645186313822,0.06314151232811781,0.6794416512866679,0.5614384084567765,0.6393631097510484,0.7142013162145168,0.7481073895316064,0.16442952989996693,0.7847653016850034
lambda_1_0,1.0,2,3,f3-f4,3670,0.9348347958310298,0.016592379248696065,0.9384099517071008,0.9033572876015831,0.9262851135533703,0.9472255804182245,0.9540259870506416,0.833829786395116,0.9603499569293037
lambda_1_0,1.0,2,3,f3-f5,3670,0.7385259751959108,0.06978242827306212,0.7490546924829462,0.6201630279101391,0.7073837870918191,0.7892072458860475,0.8216668218536275,0.243716349939803,0.8680071973059825
lambda_1_0,1.0,2,3,f4-f5,3670,0.8208980496825211,0.06087812110237766,0.8302137436406731,0.7068893927416317,0.7948509106378642,0.863350159980797,0.8932815173125644,0.42773596176834494,0.9222897816126591
lambda_1_0,1.0,2,3,mean_offdiagonal_per_sample,3670,0.826056454043722,0.028185184639147234,0.830428410529418,0.7787844179749965,0.8120486704868471,0.8454775546544315,0.8621059464788702,0.6065715037459178,0.8813524004995223
lambda_1_0,1.0,2,4,f1-f2,3670,0.9666683497084824,0.004583671153204125,0.9672935374870144,0.9583296912610932,0.9642631576900748,0.9697381582519338,0.9733113166439072,0.9459229872647781,0.9783607609453809
lambda_1_0,1.0,2,4,f1-f3,3670,0.899265316965781,0.012400438758293164,0.9000775604437482,0.8767746042929561,0.8921160384639881,0.9079350931475074,0.9179263240417436,0.8359833767271537,0.9363738557488108
lambda_1_0,1.0,2,4,f1-f4,3670,0.7939237611491213,0.023768866151749873,0.7949174515010671,0.7542267510009127,0.7795400415494327,0.8115305388072807,0.8294197568184469,0.6808279754830663,0.8716689949520093
lambda_1_0,1.0,2,4,f1-f5,3670,0.6050450956412095,0.05028220386996194,0.6115358891948126,0.5239398226128831,0.5718199537499585,0.6391450236736702,0.6835183941721161,0.33231017190495143,0.7391695617829119
lambda_1_0,1.0,2,4,f2-f3,3670,0.9568071032141113,0.00710550706091589,0.9578108286928826,0.9443907038364425,0.9515671959900063,0.9621320743310458,0.9669748223450274,0.930046334938772,0.9714555658821333
lambda_1_0,1.0,2,4,f2-f4,3670,0.8694472006368181,0.019540570413882866,0.8720967942712464,0.838337559962562,0.8580186486450585,0.8828269194265156,0.8971485141271599,0.7495978319547083,0.914355703058777
lambda_1_0,1.0,2,4,f2-f5,3670,0.6759246738984526,0.05606517739413429,0.6843637642087694,0.5812226303168204,0.6390926172594396,0.7170277309200731,0.7556601763620704,0.3685109917288699,0.7959440623731506
lambda_1_0,1.0,2,4,f3-f4,3670,0.9334200921052516,0.01563048885672793,0.9360872965985774,0.9081816939539782,0.9249443766725529,0.9442552303024594,0.9522312513407333,0.8177694343776182,0.9630816588982163
lambda_1_0,1.0,2,4,f3-f5,3670,0.7445059729768334,0.057956632421941164,0.7532781621099649,0.6461514722340091,0.7093631015864347,0.7847158553840228,0.8256382821664756,0.4048264679226085,0.8535943633739611
lambda_1_0,1.0,2,4,f4-f5,3670,0.8295268668860338,0.04635609754972948,0.8347251482551881,0.7463433524565127,0.8037869667860267,0.8614959709484222,0.893745641812434,0.5473096342565212,0.9222725790582327
lambda_1_0,1.0,2,4,mean_offdiagonal_per_sample,3670,0.8274534433182096,0.025441531843810452,0.8306835072728971,0.7853167301673794,0.8112412604472509,0.8452422720582113,0.8632699114133188,0.6794588609972678,0.8861193922267929
