lambda_key,lambda,stage,fold,layer,n,mean,std,median,p05,p25,p75,p95,min,max
lambda_0_1,0.1,1,0,f1,3671,11.40706622307418,1.6617079377116386,11.30031290760142,8.754898152022655,10.307420579560958,12.510706008102584,14.199764864284695,6.929108043053468,18.737521269473934
lambda_0_1,0.1,1,0,f2,3671,5.3785344505067005,0.4815232425269122,5.334388551386734,4.707484506711893,5.032726590817369,5.661665086743395,6.23699322715942,4.121482142609446,8.001605980416686
lambda_0_1,0.1,1,0,f3,3671,3.524927509253907,0.436843330110621,3.457283363701605,2.931640980998221,3.212506705722519,3.7760065879706604,4.356564539715155,2.527185228572128,6.006016113596238
lambda_0_1,0.1,1,0,f4,3671,2.6015595865419967,0.4471402633956586,2.506682846953018,2.052679530962825,2.287197957445193,2.8116850753383673,3.5130589145897164,1.7844776819151127,4.929571913424381
lambda_0_1,0.1,1,0,f5,3671,2.8201967823584355,0.7204125009255394,2.9075930652662962,1.5246528843021963,2.2893842041738655,3.3457153734264873,3.890621028946139,1.130755834559367,4.221736790110442
lambda_0_1,0.1,1,1,f1,3671,11.201710328320996,1.433221546559512,11.156667400558225,8.878295166151275,10.267114454831098,12.089615492279773,13.626781163587772,7.320428112436804,16.70484573838976
lambda_0_1,0.1,1,1,f2,3671,5.152673807642124,0.5556817975812112,5.099721069315025,4.278710090885848,4.779198719817315,5.508975223483694,6.117838945318425,3.5511055523521593,8.626920408448461
lambda_0_1,0.1,1,1,f3,3671,3.375505428615347,0.4289591008450571,3.3202543039935524,2.804266358236736,3.066576444237519,3.607976557426017,4.117238801617114,2.5678566934096114,6.343605700065614
lambda_0_1,0.1,1,1,f4,3671,2.6199995937906664,0.629584273397798,2.450955104065736,2.062462633606484,2.238870163397623,2.8209775295263197,3.6657029848608556,1.840030221749082,7.884293484155778
lambda_0_1,0.1,1,1,f5,3671,2.6629659056696777,0.7872147482596217,2.726325368645233,1.3054121812805155,2.0505581502605272,3.281389854378593,3.8771648944591774,0.9616075141269964,4.218813105368892
lambda_0_1,0.1,1,2,f1,3671,12.462563485182319,1.8584789866546343,12.508798044766984,9.531913269587115,11.184295596752893,13.696489189727814,15.430536184669961,7.148994623093186,19.627342808170294
lambda_0_1,0.1,1,2,f2,3671,5.243422250561967,0.6605139372793959,5.165566017688099,4.29250061159229,4.788893399684221,5.659780696039043,6.349150405930871,3.800553176617044,8.478259697569982
lambda_0_1,0.1,1,2,f3,3671,3.0908296205065526,0.44002437746299217,2.99808787631507,2.547920908169427,2.793001622074692,3.29366536835958,3.9266931079662104,2.313777166688301,5.672713109870953
lambda_0_1,0.1,1,2,f4,3671,2.4350566697808027,0.6244948209847752,2.213028294620519,1.8287753207236719,1.9986322421927774,2.702247999229329,3.7461072244308253,1.5855802753816628,6.074121077389836
lambda_0_1,0.1,1,2,f5,3671,2.2044212316876517,0.8284723365034489,2.0305947749001554,1.1378041580326421,1.5160574866490097,2.783880872187214,3.875894701619905,0.8605324754416017,4.332213750543438
lambda_0_1,0.1,1,3,f1,3670,12.543084108567227,1.881350392910286,12.544221916823012,9.429845624934192,11.163602182955575,13.868174153712983,15.655742319848114,7.934071243340024,19.168869493677406
lambda_0_1,0.1,1,3,f2,3670,5.385329358119713,0.7786639419638621,5.274062812256833,4.295574274640305,4.850124385718596,5.801010265820237,6.854353669865322,3.896949695830126,9.557353369460696
lambda_0_1,0.1,1,3,f3,3670,3.2467392142215443,0.5523948207088819,3.1260002913033524,2.636789576944441,2.8921242416048507,3.4588046009273095,4.207771410504909,2.3205561458420743,6.964723596254103
lambda_0_1,0.1,1,3,f4,3670,2.4617477013178046,0.6105595946714905,2.244146956841239,1.942503629151856,2.0788872108793437,2.615929038908716,3.830590544516718,1.820340361570552,6.635282356848667
lambda_0_1,0.1,1,3,f5,3670,2.0968026238495314,0.713575225956299,2.0219196976165827,1.1395510841757543,1.4958018820407655,2.5500149423596135,3.3989873250618032,0.9443198822221626,4.119469123789563
lambda_0_1,0.1,1,4,f1,3670,13.128310092449569,2.0533648816048387,13.18798693023442,9.865661510657226,11.667068084444193,14.462649747133232,16.429940804471826,8.04801127408204,20.2367984357811
lambda_0_1,0.1,1,4,f2,3670,5.369518880868178,0.765429581006319,5.342575557157691,4.208724572360666,4.831607034365405,5.8127130360187085,6.704064788345555,3.7152306115184115,9.028081723380337
lambda_0_1,0.1,1,4,f3,3670,3.2439757341766597,0.5635462855673163,3.103445874720256,2.600058372005465,2.86131682365139,3.4751437028622965,4.398195772937008,2.3406138337950892,8.815393063396554
lambda_0_1,0.1,1,4,f4,3670,2.5629462741169373,0.635192494250878,2.337060798093635,1.9002293727200774,2.1004427670815877,2.888459787408712,3.8777044811708885,1.705948523662538,8.099377491364722
lambda_0_1,0.1,1,4,f5,3670,2.029096944366345,0.8683605340006437,1.7827803467812275,1.0437013882236321,1.3147321928302833,2.5910916284734187,3.829336409153577,0.8389041527352921,4.393629286806786
lambda_0_1,0.1,2,0,f1,3671,15.926922021259358,2.793709861075757,15.797467991067355,11.56584330161704,13.7908748477079,18.015099242036086,20.604140998038652,9.740255796515802,25.802859759920278
lambda_0_1,0.1,2,0,f2,3671,5.95026068313805,0.9931305678838523,5.674745220906183,4.644137247425046,5.229180086433406,6.636822795140813,7.775237156808581,4.24015995944194,10.064278006390792
lambda_0_1,0.1,2,0,f3,3671,3.508400989359362,0.8696417139743479,3.2880577569728104,2.5799658365126463,2.8992521186750606,3.8627821481320312,5.135280470685833,2.337764678104909,8.896377368970095
lambda_0_1,0.1,2,0,f4,3671,2.7641304280018546,0.7860532096421827,2.503766206714102,1.877087851273426,2.133079917951814,3.297442865511086,4.204175584667672,1.5852890312716077,5.555889069792608
lambda_0_1,0.1,2,0,f5,3671,2.2991229594931024,0.743278680955594,2.1857469399212555,1.321940669532649,1.6893787182959272,2.739522822864038,3.8058250511957787,1.0238967170622633,4.2583921492121455
lambda_0_1,0.1,2,1,f1,3671,15.818484531671755,2.6201317158264605,15.740913383739784,11.520069217314212,13.851220465477821,17.564458716248716,20.393641844296724,9.694311663186486,28.05203020935652
lambda_0_1,0.1,2,1,f2,3671,5.796984463609962,1.0799173858236648,5.512033050934766,4.471139385697689,5.007978308230805,6.408061979492063,7.951943040237037,3.9288082177354493,14.006483471076816
lambda_0_1,0.1,2,1,f3,3671,3.4125971756027766,0.9452168073798828,3.155500115759854,2.5024116407242545,2.7601651964120792,3.6696957583494187,5.575145455420882,2.296886470388838,13.699437598052857
lambda_0_1,0.1,2,1,f4,3671,2.713639030706519,0.9248628896257677,2.5080087175101813,1.6705075234722215,1.949865997138356,3.2212370196162663,4.366087927565802,1.5182313949373014,11.830986754926048
lambda_0_1,0.1,2,1,f5,3671,1.9726339814722402,0.8834163134475853,1.738459009058133,0.9460153891637517,1.2558423495205902,2.455861018799831,3.9103120329326924,0.7951754157406044,4.217215099186037
lambda_0_1,0.1,2,2,f1,3671,15.830706919256185,2.641444244053812,15.760148600729641,11.468530466743573,13.822750547783773,17.546395246789775,20.311906615494657,9.553186131746974,24.76911302772871
lambda_0_1,0.1,2,2,f2,3671,5.947596287385725,1.0740957887339146,5.737534322035609,4.51447654577194,5.158086413879188,6.609543685509031,8.019737751313567,4.214691547417127,11.062287590444571
lambda_0_1,0.1,2,2,f3,3671,3.46523611850292,0.8540028464662592,3.2491550762496386,2.48493868022168,2.835719471086962,3.884110332013345,5.19169055621668,2.2803091062895544,8.415308550071886
lambda_0_1,0.1,2,2,f4,3671,2.7608860293680757,0.9219068899486117,2.480318883942251,1.6965357028985086,1.9985963531145896,3.464539784611296,4.305018799550047,1.4526908596853307,6.422502342258186
lambda_0_1,0.1,2,2,f5,3671,2.008414749737508,0.8506388746522557,1.812913373096582,1.003625433603122,1.3625547711452237,2.370284751429417,3.904426508391837,0.7844707846783364,4.433919896202684
lambda_0_1,0.1,2,3,f1,3670,15.699972348703316,2.5800370545013793,15.553228002933274,11.644194043641866,13.802439743514283,17.510463438844514,20.109797896464446,9.627116215384174,24.16718710519618
lambda_0_1,0.1,2,3,f2,3670,5.758558269646917,1.0903584930401364,5.564336325507833,4.348381670970623,4.9409334795394235,6.318811702294872,7.926336312356161,3.8907022402640394,10.818840660955871
lambda_0_1,0.1,2,3,f3,3670,3.380654373848105,0.9254539954853933,3.149100586816621,2.485208056976488,2.805040847728679,3.6247202821787017,5.261195963634517,2.204843040682881,10.744306309366644
lambda_0_1,0.1,2,3,f4,3670,2.620551557516773,0.9423850442308087,2.301881840988898,1.823379612804931,2.0059569431757396,2.847721761280223,4.434648682723342,1.6841195413730847,12.12132055301513
lambda_0_1,0.1,2,3,f5,3670,1.994830310091519,0.8016579526484305,1.9112196147284781,1.0255222814905995,1.2908347833508773,2.435178742153851,3.6137279507734092,0.8894003108197843,4.212411092743734
lambda_0_1,0.1,2,4,f1,3670,15.733811350653125,2.6035460169929903,15.567998695503725,11.689745758298857,13.823638949835031,17.51482231147207,20.169279468186872,9.27029720073807,23.81650090658636
lambda_0_1,0.1,2,4,f2,3670,5.7692645198215144,1.0184745504667612,5.68430855848832,4.320882578538448,4.98956838894119,6.454368180465568,7.497238073404921,3.853116185871459,9.991793024188272
lambda_0_1,0.1,2,4,f3,3670,3.466774146517562,0.8726713323590845,3.2586961525720657,2.5137508632878274,2.818764450049005,3.8784283116268305,5.1615438805847065,2.2760251512119947,9.784733615597982
lambda_0_1,0.1,2,4,f4,3670,2.7401318218143595,0.8197663442347688,2.5318250087384797,1.8034654137138284,2.0606795908015347,3.2881525773118527,4.166507170462328,1.503807776642273,9.966179890853056
lambda_0_1,0.1,2,4,f5,3670,2.035001598452005,0.8617629037231104,1.8257911762197536,1.0609974035218968,1.3517897972156412,2.4460328226888004,3.942110920638194,0.9022647619854108,4.513490767360829
lambda_0_7,0.7,1,0,f1,3671,11.817599749658019,1.305982731073479,11.788852141753678,9.84127006848502,10.939357046940362,12.594557823984573,13.759077958950975,8.438806627210724,23.351339696823686
lambda_0_7,0.7,1,0,f2,3671,8.888055978183841,0.9055481297429299,8.885006126393101,7.517373606360071,8.269349456664553,9.37960936635297,10.299927430737421,6.621574377027632,16.873491840301114
lambda_0_7,0.7,1,0,f3,3671,6.897156079640651,0.6850222237764466,6.888785749510239,5.891662661047532,6.42850430135943,7.2875460150874645,7.978074106137523,5.111094206673041,12.813927116506227
lambda_0_7,0.7,1,0,f4,3671,5.565403048300655,0.4908261387576377,5.544678491638352,4.852714762292075,5.233937426677804,5.829045495861733,6.356838641552649,4.3442149363152325,9.697635122953612
lambda_0_7,0.7,1,0,f5,3671,4.9613366782574015,0.4406906856676205,4.929312108123461,4.420593701969018,4.676007460685348,5.148114700565333,5.614853344043121,4.091937112626923,9.749424044695646
lambda_0_7,0.7,1,1,f1,3671,11.733801541450479,1.3678999988946305,11.696093379824717,9.529482517212502,10.858563281576734,12.51666508409922,14.064825838698216,7.741700366206027,19.880079055113967
lambda_0_7,0.7,1,1,f2,3671,8.9034304658342,0.9626542208841938,8.864338551187075,7.359942630307413,8.283758796978521,9.41319685324763,10.562932993450108,6.150422204695614,14.347039808185931
lambda_0_7,0.7,1,1,f3,3671,6.966564782358483,0.6874596096788792,6.939418411165335,5.873593268501553,6.515853580893655,7.347193883673591,8.139436530889544,4.952645677896049,10.654605096752483
lambda_0_7,0.7,1,1,f4,3671,5.668437863739432,0.514322274356544,5.649969658638646,4.843741248385022,5.339008405232594,5.980621547881713,6.532100683278193,4.243962469766326,8.181536261535612
lambda_0_7,0.7,1,1,f5,3671,5.062653838424804,0.4311452067091005,5.040707621994415,4.3972260786888215,4.782015411418544,5.309926208245421,5.792682601374688,3.8818041309742433,7.919400718719516
lambda_0_7,0.7,1,2,f1,3671,11.865262667899353,1.2775302751760533,11.890821092346007,9.896643843720266,11.022134486618349,12.589096411740616,13.86151882926367,7.955123882146882,21.332858216863578
lambda_0_7,0.7,1,2,f2,3671,8.860785875731658,0.8930314365231944,8.868810067010282,7.469612297921679,8.268643127103656,9.344169839264966,10.298464323930698,6.334926820233527,15.437167304199203
lambda_0_7,0.7,1,2,f3,3671,6.823290514702126,0.6391721132783785,6.8112871335638605,5.815919855136635,6.43094341337823,7.167185237440155,7.885451720344729,5.061268158712186,11.196429305533766
lambda_0_7,0.7,1,2,f4,3671,5.501265133655372,0.48267460694016506,5.501501462053631,4.733112917057438,5.170843826716089,5.797778612791378,6.297969350251915,4.284945395844709,8.990983364985164
lambda_0_7,0.7,1,2,f5,3671,4.884213296193218,0.35929637432953987,4.859794842860455,4.3622053340598095,4.652025094195778,5.087699691396709,5.453236554598522,4.0136727898296565,8.887583066601414
lambda_0_7,0.7,1,3,f1,3670,11.472394449064529,1.2051126208420229,11.480228842072119,9.583295665807332,10.65309284286773,12.285838416998873,13.283631346108463,7.493705021871773,18.83860293511323
lambda_0_7,0.7,1,3,f2,3670,8.709116711538496,0.8393326930299602,8.729546509449154,7.401566382367515,8.16904278919085,9.238135538222133,10.04196001606472,5.859697951596584,13.448119878193665
lambda_0_7,0.7,1,3,f3,3670,6.814081946309195,0.599525025330134,6.831814765942116,5.905460945055916,6.405670888599227,7.185664743145365,7.798916281439929,4.949523119928149,9.786248498019466
lambda_0_7,0.7,1,3,f4,3670,5.521791004758893,0.4506029841464588,5.5172287712373045,4.832614869796417,5.220834186152015,5.803124912809999,6.25675608386085,4.200558871283134,7.981412031513569
lambda_0_7,0.7,1,3,f5,3670,4.902894022449034,0.3823263905476838,4.8501847719159805,4.377925320741045,4.636226952340232,5.109697714227282,5.581797617986781,4.178323075794964,8.11686569391837
lambda_0_7,0.7,1,4,f1,3670,11.886793508868045,1.2538189220983178,11.869260183773203,9.936015794207593,11.04988168721335,12.614093720514333,13.877225431031508,8.62032826037447,18.109940929449813
lambda_0_7,0.7,1,4,f2,3670,8.874211033135639,0.8539059513334195,8.840258219931323,7.578244780231295,8.319679685185196,9.34497455718888,10.26087195200896,6.616547928108773,13.459850941055322
lambda_0_7,0.7,1,4,f3,3670,6.962310540501034,0.6197362273908711,6.95327907342902,5.961254967871292,6.568141555384214,7.329993459959262,7.984918803666069,5.469468520148614,10.217076032357328
lambda_0_7,0.7,1,4,f4,3670,5.532455229456368,0.47078034314405465,5.524233661044965,4.753162434912924,5.211573322430311,5.832825022186837,6.277604982988724,4.359228247544954,7.679063286258718
lambda_0_7,0.7,1,4,f5,3670,4.894759705665007,0.36593473096049345,4.847920881180946,4.401925494376905,4.661442778107181,5.07550758569366,5.567027219998186,3.9849053744370777,7.6573876143607364
lambda_0_7,0.7,2,0,f1,3671,13.884929853768465,1.6870813714469457,13.721410125732062,11.631795037619867,12.812154661266296,14.671906456109102,16.72015479321093,9.831240516033876,24.450460573985417
lambda_0_7,0.7,2,0,f2,3671,10.23733379451231,1.1531671484545887,10.121374637610579,8.727710017230287,9.512930265746062,10.758676599068952,12.198627217958052,7.3878155954963605,17.424433859649536
lambda_0_7,0.7,2,0,f3,3671,7.760915640776519,0.8287734712084891,7.697051478704257,6.6738618980529,7.226403106004692,8.15741969221058,9.121675967294653,5.571552004181107,13.103497045959042
lambda_0_7,0.7,2,0,f4,3671,6.121650989372141,0.627801488384733,6.0521429007071195,5.3389452302429445,5.726685063451941,6.388156151016698,7.203029055490624,4.655060751554724,10.514190810911634
lambda_0_7,0.7,2,0,f5,3671,5.373200295642625,0.816422030091328,5.229216322757729,4.659941771375439,4.9777963850248845,5.510904543174407,6.459480749427741,4.3185165305162565,15.288220043313094
lambda_0_7,0.7,2,1,f1,3671,14.356002426142501,1.6804296770138776,14.241233031166274,11.745575464867416,13.227330309708837,15.49758043200437,16.858542678296637,9.949079767749332,24.824806108547765
lambda_0_7,0.7,2,1,f2,3671,10.552018625322905,1.1508413272285942,10.498047851971558,8.758492894621337,9.811371148757615,11.312108924602907,12.276992400107613,7.546080488860704,18.58993951969629
lambda_0_7,0.7,2,1,f3,3671,7.945313401901385,0.8341522559645344,7.919652278109863,6.6202101013252665,7.402630126324889,8.468771826537374,9.211927167146879,5.771786588490408,13.527753701246995
lambda_0_7,0.7,2,1,f4,3671,6.21377879388001,0.6565834598482141,6.211485416425294,5.24768297684615,5.778549993427737,6.633061375529555,7.212067396068677,4.552947560898878,11.284121592736643
lambda_0_7,0.7,2,1,f5,3671,5.467970798640471,0.6985075028765337,5.397703157140959,4.528033877686987,5.056886404678679,5.791980081296137,6.557631871853017,4.215708329684063,14.457639893561618
lambda_0_7,0.7,2,2,f1,3671,14.647891584403377,1.7115859489761256,14.55923894392727,12.161599989688975,13.496429079533874,15.598762224203508,17.114350513839838,10.613629248136036,28.249329324387645
lambda_0_7,0.7,2,2,f2,3671,10.635299322434925,1.171296039455379,10.555235014705632,8.935645526201128,9.881162926892532,11.326211749417261,12.339882159821148,7.939551902638136,20.432135597632996
lambda_0_7,0.7,2,2,f3,3671,7.906383905658382,0.8327616467487468,7.881104009725043,6.6126955097926094,7.38261474367919,8.348229318922689,9.156344930672514,5.919676852709621,14.64273992200903
lambda_0_7,0.7,2,2,f4,3671,6.138558264490618,0.6359958411816081,6.122685179835108,5.1639836441559765,5.684133176010877,6.531858789545652,7.098926598608403,4.73893572195547,11.443322827055901
lambda_0_7,0.7,2,2,f5,3671,5.343687255909041,0.674707695054156,5.255829349144704,4.619322700775234,4.957585049667172,5.587818435641824,6.324167240700111,4.211191158874311,14.429075632405173
lambda_0_7,0.7,2,3,f1,3670,13.836103638250238,1.600888255791674,13.799307214807229,11.314872991195365,12.72896578380821,14.873571341562691,16.17299553977909,9.784877494124109,24.616681964807825
lambda_0_7,0.7,2,3,f2,3670,10.201367422163251,1.0835551148324554,10.185184694812207,8.501403131841244,9.463097756803075,10.9132129954444,11.81969586711297,7.341775339348688,17.25634087275763
lambda_0_7,0.7,2,3,f3,3670,7.698808098833071,0.7729229715819755,7.728681821934851,6.527950379941516,7.1542694559341005,8.174790171391795,8.981501020404824,5.777414959772759,12.304694205789817
lambda_0_7,0.7,2,3,f4,3670,6.008550207688569,0.5808244353170707,6.0097875919331125,5.091915792402752,5.626847363567178,6.369873529315542,6.937700390014019,4.585229298237818,9.712628712248145
lambda_0_7,0.7,2,3,f5,3670,5.215519799196033,0.5559081125493694,5.131365982153834,4.546427055275378,4.854300243957098,5.4606780322053,6.101955321691321,4.221408770666776,10.986682811535637
lambda_0_7,0.7,2,4,f1,3670,14.648383067175837,1.8163924853300981,14.523592595807374,12.154918589097445,13.41957522698031,15.650726491384003,17.327146306930253,10.370140196891672,27.984427083011116
lambda_0_7,0.7,2,4,f2,3670,10.648685564895066,1.2248401797340756,10.576046174210918,8.937351388230953,9.843883887216379,11.333852430616659,12.51595328988745,7.741159040404591,20.007089589953456
lambda_0_7,0.7,2,4,f3,3670,7.986668844789386,0.8507186335695943,8.002607402974665,6.723693328185245,7.403210704496445,8.477081702489336,9.304260805268562,5.965370196966475,14.208456231771738
lambda_0_7,0.7,2,4,f4,3670,6.137653841956142,0.6334228146659682,6.132368328409605,5.134737745445536,5.709115196494706,6.543558237669454,7.109639522125836,4.67516279758812,9.995040697908655
lambda_0_7,0.7,2,4,f5,3670,5.346659081106415,0.7028108667193089,5.229253115329493,4.579514992327183,4.953200141347194,5.619998694965716,6.246021088300069,4.152144970323918,12.891683929727437
lambda_0_9,0.9,1,0,f1,3671,8.430675843649258,1.079340398342336,8.409454873009292,6.923912075468197,7.705118369630017,9.00099527960235,10.260216990031962,5.291674531917056,16.897452840378588
lambda_0_9,0.9,1,0,f2,3671,7.996063072681921,0.9451361561679767,7.960525522657127,6.687425337642596,7.370011173410635,8.483401011028526,9.637770964557287,5.214651694608183,15.647803389996414
lambda_0_9,0.9,1,0,f3,3671,7.652367217892801,0.8239101002170438,7.610386754205145,6.509601471100822,7.09718738635857,8.105771610225968,9.04045736171491,5.363314530568009,13.84611851910212
lambda_0_9,0.9,1,0,f4,3671,7.295459000169359,0.7115053653431724,7.287147331083219,6.261810377416795,6.824036879691957,7.717518539894834,8.498553176157042,5.170132582461293,12.550199385456514
lambda_0_9,0.9,1,0,f5,3671,6.9800783934118025,0.581435468403937,6.921133231330323,6.019652780423421,6.621575624384745,7.3158518504555605,7.998669175402631,5.6466695865735375,12.028253528185793
lambda_0_9,0.9,1,1,f1,3671,9.250161316301893,0.9812434293806861,9.237983188148561,7.791796425381971,8.606008465974607,9.81460391649365,10.857318576316624,6.437097748794677,15.219257818207
lambda_0_9,0.9,1,1,f2,3671,8.611201185779796,0.843936348545197,8.602933541331796,7.308109318364408,8.076611589431188,9.089357870453105,10.003085636406446,6.231788106393303,13.812883841541888
lambda_0_9,0.9,1,1,f3,3671,8.032028178414174,0.757049658590635,8.0398801180234,6.869337635233816,7.543179585743987,8.487294400752006,9.270612016980742,5.92588320701066,12.30511378330767
lambda_0_9,0.9,1,1,f4,3671,7.524652421224455,0.6535504590626967,7.520473597924931,6.446861003356853,7.090883940535058,7.913264593788885,8.614545280543261,5.98434015336886,10.881493224150734
lambda_0_9,0.9,1,1,f5,3671,7.130973157977268,0.5125650372307954,7.1341247250193724,6.328075487151854,6.77541816001434,7.434405344563771,8.023820484605256,5.830731695957207,11.236108359956997
lambda_0_9,0.9,1,2,f1,3671,8.380261172926637,1.0083901415074128,8.365526397387677,6.807901076416908,7.716394251142645,8.961184049706638,10.037326718266318,5.5703471495463805,13.155464908870815
lambda_0_9,0.9,1,2,f2,3671,8.055548860150642,0.8865888073146209,8.022623519559945,6.672050121702489,7.469935324687558,8.579851826369168,9.546357707155256,5.695086923281629,12.265327682448241
lambda_0_9,0.9,1,2,f3,3671,7.746375261294036,0.7729213331195409,7.7253383783982414,6.526431643430817,7.25012338438313,8.197292844580318,9.028141717073325,5.663038722413643,11.475148490268273
lambda_0_9,0.9,1,2,f4,3671,7.42111066616914,0.6784371883700575,7.413157941033949,6.388779254732093,6.952442852280697,7.850752619983671,8.518489969178843,5.452298408973806,10.779605381714113
lambda_0_9,0.9,1,2,f5,3671,7.1481529044356344,0.5549342818534128,7.119955738709772,6.281833145236109,6.7739437073875814,7.507089202145539,8.035852531993516,5.759759843713706,9.883599848330258
lambda_0_9,0.9,1,3,f1,3670,8.574912513685279,0.9468904271868691,8.54632631616452,7.115920846249236,7.965996420683542,9.100326584297441,10.06705481135761,6.057417725053396,14.857769041661207
lambda_0_9,0.9,1,3,f2,3670,8.075858088939372,0.8262665153462616,8.039574233175554,6.789577002429809,7.553790895210287,8.531028602103625,9.361867745970638,5.851494630632215,13.751971142455647
lambda_0_9,0.9,1,3,f3,3670,7.594197207069205,0.7282799470796993,7.578097047993179,6.446053932288079,7.123272661868806,8.006739403341887,8.742407186851576,5.781261424360672,12.087740106341494
lambda_0_9,0.9,1,3,f4,3670,7.18627010865236,0.6445287602890672,7.186366363683944,6.148223900390762,6.760438832192943,7.566509919041569,8.205022843555145,5.470698134678824,10.859035613124568
lambda_0_9,0.9,1,3,f5,3670,6.812399094394519,0.5571946350937639,6.813804595983644,5.975878777109462,6.4480030696248,7.163819843707535,7.6742955855771555,5.0830170229814495,10.619865360808783
lambda_0_9,0.9,1,4,f1,3670,9.54642118997474,0.9683620678408329,9.522768087594432,8.084886969802305,8.946671199153162,10.100935587838464,11.068407054282442,6.898581791780405,16.918186027897942
lambda_0_9,0.9,1,4,f2,3670,8.850412727399153,0.8314877437427415,8.840892742383343,7.580868699537281,8.336819023717345,9.306173989367624,10.148113668996148,6.62120057572728,15.577340524660146
lambda_0_9,0.9,1,4,f3,3670,8.234513860904238,0.7340159252100033,8.229423405335925,7.126608671724792,7.755195027835946,8.65050985805849,9.405153319745814,6.243811366782475,14.21812906762397
lambda_0_9,0.9,1,4,f4,3670,7.611244438542515,0.6480350202205553,7.6400627319356715,6.604563997580924,7.209740140464281,7.995636347389947,8.582672451631973,5.742767067177823,12.43452588006902
lambda_0_9,0.9,1,4,f5,3670,7.127496953090816,0.5615252832824604,7.137432068611552,6.269766298495199,6.775861021177827,7.439201583379372,7.946816830578682,5.619152544452982,12.063108312545241
lambda_0_9,0.9,2,0,f1,3671,10.607817605712182,1.2571719977450064,10.627722915810914,8.801683069460031,9.72838599554748,11.35996500046442,12.581667803711447,7.317427638610663,19.45750937870521
lambda_0_9,0.9,2,0,f2,3671,9.79402627524018,1.0739804685590333,9.776028637961215,8.217396480741009,9.030576255977797,10.457105204297527,11.469361446095176,6.890651409683506,16.915547421968398
lambda_0_9,0.9,2,0,f3,3671,9.119913454617244,0.9484898983089235,9.112977995956573,7.762461416844268,8.408109413784153,9.710007029387278,10.597308045477869,6.638955193762514,15.031826857145726
lambda_0_9,0.9,2,0,f4,3671,8.412223105628234,0.8588516841392303,8.411216652473854,7.079662352530052,7.779771150461233,8.98869248158261,9.75092732167053,6.063909698428734,14.01996868607398
lambda_0_9,0.9,2,0,f5,3671,7.740472689965192,0.8054920790482586,7.7387328363817804,6.560117415850469,7.165166973360998,8.180461224281949,9.038676929084762,5.962263996205571,14.96609301217278
lambda_0_9,0.9,2,1,f1,3671,11.55256086431021,1.3740253823858783,11.471980768716719,9.639058540578784,10.650785417394637,12.351068266008092,13.727090905028064,8.023313654356565,20.559839631914947
lambda_0_9,0.9,2,1,f2,3671,10.536574618500298,1.1782102263808856,10.488562973378698,8.78283778646434,9.776159220078492,11.184504476409916,12.43394468409545,7.551972891916452,18.69696093751774
lambda_0_9,0.9,2,1,f3,3671,9.597711601647106,1.0428486827250718,9.5827590633928,8.05050719168549,8.89651192395532,10.171823896624854,11.256600649448208,6.986789248578159,16.42957715627881
lambda_0_9,0.9,2,1,f4,3671,8.678318602771377,0.9133455034484591,8.641544652699714,7.333857965207976,8.05167096220716,9.20693896381396,10.121353408013984,6.733158597738922,14.902101524861102
lambda_0_9,0.9,2,1,f5,3671,7.853525365488192,1.013627130605438,7.7678913662538305,6.6174955784583585,7.276663913327827,8.222933066954244,9.200757524597137,6.114650740667611,19.011355550811324
lambda_0_9,0.9,2,2,f1,3671,10.575273827602789,1.375515389907864,10.470338611085127,8.623172551773882,9.71332848353595,11.317071880369507,12.873018263366385,7.2541807409349035,18.14295381960867
lambda_0_9,0.9,2,2,f2,3671,9.892486844235062,1.1793183999504018,9.78390789228698,8.2571726817179,9.142631441914691,10.540649580429,11.8518511432056,7.195792991281422,15.862243146349977
lambda_0_9,0.9,2,2,f3,3671,9.265504081810723,1.0223354555513917,9.192385711066631,7.827402218580845,8.604000774986073,9.819019532953563,10.953714983233773,6.950487049648495,14.955699356356225
lambda_0_9,0.9,2,2,f4,3671,8.598647569968655,0.9462398684979437,8.570971117879678,7.2409843151269175,7.995803604540505,9.097171988319698,10.127334211666833,6.1791528048505855,14.109680365613343
lambda_0_9,0.9,2,2,f5,3671,7.990219583619899,0.9999604526073516,7.870130878476608,6.770461318111078,7.362749752020186,8.374562145870648,9.61140054293482,6.127498610848119,16.728516005109476
lambda_0_9,0.9,2,3,f1,3670,11.044368455278372,1.3948944733434185,10.933395708583404,9.139554124494103,10.208124677815144,11.678558428756034,13.212657980768979,7.910302184292236,23.32034420597366
lambda_0_9,0.9,2,3,f2,3670,10.175479206923987,1.2104794052418926,10.096578374686654,8.476784058738032,9.43696115232428,10.71896910421393,12.073488869477607,7.609369242125081,21.14268874678289
lambda_0_9,0.9,2,3,f3,3670,9.35122137179848,1.070145507896944,9.309358020246528,7.7886679414272395,8.665400480636714,9.864711943546688,10.994368176150674,7.203980398728234,19.76051371691176
lambda_0_9,0.9,2,3,f4,3670,8.54873992903598,0.9931651329876761,8.533026903223973,7.135667004273691,7.939321263025377,9.044217482230064,10.012084430766274,6.409818801281996,19.22771580971634
lambda_0_9,0.9,2,3,f5,3670,7.78796408726181,1.170814305477318,7.6781048221347294,6.546949962222112,7.175050650121383,8.133546408235986,9.373153622930705,5.625127833013821,25.79630987277661
lambda_0_9,0.9,2,4,f1,3670,11.54609812212837,1.3850802051613746,11.46639982830722,9.504785455283818,10.62891868181572,12.336186432343492,13.70732535364998,8.364249207477055,20.625178577584663
lambda_0_9,0.9,2,4,f2,3670,10.524527377380139,1.1878674291873499,10.4509471414075,8.751626883487532,9.721353979080803,11.201577605500258,12.378359513261266,7.802081573443972,18.562278217900378
lambda_0_9,0.9,2,4,f3,3670,9.591809842866203,1.0267975270037946,9.539563948495605,8.117699777650138,8.913729568949316,10.165532752245173,11.264269241956342,7.224517518066625,16.214641028573652
lambda_0_9,0.9,2,4,f4,3670,8.62102347082077,0.9144205417799642,8.633687573349928,7.2254865258855325,8.058263910113169,9.112394121518093,9.95358472904146,6.407055657072739,14.511863322887288
lambda_0_9,0.9,2,4,f5,3670,7.826385023901613,1.019429243830676,7.735470572260996,6.637029600620219,7.216192595346464,8.185881643257218,9.219945030898705,6.112807739839856,19.980961105061045
lambda_1_0,1.0,1,0,f1,3671,8.295785973448677,0.8802152346930087,8.256318072892183,6.941181564785227,7.791930904660293,8.793942584746835,9.634778228286418,5.6554241600158575,14.114508110044438
lambda_1_0,1.0,1,0,f2,3671,8.430022768805966,0.8645587938377217,8.397236240945231,7.103608623300143,7.9211573301424565,8.888595648954901,9.766678425521077,5.827264747551174,14.299590990665443
lambda_1_0,1.0,1,0,f3,3671,8.56994294757569,0.8340876541072422,8.54146972470571,7.277272718016146,8.059148517177984,9.02729968133201,9.869418297521731,6.254033266471888,14.06917237099842
lambda_1_0,1.0,1,0,f4,3671,8.618027459478897,0.7562425559237215,8.622056797442632,7.478202958374387,8.15414006852053,9.060296189035117,9.769460513836574,6.40618035317065,13.885107931533879
lambda_1_0,1.0,1,0,f5,3671,8.513209653004342,0.6986362547843046,8.492209080249562,7.42944810285376,8.100485874348562,8.87702026441752,9.623423442612824,6.662631710164797,14.471117224423985
lambda_1_0,1.0,1,1,f1,3671,7.550897424214513,0.7512357416588984,7.551810193263644,6.3852747581611045,7.0812388711922845,7.979276479975095,8.695662750511843,5.370907895457161,12.606964492070578
lambda_1_0,1.0,1,1,f2,3671,7.838426122559387,0.7322323586236696,7.830928945143237,6.674232874708464,7.388931991724559,8.25119651912076,8.960264103908127,5.661161140231321,12.681421177039535
lambda_1_0,1.0,1,1,f3,3671,8.022621066885003,0.7357095670361068,8.033205128105601,6.833996991123038,7.563480562543244,8.452730622214862,9.172114772933865,5.893994615401678,12.669185175497033
lambda_1_0,1.0,1,1,f4,3671,8.117113245954101,0.6839810258035266,8.146494145251571,7.020173134144905,7.692647378381665,8.553078768574709,9.139244063798206,6.199008181403086,12.538473224581788
lambda_1_0,1.0,1,1,f5,3671,8.073604901629594,0.6128600541786156,8.087614588318502,7.086038450767605,7.621761520681305,8.494060695324471,9.003761099789159,6.61635669571334,11.96102784799209
lambda_1_0,1.0,1,2,f1,3671,7.693156338577383,0.7447209300081683,7.6929898306298465,6.510783140495459,7.2083205169314315,8.130325479148885,8.92004306677909,5.692705265230861,11.880767307547623
lambda_1_0,1.0,1,2,f2,3671,7.961195957551947,0.6969425599392867,7.946603761230031,6.869790880964004,7.5184050671055624,8.366137160092771,9.11485123084031,6.020282186627949,12.037723105358046
lambda_1_0,1.0,1,2,f3,3671,8.177997518720266,0.6841003368370973,8.168892297473494,7.124146274060768,7.72833709762021,8.601556015295927,9.303469792061847,6.368458421180233,12.005434604234654
lambda_1_0,1.0,1,2,f4,3671,8.282437482017146,0.6644370510160618,8.288837510995325,7.222259014428758,7.877733016932657,8.689743348211216,9.31911042769116,6.201872420474534,11.85852856325207
lambda_1_0,1.0,1,2,f5,3671,8.117138771814547,0.6102420337041811,8.131002536998945,7.161702595747398,7.690892188740878,8.510000182335709,9.095399469977867,6.416103224331795,12.127581605396085
lambda_1_0,1.0,1,3,f1,3670,8.077963445170965,0.8008185217532051,8.07508081703806,6.754103572565718,7.58832573998236,8.549486896115907,9.320326046270063,5.75708060123422,12.71398378171366
lambda_1_0,1.0,1,3,f2,3670,8.325962936453628,0.7789436738739112,8.32447188173931,7.073383168481126,7.8452818099120645,8.778836344605821,9.53663852876233,6.109146285771431,12.511035411155925
lambda_1_0,1.0,1,3,f3,3670,8.551011023209007,0.74730329325012,8.559908969601075,7.386348207377514,8.091298485869299,8.997629148311452,9.755334444518633,6.298310302326524,12.407424893252898
lambda_1_0,1.0,1,3,f4,3670,8.680385426761188,0.6811745271568534,8.681156844399142,7.644411801230624,8.221557787754564,9.103307684927733,9.737380433327427,6.653725273525368,12.181646985595778
lambda_1_0,1.0,1,3,f5,3670,8.588069161013538,0.6446111154568228,8.61941225775138,7.5039249573768725,8.192121318358197,8.978483923349314,9.595029934212363,6.714972262475048,12.372298142028981
lambda_1_0,1.0,1,4,f1,3670,7.497192099764145,0.8837358689213353,7.471343434566363,6.1710283519680145,6.932518688576708,7.979299186793407,8.900423819516481,4.861361022814806,13.05946992328602
lambda_1_0,1.0,1,4,f2,3670,7.731604266367109,0.8499774814561344,7.706775241678219,6.452346087038352,7.191571151917052,8.194432723820299,9.07650009942803,5.14976201846301,12.927536060848208
lambda_1_0,1.0,1,4,f3,3670,7.969933150017461,0.8195589046362173,7.942659109715164,6.722527689993243,7.4494469825244884,8.422068179240481,9.346007748183101,5.5732901922239835,12.716000193806051
lambda_1_0,1.0,1,4,f4,3670,8.142839818685399,0.7614321615233167,8.144865404622795,7.002719650393549,7.648794373579712,8.569748941138789,9.370600386975871,5.739199604430896,12.635445795238729
lambda_1_0,1.0,1,4,f5,3670,8.222801657332893,0.6648191528635613,8.245198276275541,7.198955710415077,7.797724433044528,8.616431914813147,9.262843357247556,6.195482057881285,12.930764250468227
lambda_1_0,1.0,2,0,f1,3671,10.02925112617832,1.146071654530854,9.973113793419616,8.356960255137308,9.315536652439826,10.649571829052507,11.979914604866725,7.076392343282495,16.304834971938302
lambda_1_0,1.0,2,0,f2,3671,10.065627861302056,1.1175115783205432,9.995180635612174,8.455913136797317,9.377848857471822,10.66765088810773,12.022549219209552,7.216345044823349,16.33266909202938
lambda_1_0,1.0,2,0,f3,3671,10.069937731490313,1.0822918399539851,10.01306514260917,8.455347720641985,9.367253046758458,10.662122312584597,11.958297398861559,7.515407766625634,15.522703005333913
lambda_1_0,1.0,2,0,f4,3671,9.87688621316157,1.025149811647414,9.83785735055723,8.359440378901091,9.1875489310741,10.463642753690348,11.574480421735808,7.282773317632888,15.891504234787927
lambda_1_0,1.0,2,0,f5,3671,9.43870804203535,1.1145466358726765,9.342646553356769,7.97289353624166,8.770510333149574,9.901167643684744,11.133781430275864,6.963865481704299,24.593207735139142
lambda_1_0,1.0,2,1,f1,3671,9.384644144348274,1.1912259717220555,9.273510200396103,7.744891282399433,8.642810312065048,9.968183206168003,11.547837927708063,6.384208582359487,16.183143845041897
lambda_1_0,1.0,2,1,f2,3671,9.53165293015067,1.1107521999967604,9.442800818133632,7.914240343406471,8.843395284983554,10.10221996343542,11.462794545949865,6.670205790982597,15.628818709268572
lambda_1_0,1.0,2,1,f3,3671,9.616752244036899,1.0753916401309533,9.571302326652134,7.953910576761002,8.93453646982094,10.209708474144598,11.408128051141867,6.828567097515724,15.56886405089625
lambda_1_0,1.0,2,1,f4,3671,9.497841709583835,1.006857557094258,9.46219597804409,8.013412523829954,8.863036885236777,10.08732010609413,11.076197446908509,6.943689729582145,15.351133648007586
lambda_1_0,1.0,2,1,f5,3671,9.187309409511416,1.0675236677923858,9.105251764375412,7.785634850903492,8.495088794376937,9.66438857339588,10.846081108360153,7.105838745765195,17.738280249352893
lambda_1_0,1.0,2,2,f1,3671,9.466625632534925,1.0895343003785538,9.402201903751582,7.7387477741166135,8.750881959291357,10.166478042955582,11.13259667241553,7.027702818942315,18.74901661149453
lambda_1_0,1.0,2,2,f2,3671,9.573509602899106,0.9935794336004,9.496320051463343,8.006624411340962,8.911462073560095,10.221134960794416,11.09572588407426,7.298088225948268,18.061473643386357
lambda_1_0,1.0,2,2,f3,3671,9.633568183203442,0.9606168870026498,9.605800802934866,8.11351416173933,8.988987376219818,10.259104495180441,11.117015326459839,7.22711385378653,17.31977318616917
lambda_1_0,1.0,2,2,f4,3671,9.519380890275324,0.9320196007052186,9.510734369635479,8.130449116376912,8.957914272823231,10.106241963269309,10.910656471060207,6.829831090469969,16.863420336603937
lambda_1_0,1.0,2,2,f5,3671,9.102165524656165,0.9526698626411172,9.085161233081852,7.790833936030097,8.497612264474562,9.599864984728748,10.556854001061641,6.800544838500732,20.636925385798943
lambda_1_0,1.0,2,3,f1,3670,9.713205693260003,1.2545525431173772,9.588823752143373,8.067500579017505,8.96687343005442,10.212927694625215,12.046683305555064,6.976733999436428,18.77810537508957
lambda_1_0,1.0,2,3,f2,3670,9.86012114953078,1.1966533114156253,9.73944521476314,8.242138491837272,9.152829852106347,10.33656586859296,12.057384491180223,7.158301550123895,18.836223000178475
lambda_1_0,1.0,2,3,f3,3670,9.951959905014434,1.1313242060056599,9.854847378575762,8.46226958777804,9.284554921349837,10.428612083261903,12.021346891522205,7.257636692250403,18.847834345839765
lambda_1_0,1.0,2,3,f4,3670,9.876362019037009,1.0630275213396634,9.785847332637218,8.477121507128148,9.216225819135317,10.333666001453027,11.725611918261478,7.412466132186433,19.052864287356563
lambda_1_0,1.0,2,3,f5,3670,9.529732312379274,1.3205024676066146,9.367046159409565,8.051354224367238,8.831539974658252,9.902226951408604,11.507893621088597,7.117289994566046,25.62984751778407
lambda_1_0,1.0,2,4,f1,3670,9.507875979948489,1.129739285799103,9.480059845311064,7.833020297815147,8.806594387606616,10.175650015708104,11.225738090621702,6.560662220344006,17.47031989090458
lambda_1_0,1.0,2,4,f2,3670,9.644331585701726,1.0610341419395082,9.608170319773297,8.036421132042372,8.969012937282894,10.286203792521025,11.242996582239437,6.781389474535394,17.346269740996007
lambda_1_0,1.0,2,4,f3,3670,9.756102119241518,1.0281325584043173,9.743499639595562,8.192404084019207,9.057079047497552,10.392766461570481,11.29678229233354,7.072914131188715,17.49911470407618
lambda_1_0,1.0,2,4,f4,3670,9.68075265878334,1.0165633030228942,9.699932734665294,8.213297451494252,9.039396517771381,10.299749343966981,11.16014783509147,6.822572300894669,17.697836782063597
lambda_1_0,1.0,2,4,f5,3670,9.413510541726945,1.0960387900719437,9.426271502340134,8.022431021569291,8.732744124931555,9.923994788136573,10.81546885187898,6.6419457324212114,21.37372985996072
