left_stage,right_stage,mean_sample_cosine,centered_linear_cka
1,2,0.7400630807525945,0.9191163555147175
1,3,0.5118260140194182,0.6487408358486377
1,4,0.4228854435228903,0.3827810740923847
1,5,-0.011647453299588958,0.258569505984173
2,3,0.5390882732458699,0.8154013578526479
2,4,0.41901269925735224,0.5123925788889172
2,5,-0.11828667323689893,0.3419701856955308
3,4,0.3969723676565235,0.8003816749131322
3,5,-0.10272061162851619,0.5193262466142532
4,5,-0.08988983902367388,0.7511096988600294
