run_id,stage,scope,fold,n,accuracy,macro_f1,balanced_accuracy
baseline_seed43,1,pooled,ALL,18353,0.9792949381572496,0.9820012401364505,0.9822536611279138
baseline_seed43,1,fold_0,0,3671,0.9803868155815854,0.9827689940331926,0.9830854203235966
baseline_seed43,1,fold_1,1,3671,0.9792971942250068,0.9824584975128509,0.9833034504772684
baseline_seed43,1,fold_2,2,3671,0.9809316262598747,0.9833965952597303,0.9839287018385806
baseline_seed43,1,fold_3,3,3670,0.9782016348773842,0.9806321785259992,0.9808711900059129
baseline_seed43,1,fold_4,4,3670,0.9776566757493188,0.9803169382162257,0.9802164206836124
baseline_seed43,2,pooled,ALL,18353,0.9770609709584264,0.9798596000287797,0.9800346798492765
baseline_seed43,2,fold_0,0,3671,0.9784799782075728,0.9812439152901095,0.9809637078220121
baseline_seed43,2,fold_1,1,3671,0.9771179515118497,0.9802209191906056,0.9814841657507134
baseline_seed43,2,fold_2,2,3671,0.9801144102424407,0.9827400568857453,0.982995634523246
baseline_seed43,2,fold_3,3,3670,0.9768392370572208,0.9794194445249528,0.9796391287523059
baseline_seed43,2,fold_4,4,3670,0.9727520435967303,0.9750113968181903,0.975242135082565
baseline_seed44,1,pooled,ALL,18353,0.9780417370457146,0.9809073868758881,0.9810681698862628
baseline_seed44,1,fold_0,0,3671,0.9795695995641515,0.9818650151672178,0.9819946162152795
baseline_seed44,1,fold_1,1,3671,0.9776627621901389,0.9811398188011654,0.9819899681060152
baseline_seed44,1,fold_2,2,3671,0.9801144102424407,0.9825097365701819,0.9822528295149258
baseline_seed44,1,fold_3,3,3670,0.9782016348773842,0.980755428422977,0.9812809137050256
baseline_seed44,1,fold_4,4,3670,0.9746594005449591,0.9776717482149603,0.977965620495893
baseline_seed44,2,pooled,ALL,18353,0.9771154579632758,0.9799809866629897,0.9800750756268335
baseline_seed44,2,fold_0,0,3671,0.976028330155271,0.978781278037858,0.9790393631025868
baseline_seed44,2,fold_1,1,3671,0.9776627621901389,0.9813410912362247,0.9822918405076809
baseline_seed44,2,fold_2,2,3671,0.9792971942250068,0.9814089394587078,0.9811660890124387
baseline_seed44,2,fold_3,3,3670,0.9787465940054496,0.9814211416188944,0.9818326002642216
baseline_seed44,2,fold_4,4,3670,0.973841961852861,0.9762500913036166,0.9761190590472012
lambda_0_7_seed42,1,pooled,ALL,18353,0.9778782760311666,0.9806483349988018,0.9806048909558007
lambda_0_7_seed42,1,fold_0,0,3671,0.9787523835467176,0.981711183252166,0.9814160863175154
lambda_0_7_seed42,1,fold_1,1,3671,0.9773903568509943,0.9797152425608308,0.9801111577338921
lambda_0_7_seed42,1,fold_2,2,3671,0.9801144102424407,0.9832294337760374,0.9834129506423372
lambda_0_7_seed42,1,fold_3,3,3670,0.9790190735694823,0.9812988938602788,0.981717789119261
lambda_0_7_seed42,1,fold_4,4,3670,0.9741144414168937,0.9768733506081546,0.9765268101525127
lambda_0_7_seed42,2,pooled,ALL,18353,0.9767340489293304,0.9797499388951227,0.9797805712198976
lambda_0_7_seed42,2,fold_0,0,3671,0.9776627621901389,0.9805685125258887,0.980319877573307
lambda_0_7_seed42,2,fold_1,1,3671,0.9776627621901389,0.9808333194061217,0.9813363046180771
lambda_0_7_seed42,2,fold_2,2,3671,0.9787523835467176,0.9816375348919234,0.9815650895498546
lambda_0_7_seed42,2,fold_3,3,3670,0.9776566757493188,0.9801901237077097,0.9806485478235113
lambda_0_7_seed42,2,fold_4,4,3670,0.9719346049046321,0.9748675842097605,0.9751015343067451
lambda_0_9_seed42,1,pooled,ALL,18353,0.9776058410069198,0.9799946888286267,0.9801220758609248
lambda_0_9_seed42,1,fold_0,0,3671,0.976845546172705,0.978537765624792,0.9783471163793384
lambda_0_9_seed42,1,fold_1,1,3671,0.9773903568509943,0.9806858126239355,0.9818560852071873
lambda_0_9_seed42,1,fold_2,2,3671,0.9790247888858622,0.9801740183291869,0.9803631196525302
lambda_0_9_seed42,1,fold_3,3,3670,0.9790190735694823,0.9816057546218826,0.9824279470595052
lambda_0_9_seed42,1,fold_4,4,3670,0.97574931880109,0.9782273778075944,0.9778579458207465
lambda_0_9_seed42,2,pooled,ALL,18353,0.9763526398953849,0.9790540308719975,0.9791739741075378
lambda_0_9_seed42,2,fold_0,0,3671,0.9776627621901389,0.9805529997435675,0.9805628210947588
lambda_0_9_seed42,2,fold_1,1,3671,0.9749387087986925,0.9784953967678998,0.9794884746781638
lambda_0_9_seed42,2,fold_2,2,3671,0.9784799782075728,0.979857151522308,0.9796375321531094
lambda_0_9_seed42,2,fold_3,3,3670,0.9776566757493188,0.9799227445895348,0.9806220973539439
lambda_0_9_seed42,2,fold_4,4,3670,0.9730245231607629,0.9758347951335135,0.9756636092622621
