stage,epoch,train_loss,val_accuracy,best_val_accuracy,lr,amp_overflow_batches,elapsed_seconds
2,0,0.35390973868577374,0.9708446866485013,0.9708446866485013,5e-05,0,61.255215400000004
2,1,0.35346009562844816,0.9716621253405995,0.9716621253405995,4.996642360148706e-05,0,52.308599999999984
2,2,0.3517842244842778,0.9732970027247957,0.9732970027247957,4.98657864365227e-05,0,52.38085520000001
2,3,0.35158847103948176,0.9711171662125341,0.9732970027247957,4.9698364344580884e-05,0,52.232507699999985
2,4,0.3511210471391678,0.9727520435967303,0.9732970027247957,4.946461621797825e-05,0,52.33367420000002
2,5,0.34951645213624705,0.9716621253405995,0.9732970027247957,4.916518274408218e-05,0,52.29077749999999
2,6,0.3498710247485534,0.9708446866485013,0.9732970027247957,4.880088464923128e-05,0,52.32506059999997
2,7,0.34828919871993685,0.9716621253405995,0.9732970027247957,4.837272044918145e-05,0,52.27462810000003
2,8,0.3484992685525314,0.9724795640326975,0.9732970027247957,4.7881863712243726e-05,0,52.30248690000002
2,9,0.34749125734619474,0.9705722070844687,0.9732970027247957,4.7329659842615016e-05,0,52.31375979999996
2,10,0.3477751532326574,0.9711171662125341,0.9732970027247957,4.671762239271876e-05,0,52.33383550000008
2,11,0.347221066252045,0.9716621253405995,0.9732970027247957,4.6047428914662896e-05,0,52.298065600000086
2,12,0.34736488046853436,0.9705722070844687,0.9732970027247957,4.532091636218622e-05,0,52.25440389999994
2,13,0.3472129867128704,0.9713896457765667,0.9732970027247957,4.4540076055695796e-05,0,52.27259920000006
2,14,0.3461182440104692,0.9711171662125341,0.9732970027247957,4.370704822419617e-05,0,52.31855329999996
2,15,0.3459545372620873,0.9702997275204359,0.9732970027247957,4.282411613907043e-05,0,52.266877499999964
2,16,0.3459449043740397,0.9700272479564033,0.9732970027247957,4.189369985579204e-05,0,52.3736672
2,17,0.34619931449060853,0.9730245231607629,0.9732970027247957,4.091834958072103e-05,0,52.31589729999996
2,18,0.34518941044807433,0.9705722070844687,0.9732970027247957,3.99007386811656e-05,0,52.39058669999997
2,19,0.34544672642065133,0.9711171662125341,0.9732970027247957,3.884365635786817e-05,0,52.252881999999886
2,20,0.3446597131698028,0.9716621253405995,0.9732970027247957,3.775e-05,0,52.28468869999983
2,21,0.3449756128632504,0.9730245231607629,0.9732970027247957,3.66227672436189e-05,0,52.33678370000007
2,22,0.34502222201098565,0.9727520435967303,0.9732970027247957,3.5465047755357117e-05,0,52.279405
2,23,0.34426844120025635,0.9713896457765667,0.9732970027247957,3.428001476385987e-05,0,52.25116100000014
2,24,0.3438665288945903,0.9716621253405995,0.9732970027247957,3.307091636218622e-05,0,52.338322500000004
2,25,0.344895938038826,0.9711171662125341,0.9732970027247957,3.1841066605011764e-05,0,52.31649919999995
2,26,0.3444835135470266,0.9713896457765667,0.9732970027247957,3.0593836425035106e-05,0,52.23205660000008
2,27,0.34370040867639623,0.9722070844686649,0.9732970027247957,2.9332644393485664e-05,0,52.33096380000006
2,28,0.34374513392863065,0.9711171662125341,0.9732970027247957,2.8060947350057517e-05,0,52.28800649999994
2,29,0.34285206406012825,0.9708446866485013,0.9732970027247957,2.6782230927952127e-05,0,52.34123000000022
2,30,0.3433539647123088,0.9713896457765667,0.9732970027247957,2.5500000000000013e-05,0,52.38181469999995
2,31,0.34302077189735747,0.9713896457765667,0.9732970027247957,2.421776907204789e-05,0,52.22672169999987
2,32,0.34299800758776455,0.9716621253405995,0.9732970027247957,2.2939052649942503e-05,0,52.307719900000166
2,33,0.3430880525837774,0.9713896457765667,0.9732970027247957,2.1667355606514353e-05,0,52.341413299999886
2,34,0.34310641003691633,0.9724795640326975,0.9732970027247957,2.0406163574964904e-05,0,52.22900840000011
2,35,0.3431626547937808,0.9719346049046321,0.9732970027247957,1.9158933394988252e-05,0,52.32749199999989
2,36,0.34213336058284927,0.9708446866485013,0.9732970027247957,1.7929083637813798e-05,0,52.281640400000015
2,37,0.3416118490955104,0.9716621253405995,0.9732970027247957,1.671998523614015e-05,0,52.30557380000005
2,38,0.3415304322605548,0.9716621253405995,0.9732970027247957,1.55349522446429e-05,0,52.333931699999994
2,39,0.342215061965196,0.9719346049046321,0.9732970027247957,1.4377232756381109e-05,0,52.364176099999895
2,40,0.34149179912131766,0.9713896457765667,0.9732970027247957,1.3250000000000009e-05,0,52.2966222
2,41,0.34133581635744675,0.9727520435967303,0.9732970027247957,1.2156343642131847e-05,0,52.28111499999977
2,42,0.3416179807289787,0.9719346049046321,0.9732970027247957,1.1099261318834413e-05,0,52.25494490000028
2,43,0.3415018035017926,0.9732970027247957,0.9732970027247957,1.0081650419278988e-05,0,52.28816790000019
2,44,0.34097595266673875,0.9722070844686649,0.9732970027247957,9.106300144207984e-06,0,52.35283449999997
2,45,0.3404370832702388,0.9722070844686649,0.9732970027247957,8.17588386092959e-06,0,52.26874570000018
2,46,0.3414498456146406,0.9722070844686649,0.9732970027247957,7.292951775803846e-06,0,52.32715819999976
2,47,0.341195591636326,0.9719346049046321,0.9732970027247957,6.459923944304215e-06,0,52.25998549999986
2,48,0.3415983980116637,0.9724795640326975,0.9732970027247957,5.679083637813791e-06,0,52.398279099999854
2,49,0.34148427921792734,0.9722070844686649,0.9732970027247957,4.952571085337114e-06,0,52.24261939999997
2,50,0.34122991911743,0.9719346049046321,0.9732970027247957,4.282377607281252e-06,0,52.2917580000003
2,51,0.3411331744297691,0.9724795640326975,0.9732970027247957,3.6703401573849893e-06,0,52.2619009
2,52,0.34086030682791835,0.9722070844686649,0.9732970027247957,3.1181362877562766e-06,0,52.29916049999974
2,53,0.3406094199937323,0.9722070844686649,0.9732970027247957,2.6272795508185578e-06,0,52.22516110000015
2,54,0.3420048948215402,0.9722070844686649,0.9732970027247957,2.199115350768739e-06,0,52.310559199999716
2,55,0.34061527187409607,0.9719346049046321,0.9732970027247957,1.8348172559178267e-06,0,52.26282309999988
2,56,0.3402123617089313,0.9719346049046321,0.9732970027247957,1.535383782021761e-06,0,52.22814049999988
2,57,0.3417399425869403,0.9719346049046321,0.9732970027247957,1.3016356554191274e-06,0,52.25085870000021
2,58,0.3406701987204344,0.9719346049046321,0.9732970027247957,1.1342135634773016e-06,0,52.298675900000035
2,59,0.3416327039832654,0.9724795640326975,0.9732970027247957,1.033576398512941e-06,0,52.29209039999978
