task_id,status,device,pid,queue_rank,estimated_seconds,elapsed_seconds,exit_code,started_unix,finished_unix,log_path,command_json,metadata_json,error
seed45_fold0,COMPLETE,cuda:0,90580,,6900.0,5641.714518785477,0,1786853891.507076,1786859533.2215948,<EXPERIMENT_ROOT>\phase2_controlled_validation\phase2f_seed45_46_confirmation\scheduler\logs\seed45_fold0.log,"[""{python}"", ""<EXPERIMENT_ROOT>\\phase2_controlled_validation\\phase2f_seed45_46_confirmation\\scripts\\train_one_dfag.py"", ""--seed"", ""45"", ""--fold"", ""0"", ""--device"", ""{device}""]","{""seed"": 45, ""fold"": 0, ""formal_training"": true, ""standalone_dynamic_dfag"": true, ""fixed_g_training"": false, ""anchor_sweep"": false, ""gating_source_ablation"": false, ""joint_model"": false, ""progressive_head"": false}",
seed46_fold0,COMPLETE,cuda:1,42128,,6900.0,7202.20022892952,0,1786853891.5080755,1786861093.7083044,<EXPERIMENT_ROOT>\phase2_controlled_validation\phase2f_seed45_46_confirmation\scheduler\logs\seed46_fold0.log,"[""{python}"", ""<EXPERIMENT_ROOT>\\phase2_controlled_validation\\phase2f_seed45_46_confirmation\\scripts\\train_one_dfag.py"", ""--seed"", ""46"", ""--fold"", ""0"", ""--device"", ""{device}""]","{""seed"": 46, ""fold"": 0, ""formal_training"": true, ""standalone_dynamic_dfag"": true, ""fixed_g_training"": false, ""anchor_sweep"": false, ""gating_source_ablation"": false, ""joint_model"": false, ""progressive_head"": false}",
seed45_fold1,COMPLETE,cuda:0,89880,,6900.0,5641.658019781113,0,1786859533.2255962,1786865174.883616,<EXPERIMENT_ROOT>\phase2_controlled_validation\phase2f_seed45_46_confirmation\scheduler\logs\seed45_fold1.log,"[""{python}"", ""<EXPERIMENT_ROOT>\\phase2_controlled_validation\\phase2f_seed45_46_confirmation\\scripts\\train_one_dfag.py"", ""--seed"", ""45"", ""--fold"", ""1"", ""--device"", ""{device}""]","{""seed"": 45, ""fold"": 1, ""formal_training"": true, ""standalone_dynamic_dfag"": true, ""fixed_g_training"": false, ""anchor_sweep"": false, ""gating_source_ablation"": false, ""joint_model"": false, ""progressive_head"": false}",
seed46_fold1,COMPLETE,cuda:1,87312,,6900.0,7232.205272674561,0,1786861093.7092981,1786868325.9145708,<EXPERIMENT_ROOT>\phase2_controlled_validation\phase2f_seed45_46_confirmation\scheduler\logs\seed46_fold1.log,"[""{python}"", ""<EXPERIMENT_ROOT>\\phase2_controlled_validation\\phase2f_seed45_46_confirmation\\scripts\\train_one_dfag.py"", ""--seed"", ""46"", ""--fold"", ""1"", ""--device"", ""{device}""]","{""seed"": 46, ""fold"": 1, ""formal_training"": true, ""standalone_dynamic_dfag"": true, ""fixed_g_training"": false, ""anchor_sweep"": false, ""gating_source_ablation"": false, ""joint_model"": false, ""progressive_head"": false}",
seed45_fold2,COMPLETE,cuda:0,45628,,6900.0,5641.815438985825,0,1786865174.8856091,1786870816.7010481,<EXPERIMENT_ROOT>\phase2_controlled_validation\phase2f_seed45_46_confirmation\scheduler\logs\seed45_fold2.log,"[""{python}"", ""<EXPERIMENT_ROOT>\\phase2_controlled_validation\\phase2f_seed45_46_confirmation\\scripts\\train_one_dfag.py"", ""--seed"", ""45"", ""--fold"", ""2"", ""--device"", ""{device}""]","{""seed"": 45, ""fold"": 2, ""formal_training"": true, ""standalone_dynamic_dfag"": true, ""fixed_g_training"": false, ""anchor_sweep"": false, ""gating_source_ablation"": false, ""joint_model"": false, ""progressive_head"": false}",
seed46_fold2,COMPLETE,cuda:1,83604,,6900.0,7202.258400678635,0,1786868325.917563,1786875528.1759636,<EXPERIMENT_ROOT>\phase2_controlled_validation\phase2f_seed45_46_confirmation\scheduler\logs\seed46_fold2.log,"[""{python}"", ""<EXPERIMENT_ROOT>\\phase2_controlled_validation\\phase2f_seed45_46_confirmation\\scripts\\train_one_dfag.py"", ""--seed"", ""46"", ""--fold"", ""2"", ""--device"", ""{device}""]","{""seed"": 46, ""fold"": 2, ""formal_training"": true, ""standalone_dynamic_dfag"": true, ""fixed_g_training"": false, ""anchor_sweep"": false, ""gating_source_ablation"": false, ""joint_model"": false, ""progressive_head"": false}",
seed45_fold3,COMPLETE,cuda:0,90540,,6900.0,5641.761251926422,0,1786870816.7020488,1786876458.4633007,<EXPERIMENT_ROOT>\phase2_controlled_validation\phase2f_seed45_46_confirmation\scheduler\logs\seed45_fold3.log,"[""{python}"", ""<EXPERIMENT_ROOT>\\phase2_controlled_validation\\phase2f_seed45_46_confirmation\\scripts\\train_one_dfag.py"", ""--seed"", ""45"", ""--fold"", ""3"", ""--device"", ""{device}""]","{""seed"": 45, ""fold"": 3, ""formal_training"": true, ""standalone_dynamic_dfag"": true, ""fixed_g_training"": false, ""anchor_sweep"": false, ""gating_source_ablation"": false, ""joint_model"": false, ""progressive_head"": false}",
seed46_fold3,COMPLETE,cuda:1,11092,,6900.0,7142.258107662201,0,1786875528.1769555,1786882670.4350631,<EXPERIMENT_ROOT>\phase2_controlled_validation\phase2f_seed45_46_confirmation\scheduler\logs\seed46_fold3.log,"[""{python}"", ""<EXPERIMENT_ROOT>\\phase2_controlled_validation\\phase2f_seed45_46_confirmation\\scripts\\train_one_dfag.py"", ""--seed"", ""46"", ""--fold"", ""3"", ""--device"", ""{device}""]","{""seed"": 46, ""fold"": 3, ""formal_training"": true, ""standalone_dynamic_dfag"": true, ""fixed_g_training"": false, ""anchor_sweep"": false, ""gating_source_ablation"": false, ""joint_model"": false, ""progressive_head"": false}",
seed45_fold4,COMPLETE,cuda:0,78332,,6900.0,5611.761355638504,0,1786876458.4642944,1786882070.22565,<EXPERIMENT_ROOT>\phase2_controlled_validation\phase2f_seed45_46_confirmation\scheduler\logs\seed45_fold4.log,"[""{python}"", ""<EXPERIMENT_ROOT>\\phase2_controlled_validation\\phase2f_seed45_46_confirmation\\scripts\\train_one_dfag.py"", ""--seed"", ""45"", ""--fold"", ""4"", ""--device"", ""{device}""]","{""seed"": 45, ""fold"": 4, ""formal_training"": true, ""standalone_dynamic_dfag"": true, ""fixed_g_training"": false, ""anchor_sweep"": false, ""gating_source_ablation"": false, ""joint_model"": false, ""progressive_head"": false}",
seed46_fold4,COMPLETE,cuda:0,15080,,6900.0,5641.604492664337,0,1786882070.2266438,1786887711.8311365,<EXPERIMENT_ROOT>\phase2_controlled_validation\phase2f_seed45_46_confirmation\scheduler\logs\seed46_fold4.log,"[""{python}"", ""<EXPERIMENT_ROOT>\\phase2_controlled_validation\\phase2f_seed45_46_confirmation\\scripts\\train_one_dfag.py"", ""--seed"", ""46"", ""--fold"", ""4"", ""--device"", ""{device}""]","{""seed"": 46, ""fold"": 4, ""formal_training"": true, ""standalone_dynamic_dfag"": true, ""fixed_g_training"": false, ""anchor_sweep"": false, ""gating_source_ablation"": false, ""joint_model"": false, ""progressive_head"": false}",
