stage,a,b,comparison,n,accuracy_a,accuracy_b,delta_b_minus_a_pp,ci95_low_pp,ci95_high_pp,bootstrap_replicates,bootstrap_seed,mcnemar_exact_two_sided_p,prediction_changed_n,n11,n10,n01,n00,correctness_discordant_n,macro_f1_a,macro_f1_b,macro_f1_delta,balanced_accuracy_a,balanced_accuracy_b,balanced_accuracy_delta
1,lambda_1_0,lambda_0_7,lambda_1_0_vs_lambda_0_7,18353,0.9771699449681251,0.9778782760311666,0.07083310630414674,-0.09262790824388384,0.22898163787933407,100000,20260807,0.42582327218693683,247,17827,107,120,299,227,0.9798218458294318,0.9806483349988018,0.0008264891693700038,0.97994217730586,0.9806048909558007,0.0006627136499407493
1,lambda_1_0,lambda_0_9,lambda_1_0_vs_lambda_0_9,18353,0.9771699449681251,0.9776058410069198,0.043589603879468086,-0.1253201111534899,0.2124993189124394,100000,20260807,0.6605876761736791,280,17811,123,131,288,254,0.9798218458294318,0.9799946888286267,0.00017284299919495538,0.97994217730586,0.9801220758609248,0.0001798985550648391
1,lambda_0_1,lambda_0_7,lambda_0_1_vs_lambda_0_7,18353,0.9780417370457146,0.9778782760311666,-0.016346101454800532,-0.17980711600283333,0.14711491309322727,100000,20260807,0.8962342571907211,257,17831,119,116,287,235,0.9807637320266768,0.9806483349988018,-0.00011539702787499717,0.980914416051217,0.9806048909558007,-0.00030952509541626316
1,lambda_0_1,lambda_0_9,lambda_0_1_vs_lambda_0_9,18353,0.9780417370457146,0.9776058410069198,-0.04358960387947919,-0.2124993189124394,0.1200076281806472,100000,20260807,0.6514690904071151,256,17826,124,116,287,240,0.9807637320266768,0.9799946888286267,-0.0007690431980500456,0.980914416051217,0.9801220758609248,-0.0007923401902921734
1,baseline,lambda_0_7,baseline_vs_lambda_0_7,18353,0.978096224050564,0.9778782760311666,-0.021794801939734043,-0.1908407344848234,0.15256361357816162,100000,20260807,0.8513150594929161,276,17821,130,126,276,256,0.9804859153537396,0.9806483349988018,0.00016241964506213957,0.9806850235977665,0.9806048909558007,-8.013264196582437e-05
1,baseline,lambda_0_9,baseline_vs_lambda_0_9,18353,0.978096224050564,0.9776058410069198,-0.0490383043644127,-0.22339671988230808,0.1253201111534899,100000,20260807,0.6232015327058867,286,17814,137,128,274,265,0.9804859153537396,0.9799946888286267,-0.0004912265251129089,0.9806850235977665,0.9801220758609248,-0.0005629477368417346
2,lambda_1_0,lambda_0_7,lambda_1_0_vs_lambda_0_7,18353,0.9756987958371929,0.9767340489293304,0.10352530921374781,-0.08173050727401515,0.2887811257015202,100000,20260807,0.296258124755004,325,17768,139,158,288,297,0.978143250804044,0.9797499388951227,0.0016066880910787784,0.97854205143374,0.9797805712198976,0.0012385197861576325
2,lambda_1_0,lambda_0_9,lambda_1_0_vs_lambda_0_9,18353,0.9756987958371929,0.9763526398953849,0.06538440581920213,-0.11987141066855556,0.2506402223069798,100000,20260807,0.5254419954235537,329,17763,144,156,290,300,0.978143250804044,0.9790540308719975,0.0009107800679535316,0.97854205143374,0.9791739741075378,0.0006319226737978578
2,lambda_0_1,lambda_0_7,lambda_0_1_vs_lambda_0_7,18353,0.9760802048711382,0.9767340489293304,0.06538440581921323,-0.09262790824388384,0.22339671988230808,100000,20260807,0.4604270859086362,245,17809,105,117,322,222,0.9787941010457127,0.9797499388951227,0.0009558378494100017,0.9788405826095335,0.9797805712198976,0.0009399886103640398
2,lambda_0_1,lambda_0_9,lambda_0_1_vs_lambda_0_9,18353,0.9760802048711382,0.9763526398953849,0.027243502424667554,-0.14711491309322727,0.19615321745763636,100000,20260807,0.8037688966992537,286,17787,127,132,307,259,0.9787941010457127,0.9790540308719975,0.0002599298262847549,0.9788405826095335,0.9791739741075378,0.00033339149800426515
2,baseline,lambda_0_7,baseline_vs_lambda_0_7,18353,0.977006483953577,0.9767340489293304,-0.027243502424667554,-0.20705061842750505,0.15256361357816162,100000,20260807,0.8121068752427945,303,17787,144,139,283,283,0.9794666252816362,0.9797499388951227,0.0002833136134865466,0.979518480274696,0.9797805712198976,0.0002620909452015763
2,baseline,lambda_0_9,baseline_vs_lambda_0_9,18353,0.977006483953577,0.9763526398953849,-0.06538440581921323,-0.2506402223069798,0.11987141066855556,100000,20260807,0.5240556839708721,322,17776,155,143,279,298,0.9794666252816362,0.9790540308719975,-0.0004125944096387002,0.979518480274696,0.9791739741075378,-0.0003445061671581984
