iteration,loss,lr,stage
0,7.053922176361084,0.01,1
100,6.780813694000244,0.01,1
200,6.4204421043396,0.01,1
300,6.191070556640625,0.01,1
400,5.9959306716918945,0.01,1
500,5.7548508644104,0.01,1
600,5.583594799041748,0.01,1
700,5.437170505523682,0.01,1
800,5.318909645080566,0.01,1
900,5.284403324127197,0.01,1
1000,5.087690353393555,0.01,1
1100,5.080315113067627,0.01,1
1200,4.883561611175537,0.01,1
1300,4.702281951904297,0.01,1
1400,4.600546836853027,0.01,1
1500,4.395932197570801,0.01,1
1600,4.4763407707214355,0.01,1
1700,4.387417316436768,0.01,1
1800,4.538853645324707,0.01,1
1900,4.429263114929199,0.01,1
2000,4.346429824829102,0.01,1
2100,4.170227527618408,0.01,1
2200,3.987931489944458,0.01,1
2300,4.033169269561768,0.01,1
2400,3.874774932861328,0.01,1
2500,4.0911149978637695,0.01,1
2600,3.7400145530700684,0.01,1
2700,3.6444263458251953,0.01,1
2800,3.9158880710601807,0.01,1
2900,3.7554242610931396,0.01,1
3000,3.7287073135375977,0.01,1
3100,3.696897029876709,0.01,1
3200,3.698596954345703,0.01,1
3300,3.5886292457580566,0.01,1
3400,3.583378791809082,0.01,1
3500,3.5526621341705322,0.01,1
3600,3.3050034046173096,0.01,1
3700,3.2334749698638916,0.01,1
3800,3.0927224159240723,0.01,1
3900,3.343337059020996,0.01,1
4000,3.298337697982788,0.01,1
4100,3.150911808013916,0.01,1
4200,3.2189719676971436,0.01,1
4300,3.089141607284546,0.01,1
4400,3.1479105949401855,0.01,1
4500,3.196364641189575,0.01,1
4600,3.1601667404174805,0.01,1
4700,2.9384655952453613,0.01,1
4800,2.889554738998413,0.01,1
4900,2.834284782409668,0.01,1
5000,2.9745230674743652,0.01,1
5100,3.0583510398864746,0.01,1
5200,2.9375123977661133,0.01,1
5300,2.7688441276550293,0.01,1
5400,2.945371150970459,0.01,1
5500,3.0113091468811035,0.01,1
5600,3.071199893951416,0.01,1
5700,2.602285861968994,0.01,1
5800,2.7474255561828613,0.01,1
5900,2.9498651027679443,0.01,1
6000,2.8432374000549316,0.001,1
6100,2.495532989501953,0.001,1
6200,2.468787431716919,0.001,1
6300,2.5741159915924072,0.001,1
6400,2.5208964347839355,0.001,1
6500,2.594895839691162,0.001,1
6600,2.406186580657959,0.001,1
6700,2.4270882606506348,0.001,1
6800,2.4020955562591553,0.001,1
6900,2.703540563583374,0.001,1
7000,2.549083709716797,0.001,1
7100,2.559654474258423,0.001,1
7200,2.5648531913757324,0.001,1
7300,2.5348777770996094,0.001,1
7400,2.7063465118408203,0.001,1
7500,2.298724889755249,0.001,1
7600,2.3477466106414795,0.001,1
7700,2.5290887355804443,0.001,1
7800,2.787245750427246,0.001,1
7900,2.413255214691162,0.001,1
8000,2.391967535018921,0.001,1
8100,2.3621180057525635,0.001,1
8200,2.3628644943237305,0.001,1
8300,2.414982795715332,0.001,1
8400,2.267289638519287,0.001,1
8500,2.5145130157470703,0.001,1
8600,2.464702844619751,0.001,1
8700,2.400021553039551,0.001,1
8800,2.2784485816955566,0.001,1
8900,2.5600743293762207,0.001,1
8999,2.4029436111450195,0.001,1
